term,frequency,rank
blood,3956,1
skin,3798,2
anesthesia,3707,3
incision,3601,4
removed,3532,5
year,3504,6
room,3502,7
diagnosis,3212,8
general,3064,9
artery,3027,10
anterior,2932,11
back,2731,12
disease,2685,13
past,2674,14
chest,2631,15
examination,2578,16
position,2576,17
lower,2462,18
fashion,2445,19
neck,2424,20
negative,2374,21
present,2368,22
made,2352,23
upper,2324,24
pressure,2284,25
closed,2279,26
medications,2256,27
posterior,2254,28
postoperative,2241,29
lateral,2190,30
vicryl,2189,31
abdomen,2186,32
obtained,2181,33
medical,2172,34
operating,2151,35
approximately,2147,36
clear,2139,37
heart,2129,38
significant,2129,39
preoperative,2106,40
surgery,2089,41
evidence,2074,42
tissue,2041,43
condition,1971,44
exam,1967,45
side,1964,46
suture,1945,47
small,1917,48
sterile,1914,49
denies,1906,50
stable,1903,51
catheter,1881,52
physical,1867,53
bilaterally,1860,54
done,1847,55
intact,1839,56
seen,1821,57
loss,1796,58
prepped,1792,59
care,1790,60
mild,1786,61
distal,1785,62
family,1779,63
daily,1777,64
complications,1777,65
extremities,1740,66
head,1738,67
wound,1738,68
symptoms,1736,69
draped,1716,70
none,1713,71
bilateral,1699,72
plan,1675,73
level,1660,74
identified,1660,75
prior,1658,76
rate,1632,77
coronary,1619,78
signs,1614,79
brought,1595,80
diagnoses,1592,81
next,1592,82
bleeding,1591,83
bone,1568,84
surgical,1555,85
hospital,1550,86
soft,1544,87
needle,1506,88
acute,1504,89
bladder,1501,90
proximal,1491,91
muscle,1487,92
dissection,1487,93
female,1474,94
medial,1464,95
allergies,1463,96
found,1459,97
nerve,1437,98
abdominal,1431,99
tube,1407,100
tolerated,1406,101
years,1393,102
status,1391,103
bowel,1390,104
mass,1388,105
point,1383,106
chronic,1383,107
discussed,1370,108
today,1360,109
applied,1355,110
cervical,1337,111
first,1337,112
unremarkable,1331,113
review,1315,114
evaluation,1314,115
fascia,1313,116
knee,1312,117
difficulty,1292,118
hemostasis,1292,119
discharge,1289,120
weight,1269,121
treatment,1268,122
joint,1261,123
home,1258,124
last,1251,125
recovery,1244,126
foot,1241,127
states,1234,128
illness,1227,129
extremity,1225,130
pulmonary,1209,131
weeks,1191,132
place,1189,133
subcutaneous,1184,134
revealed,1183,135
post,1179,136
vital,1160,137
stenosis,1160,138
attention,1159,139
sutures,1157,140
usual,1157,141
large,1154,142
impression,1152,143
vein,1151,144
risks,1143,145
total,1138,146
femoral,1137,147
multiple,1131,148
regular,1130,149
edema,1128,150
aspect,1127,151
problems,1124,152
systems,1121,153
could,1112,154
severe,1111,155
supine,1110,156
site,1108,157
hypertension,1107,158
white,1106,159
male,1105,160
second,1104,161
inserted,1104,162
renal,1083,163
operative,1081,164
infection,1079,165
fracture,1077,166
since,1076,167
lesion,1074,168
changes,1066,169
consent,1061,170
throughout,1054,171
midline,1048,172
appropriate,1036,173
tendon,1024,174
respiratory,1020,175
carried,1016,176
therapy,1016,177
mother,1006,178
inferior,998,179
social,997,180
secondary,997,181
wall,993,182
positive,988,183
spine,985,184
running,984,185
interrupted,983,186
ligament,978,187
nasal,974,188
size,973,189
along,963,190
tumor,958,191
follow,957,192
irrigated,955,193
fluid,955,194
pulse,952,195
elevated,951,196
followed,951,197
appeared,946,198
endotracheal,944,199
previous,942,200
minutes,941,201
estimated,937,202
lesions,934,203
cancer,931,204
blade,929,205
cardiac,924,206
full,923,207
portion,920,208
rhythm,911,209
possible,911,210
emergency,911,211
french,909,212
heent,907,213
high,899,214
week,897,215
superior,897,216
course,895,217
table,894,218
biopsy,892,219
space,886,220
breath,885,221
free,880,222
external,880,223
months,878,224
body,875,225
sent,865,226
scan,862,227
breast,858,228
motion,857,229
disc,857,230
masses,854,231
assessment,853,232
need,853,233
felt,852,234
moderate,850,235
hours,837,236
region,834,237
diabetes,832,238
cord,832,239
dissected,830,240
carotid,828,241
around,827,242
operation,824,243
increased,816,244
times,814,245
current,814,246
weakness,811,247
motor,809,248
adequate,807,249
admitted,806,250
placement,803,251
indications,801,252
distress,801,253
minimal,795,254
count,791,255
sounds,790,256
developed,789,257
advanced,789,258
informed,787,259
shoulder,787,260
deep,783,261
shows,782,262
lobe,780,263
range,778,264
currently,777,265
lungs,777,266
continue,776,267
local,775,268
type,773,269
technique,771,270
tenderness,766,271
injury,764,272
started,761,273
wire,761,274
ventricular,758,275
detail,757,276
nontender,754,277
decreased,751,278
internal,751,279
several,750,280
saline,745,281
underwent,744,282
lumbar,743,283
spinal,742,284
dorsal,736,285
drug,734,286
transverse,732,287
sheath,732,288
alert,730,289
atrial,728,290
sinus,728,291
alcohol,725,292
otherwise,725,293
admission,723,294
vomiting,723,295
swelling,719,296
valve,719,297
long,713,298
consistent,712,299
injected,712,300
transferred,712,301
nausea,710,302
colon,701,303
uterus,701,304
appears,698,305
open,695,306
sleep,693,307
benefits,691,308
recent,690,309
complete,689,310
lung,688,311
subsequently,687,312
temperature,686,313
passed,685,314
complaint,682,315
aortic,679,316
amount,679,317
test,679,318
risk,677,319
description,676,320
turned,676,321
repair,675,322
closure,675,323
function,674,324
additional,674,325
office,674,326
tourniquet,674,327
dressing,673,328
lidocaine,671,329
failure,668,330
length,666,331
shortness,664,332
urine,662,333
fever,661,334
liver,658,335
reported,658,336
ankle,656,337
less,655,338
reviewed,653,339
visualized,651,340
case,649,341
pounds,647,342
electrocautery,646,343
known,643,344
cavity,642,345
light,641,346
oral,638,347
brain,636,348
procedures,632,349
followup,632,350
contrast,629,351
satisfactory,627,352
system,625,353
change,624,354
syndrome,623,355
discharged,621,356
cardiovascular,621,357
port,618,358
continued,617,359
department,616,360
vessel,615,361
graft,614,362
night,613,363
reports,613,364
reason,609,365
morning,608,366
received,606,367
reveals,605,368
neurologic,605,369
like,604,370
sedation,604,371
treated,603,372
work,601,373
laboratory,598,374
pathology,598,375
direct,598,376
solution,597,377
taking,595,378
base,593,379
hernia,592,380
strength,591,381
flap,590,382
vision,589,383
muscles,588,384
removal,587,385
presented,587,386
anesthetic,586,387
note,585,388
middle,585,389
screws,583,390
carefully,580,391
excellent,579,392
stent,575,393
thyroid,574,394
make,574,395
cell,570,396
medication,569,397
month,567,398
scissors,567,399
chief,566,400
administered,564,401
auscultation,564,402
proceed,560,403
control,559,404
hand,558,405
antibiotics,556,406
completed,554,407
pelvis,554,408
metatarsal,552,409
line,547,410
limits,547,411
associated,546,412
supple,544,413
oriented,544,414
mucosa,542,415
nose,540,416
degrees,539,417
marcaine,537,418
previously,536,419
clinic,535,420
going,534,421
areas,534,422
abnormalities,533,423
kidney,532,424
unable,532,425
active,531,426
still,531,427
return,528,428
ultrasound,528,429
dose,528,430
canal,528,431
data,525,432
murmur,524,433
laterally,524,434
abnormal,523,435
pelvic,522,436
correct,520,437
central,520,438
slightly,520,439
lymph,520,440
venous,518,441
initially,517,442
vascular,517,443
tissues,517,444
denied,515,445
study,514,446
studies,513,447
opened,510,448
descending,510,449
flow,509,450
although,509,451
greater,508,452
block,508,453
sponge,507,454
sensory,507,455
surface,507,456
prostate,505,457
presents,503,458
recurrent,503,459
needed,501,460
questions,500,461
resection,500,462
mouth,499,463
equal,499,464
visualization,499,465
secured,498,466
specimen,498,467
rest,498,468
sharp,497,469
activity,497,470
mmhg,496,471
achieved,496,472
tear,495,473
throat,493,474
compression,491,475
cough,491,476
across,488,477
aorta,488,478
grade,487,479
include,486,480
scope,486,481
likely,485,482
carpal,485,483
recently,484,484
third,484,485
primary,484,486
every,483,487
stomach,479,488
subcuticular,479,489
directed,479,490
round,479,491
vaginal,479,492
completely,478,493
visual,478,494
speech,477,495
cuff,477,496
bovie,476,497
demonstrated,476,498
described,475,499
much,473,500
reflexes,473,501
palpable,473,502
quadrant,473,503
better,471,504
drain,470,505
common,469,506
eyes,468,507
gait,467,508
stated,467,509
injection,467,510
obstruction,466,511
confirmed,466,512
returned,466,513
pulses,465,514
uterine,464,515
stress,463,516
quite,463,517
diet,462,518
father,462,519
standard,461,520
branch,460,521
results,458,522
visit,457,523
urinary,456,524
minute,456,525
plantar,456,526
gallbladder,455,527
patent,455,528
divided,453,529
unit,452,530
complaints,452,531
manner,452,532
plate,450,533
stage,449,534
pupils,449,535
incised,446,536
cautery,445,537
facial,445,538
extended,445,539
rectal,444,540
reactive,444,541
based,444,542
prolene,443,543
creatinine,443,544
epinephrine,442,545
evaluated,442,546
disk,442,547
entire,440,548
main,440,549
headaches,440,550
explained,437,551
hemoglobin,437,552
went,436,553
little,435,554
take,435,555
nylon,435,556
related,434,557
improved,432,558
sided,432,559
clinical,432,560
appear,431,561
entered,431,562
screw,428,563
process,427,564
units,427,565
nerves,426,566
consultation,426,567
depression,425,568
began,424,569
report,424,570
diagnosed,424,571
capsule,423,572
therefore,423,573
child,423,574
adhesions,421,575
foley,420,576
grossly,420,577
layer,418,578
physician,418,579
reduction,418,580
recommended,417,581
blunt,416,582
marked,414,583
carcinoma,413,584
single,411,585
monocryl,411,586
temporal,410,587
pleasant,409,588
grasped,409,589
diarrhea,409,590
feet,407,591
images,407,592
short,406,593
drainage,406,594
irrigation,406,595
peripheral,406,596
similar,406,597
palpation,405,598
created,405,599
abcd,405,600
fixation,404,601
erythema,404,602
scalpel,403,603
tunnel,402,604
insertion,402,605
utilizing,401,606
testing,400,607
later,400,608
sensation,400,609
vessels,399,610
initial,399,611
guidewire,398,612
repeat,398,613
fibrillation,396,614
regarding,396,615
partial,395,616
disorder,395,617
counts,394,618
management,394,619
numbness,394,620
help,393,621
distally,392,622
cervix,391,623
remaining,391,624
diagnostic,391,625
pregnancy,391,626
addition,390,627
controlled,390,628
decompression,389,629
neurological,389,630
twice,387,631
lives,386,632
balloon,386,633
except,386,634
inguinal,386,635
intraoperative,386,636
ligated,385,637
cranial,384,638
remove,384,639
musculoskeletal,384,640
deformity,383,641
lymphadenopathy,382,642
bony,382,643
enlarged,382,644
effusion,381,645
nodes,381,646
face,381,647
defect,380,648
silk,378,649
aspirin,378,650
half,377,651
degenerative,377,652
vertebral,377,653
antibiotic,376,654
respirations,376,655
oxygen,376,656
clamp,375,657
came,375,658
laparoscopic,374,659
steri,373,660
root,372,661
degree,372,662
hour,372,663
potassium,372,664
cyanosis,371,665
gross,370,666
psychiatric,370,667
proximally,369,668
chamber,368,669
suite,368,670
stitch,368,671
retracted,368,672
asked,368,673
excised,367,674
section,367,675
appearing,367,676
normocephalic,367,677
tibial,366,678
final,365,679
delivery,365,680
catheterization,365,681
pneumonia,365,682
movements,363,683
field,363,684
oropharynx,363,685
strips,362,686
chills,362,687
outpatient,362,688
discomfort,362,689
residual,362,690
bypass,361,691
systolic,360,692
instructions,360,693
complex,360,694
indication,359,695
order,359,696
guide,359,697
structures,358,698
inspected,358,699
trocar,358,700
close,357,701
anemia,356,702
hematoma,354,703
told,353,704
referred,353,705
ventricle,352,706
utilized,352,707
problem,352,708
excision,351,709
obvious,351,710
esophagus,350,711
easily,350,712
glucose,349,713
thought,347,714
aspiration,347,715
bipolar,346,716
membranes,346,717
limited,345,718
appearance,345,719
teeth,345,720
positioned,345,721
focal,344,722
gentleman,342,723
tobacco,342,724
benign,342,725
flexion,342,726
probably,341,727
near,340,728
released,340,729
layers,340,730
hearing,340,731
rectus,340,732
finger,339,733
anteriorly,338,734
anastomosis,337,735
segment,337,736
please,337,737
ulnar,337,738
died,336,739
copiously,336,740
underlying,336,741
away,336,742
dilated,335,743
extubated,335,744
chart,335,745
device,334,746
extension,334,747
baby,333,748
circumflex,333,749
healthy,331,750
suction,331,751
fusion,331,752
pleural,331,753
node,330,754
remained,329,755
parents,329,756
increase,328,757
episodes,328,758
apparently,327,759
epidural,327,760
recommendations,327,761
copious,326,762
show,325,763
mental,324,764
somewhat,323,765
straight,323,766
cannula,322,767
check,322,768
another,321,769
reapproximated,321,770
trachea,321,771
resected,321,772
superficial,321,773
axis,321,774
tongue,321,775
poor,320,776
children,320,777
material,319,778
tubes,319,779
adenopathy,318,780
mentioned,318,781
plain,318,782
cyst,318,783
fifth,318,784
medially,317,785
issues,317,786
worse,316,787
health,315,788
incisions,315,789
release,315,790
radial,315,791
peritoneum,315,792
daughter,315,793
number,314,794
apparent,313,795
flushed,313,796
stroke,312,797
double,312,798
center,312,799
wife,312,800
smoking,311,801
osteotomy,311,802
wrist,311,803
improvement,310,804
headache,310,805
biopsies,310,806
clock,310,807
tone,310,808
ring,309,809
arteries,308,810
arthritis,307,811
scar,307,812
suctioned,307,813
fluids,307,814
diffuse,307,815
resolved,306,816
forceps,306,817
think,305,818
either,305,819
cystic,305,820
sites,305,821
diameter,304,822
betadine,304,823
septum,303,824
intravenous,303,825
call,303,826
perform,303,827
extending,302,828
introduced,302,829
rash,302,830
term,302,831
colonoscopy,302,832
clubbing,302,833
alternatives,301,834
lead,301,835
protein,301,836
tract,300,837
completion,300,838
clamped,300,839
capsular,300,840
delivered,299,841
axillary,299,842
activities,299,843
presentation,298,844
occasional,298,845
duct,298,846
movement,298,847
levels,297,848
radiation,297,849
rule,295,850
cells,295,851
echocardiogram,294,852
routine,294,853
posteriorly,294,854
married,293,855
coumadin,293,856
iliac,293,857
sign,293,858
junction,292,859
transected,292,860
component,291,861
appreciated,290,862
cartilage,290,863
moist,290,864
workup,288,865
chromic,288,866
hematocrit,288,867
said,288,868
atraumatic,288,869
abuse,288,870
shunt,288,871
exposed,287,872
exposure,287,873
abscess,287,874
breathing,287,875
extensive,286,876
inch,286,877
staples,286,878
gauge,286,879
memory,286,880
difficult,285,881
calcium,285,882
rays,285,883
information,285,884
husband,285,885
intervention,284,886
response,284,887
onset,283,888
part,283,889
edges,282,890
culture,282,891
subjective,281,892
eight,281,893
approximated,281,894
actually,281,895
least,281,896
state,281,897
saturation,281,898
floor,280,899
drill,280,900
trial,280,901
pedicle,280,902
immediately,280,903
details,279,904
murmurs,279,905
needs,279,906
imaging,278,907
flexor,278,908
drains,278,909
episode,278,910
fluoroscopy,278,911
instructed,278,912
tooth,277,913
inspection,277,914
ears,277,915
height,277,916
reflux,276,917
feel,276,918
obstructive,276,919
inferiorly,276,920
insulin,276,921
involving,276,922
allowed,275,923
seems,275,924
amounts,275,925
frontal,275,926
superiorly,274,927
lens,274,928
measuring,274,929
myocardial,274,930
towards,273,931
view,273,932
reflected,273,933
great,272,934
continuous,272,935
longus,272,936
scheduled,271,937
anxiety,271,938
sutured,270,939
woman,270,940
dura,270,941
ejection,269,942
specimens,269,943
feeling,269,944
cultures,269,945
elbow,269,946
feels,268,947
appropriately,268,948
knife,268,949
fetal,268,950
stool,267,951
provided,267,952
withdrawn,267,953
examined,266,954
pacemaker,265,955
school,265,956
oblique,265,957
replacement,264,958
monitoring,264,959
lumen,264,960
self,264,961
allow,264,962
angiogram,263,963
inflated,263,964
checked,263,965
contact,263,966
extensor,263,967
trauma,262,968
fall,262,969
foreign,261,970
access,261,971
ureteral,261,972
required,261,973
hemorrhage,261,974
afebrile,260,975
thigh,260,976
fevers,260,977
seizure,259,978
tied,258,979
warm,258,980
versus,258,981
accident,257,982
unknown,257,983
sodium,257,984
thoracic,256,985
continues,256,986
avoid,256,987
overall,255,988
bruits,255,989
vitamin,254,990
airway,254,991
symmetric,254,992
mildly,253,993
period,253,994
gave,253,995
prescription,252,996
infiltrated,252,997
mellitus,252,998
nourished,252,999
measures,252,1000
gastric,251,1001
mitral,251,1002
separate,251,1003
simple,251,1004
worsening,251,1005
awake,251,1006
early,250,1007
caucasian,250,1008
allergic,249,1009
hypertrophy,249,1010
obtain,249,1011
notes,249,1012
infant,249,1013
angiography,249,1014
legs,248,1015
views,248,1016
plane,248,1017
awakened,248,1018
measured,248,1019
sharply,248,1020
gastrointestinal,248,1021
joints,248,1022
flat,248,1023
included,248,1024
angle,247,1025
reduced,247,1026
rectum,247,1027
decided,247,1028
fraction,246,1029
overlying,246,1030
appendix,246,1031
phalanx,246,1032
sure,245,1033
longitudinal,245,1034
palate,245,1035
affect,244,1036
opening,244,1037
takes,243,1038
slight,243,1039
xylocaine,243,1040
evaluate,243,1041
stay,243,1042
nondistended,242,1043
palpated,242,1044
margin,242,1045
seizures,242,1046
food,241,1047
held,241,1048
veins,241,1049
fluoroscopic,241,1050
speculum,241,1051
fairly,240,1052
tylenol,240,1053
penis,240,1054
fact,240,1055
result,240,1056
date,239,1057
metzenbaum,239,1058
mood,239,1059
exercise,238,1060
service,238,1061
answered,238,1062
rashes,238,1063
pole,238,1064
advised,238,1065
nature,237,1066
possibility,237,1067
discussion,237,1068
laceration,237,1069
getting,237,1070
versed,237,1071
implant,236,1072
increasing,236,1073
many,235,1074
pack,235,1075
extraocular,235,1076
took,235,1077
undergo,235,1078
fatigue,235,1079
available,234,1080
whether,234,1081
volume,234,1082
discectomy,234,1083
instrument,233,1084
illicit,233,1085
hematuria,233,1086
became,233,1087
asthma,232,1088
progressive,232,1089
proceeded,232,1090
peritoneal,232,1091
major,232,1092
patella,232,1093
intubated,231,1094
pending,231,1095
comes,231,1096
noticed,231,1097
inches,231,1098
walking,230,1099
disposition,230,1100
intermittent,230,1101
thin,230,1102
monitored,229,1103
rotator,229,1104
support,228,1105
persistent,228,1106
ligaments,228,1107
touch,228,1108
foramen,227,1109
cataract,227,1110
marginal,227,1111
possibly,226,1112
working,225,1113
apnea,225,1114
appointment,225,1115
options,225,1116
future,225,1117
chemotherapy,225,1118
radiculopathy,225,1119
understood,224,1120
surrounding,224,1121
walk,223,1122
dyspnea,223,1123
wheezing,222,1124
pressures,222,1125
pink,222,1126
attached,222,1127
branches,221,1128
smoke,221,1129
stone,221,1130
septal,221,1131
pattern,220,1132
hysterectomy,220,1133
dressings,220,1134
even,219,1135
dental,219,1136
regurgitation,218,1137
ascending,218,1138
edge,218,1139
indicated,218,1140
induced,218,1141
give,218,1142
narrowing,217,1143
congestion,217,1144
yesterday,217,1145
modified,217,1146
decrease,217,1147
microscope,217,1148
retractor,216,1149
sitting,216,1150
nursing,216,1151
subclavian,216,1152
cutting,215,1153
cannot,215,1154
clean,215,1155
significantly,214,1156
tests,214,1157
wounds,214,1158
maintained,214,1159
packed,214,1160
toes,214,1161
especially,213,1162
according,213,1163
arterial,212,1164
separated,212,1165
agreed,212,1166
says,211,1167
curved,211,1168
metastatic,211,1169
polyps,210,1170
incontinence,210,1171
sagittal,210,1172
groin,210,1173
heparin,209,1174
clamps,209,1175
wedge,209,1176
american,209,1177
insufficiency,208,1178
intubation,208,1179
deficits,208,1180
noncontributory,208,1181
living,208,1182
consult,208,1183
transported,208,1184
alignment,208,1185
eating,207,1186
cerebral,207,1187
cholecystectomy,207,1188
really,207,1189
remainder,207,1190
ureter,207,1191
sister,207,1192
signal,207,1193
atrium,206,1194
brief,206,1195
sides,206,1196
linear,206,1197
rotation,206,1198
protocol,206,1199
obesity,205,1200
stopped,205,1201
attempt,205,1202
improve,205,1203
start,205,1204
urethra,205,1205
rubs,205,1206
ordered,205,1207
facet,205,1208
border,205,1209
painful,204,1210
apex,204,1211
brother,204,1212
sclerae,204,1213
infarction,204,1214
recommend,204,1215
neuropathy,204,1216
forearm,203,1217
herniated,203,1218
pulled,202,1219
drugs,202,1220
location,202,1221
thyromegaly,202,1222
elevation,202,1223
puncture,202,1224
scalp,202,1225
objective,201,1226
umbilicus,201,1227
connected,201,1228
bluntly,201,1229
slowly,201,1230
endoscopy,200,1231
fistula,200,1232
interval,200,1233
hole,199,1234
form,199,1235
sigmoid,199,1236
prominent,199,1237
basis,199,1238
excess,198,1239
station,198,1240
never,198,1241
potential,197,1242
occurred,197,1243
retrograde,197,1244
polyp,197,1245
cross,197,1246
diagonal,197,1247
approach,196,1248
margins,196,1249
inflammatory,195,1250
inflammation,195,1251
dressed,195,1252
proper,195,1253
genitourinary,195,1254
dysphagia,195,1255
though,195,1256
frequency,194,1257
essentially,194,1258
necessary,194,1259
pacu,193,1260
combination,193,1261
demonstrates,193,1262
esophageal,193,1263
color,192,1264
filled,192,1265
gland,192,1266
attempted,192,1267
surgeries,192,1268
posterolateral,192,1269
instrumentation,192,1270
summary,191,1271
prednisone,191,1272
cooperative,191,1273
functional,191,1274
complaining,191,1275
wires,191,1276
biceps,191,1277
platelet,191,1278
thickening,190,1279
starting,190,1280
hospitalization,190,1281
median,190,1282
cecum,190,1283
figure,190,1284
tympanic,190,1285
involved,190,1286
person,190,1287
plus,190,1288
hands,190,1289
thickness,189,1290
dysfunction,189,1291
thoroughly,189,1292
cleared,189,1293
atrophy,189,1294
aneurysm,189,1295
nucleus,188,1296
vagina,188,1297
cause,188,1298
spontaneous,188,1299
mucosal,188,1300
monitor,188,1301
hypothyroidism,188,1302
cleaned,187,1303
appetite,187,1304
african,187,1305
couple,186,1306
spondylosis,186,1307
induction,185,1308
knees,185,1309
meds,185,1310
horizontal,185,1311
locking,185,1312
palpitations,185,1313
congestive,184,1314
reveal,184,1315
sterilely,184,1316
tension,184,1317
decision,184,1318
digital,184,1319
consisting,184,1320
effect,184,1321
reaction,184,1322
caliber,183,1323
requiring,183,1324
best,183,1325
changed,183,1326
umbilical,182,1327
stimulation,182,1328
planned,182,1329
swallowing,182,1330
identify,182,1331
lasix,182,1332
cement,182,1333
padded,181,1334
careful,181,1335
occasionally,181,1336
ovary,181,1337
femur,181,1338
orbital,181,1339
pericardial,180,1340
pocket,180,1341
removing,180,1342
complains,180,1343
debridement,180,1344
outside,179,1345
organomegaly,179,1346
cauterized,179,1347
image,179,1348
cystoscopy,179,1349
fascial,179,1350
ports,179,1351
fossa,179,1352
injuries,179,1353
tested,179,1354
vehicle,179,1355
interspace,179,1356
chloride,179,1357
drink,178,1358
flank,178,1359
cold,178,1360
gallops,178,1361
testis,178,1362
fully,178,1363
appendectomy,178,1364
adjacent,178,1365
hepatosplenomegaly,178,1366
adrenal,178,1367
jugular,178,1368
provide,177,1369
doctor,177,1370
holding,177,1371
hyperlipidemia,177,1372
probe,177,1373
rongeur,177,1374
tibia,177,1375
plaque,177,1376
cholesterol,176,1377
encountered,176,1378
symmetrical,176,1379
worked,175,1380
wheezes,175,1381
benefit,175,1382
water,175,1383
prepared,175,1384
anesthetized,175,1385
constipation,175,1386
moved,175,1387
feeding,175,1388
guidance,175,1389
drops,175,1390
finally,175,1391
prolonged,175,1392
dizziness,175,1393
called,175,1394
tachycardia,175,1395
sinuses,175,1396
cognitive,174,1397
failed,174,1398
retractors,174,1399
preoperatively,173,1400
spleen,173,1401
abnormality,173,1402
showing,173,1403
requested,173,1404
fine,173,1405
pump,173,1406
urinalysis,173,1407
tablet,173,1408
bandage,173,1409
evening,173,1410
angioplasty,173,1411
lost,172,1412
dysuria,172,1413
verified,172,1414
percussion,172,1415
established,172,1416
consider,172,1417
hardware,172,1418
enlargement,171,1419
maximum,171,1420
located,171,1421
already,171,1422
mucous,171,1423
hemostatic,171,1424
keep,171,1425
prone,171,1426
intraocular,171,1427
axial,171,1428
bronchoscope,171,1429
osteoarthritis,170,1430
parietal,170,1431
know,170,1432
immediate,170,1433
constitutional,170,1434
hard,170,1435
iron,170,1436
reflex,170,1437
origin,169,1438
hemostat,169,1439
fourth,169,1440
birth,169,1441
safety,169,1442
series,168,1443
experienced,168,1444
elected,168,1445
stitches,168,1446
accomplished,168,1447
vena,168,1448
auditory,168,1449
patellar,168,1450
fractures,168,1451
neural,168,1452
reconstruction,167,1453
frequent,167,1454
seconds,167,1455
scale,167,1456
lithotomy,167,1457
moderately,167,1458
permanent,167,1459
conjunctivae,167,1460
tender,167,1461
patch,167,1462
conservative,167,1463
perforation,167,1464
thrombosis,166,1465
obese,166,1466
analysis,166,1467
december,166,1468
underneath,166,1469
tablets,166,1470
records,166,1471
labs,165,1472
reportedly,165,1473
occlusion,164,1474
difficulties,164,1475
saphenous,164,1476
syncope,164,1477
cortical,164,1478
contents,163,1479
genitalia,163,1480
prophylaxis,163,1481
transfer,163,1482
rotated,163,1483
injections,163,1484
cava,163,1485
require,162,1486
hepatitis,162,1487
irregular,162,1488
repaired,162,1489
bodies,162,1490
specific,162,1491
entry,162,1492
heard,162,1493
come,161,1494
veress,161,1495
observed,161,1496
arms,161,1497
thus,161,1498
platelets,161,1499
despite,161,1500
fentanyl,161,1501
refill,161,1502
dementia,161,1503
might,160,1504
cigarettes,160,1505
impacted,160,1506
flaps,160,1507
drawn,160,1508
smooth,160,1509
hallux,160,1510
collateral,160,1511
ovarian,160,1512
stab,159,1513
primarily,159,1514
relatively,159,1515
conduction,159,1516
band,158,1517
preserved,158,1518
sweats,158,1519
compartment,158,1520
esmarch,158,1521
complained,158,1522
herniation,158,1523
portal,158,1524
maxillary,158,1525
fold,157,1526
impairment,157,1527
probable,157,1528
question,157,1529
generalized,157,1530
loose,157,1531
mandible,157,1532
ischemic,156,1533
baseline,156,1534
scrotal,156,1535
vicodin,156,1536
clips,156,1537
neurovascular,156,1538
traction,156,1539
prevent,156,1540
wave,156,1541
works,156,1542
nuclear,156,1543
seemed,155,1544
ulcer,155,1545
bedtime,155,1546
lisinopril,155,1547
young,155,1548
concerns,155,1549
quit,155,1550
allograft,155,1551
duodenum,154,1552
endocrine,154,1553
articular,154,1554
resting,154,1555
diabetic,153,1556
transplant,153,1557
title,153,1558
freed,153,1559
lumbosacral,153,1560
clearly,153,1561
etiology,153,1562
ointment,152,1563
repeated,152,1564
covered,152,1565
tonsil,152,1566
replaced,151,1567
name,151,1568
obtaining,151,1569
rales,151,1570
output,151,1571
capillary,151,1572
dominant,151,1573
believe,151,1574
perfusion,151,1575
beats,151,1576
tried,150,1577
postop,150,1578
aspirated,150,1579
mixture,150,1580
nipple,150,1581
maternal,150,1582
gastroesophageal,149,1583
includes,149,1584
different,149,1585
factors,149,1586
ahead,149,1587
plavix,149,1588
absent,149,1589
written,148,1590
portions,148,1591
gauze,148,1592
percutaneous,148,1593
tingling,148,1594
nurse,148,1595
membrane,148,1596
fallopian,148,1597
drinks,147,1598
copd,147,1599
signed,147,1600
mattress,147,1601
laid,147,1602
successful,147,1603
breasts,147,1604
directly,147,1605
acid,147,1606
clots,147,1607
documented,147,1608
symptomatic,147,1609
cephalic,147,1610
penicillin,146,1611
points,146,1612
beginning,146,1613
making,146,1614
mayo,146,1615
lying,146,1616
observation,146,1617
deflated,146,1618
life,145,1619
rhonchi,145,1620
elevator,145,1621
profile,145,1622
bacitracin,145,1623
periosteum,145,1624
osteophytes,145,1625
event,144,1626
suspicious,144,1627
nonsmoker,144,1628
recurrence,144,1629
approximate,144,1630
standing,144,1631
subsequent,144,1632
mobilized,144,1633
prescribed,144,1634
mixed,144,1635
serial,144,1636
meniscus,144,1637
periosteal,143,1638
direction,143,1639
ensure,143,1640
prep,143,1641
endoscope,143,1642
setting,143,1643
metatarsophalangeal,143,1644
laminectomy,143,1645
diastolic,142,1646
distribution,142,1647
concerned,142,1648
surgeon,142,1649
implantation,142,1650
causing,142,1651
july,142,1652
purulent,142,1653
instilled,142,1654
cannulated,142,1655
eyelid,142,1656
pouch,141,1657
arch,141,1658
concern,141,1659
testicle,141,1660
comfortable,141,1661
excessive,141,1662
frozen,141,1663
step,141,1664
gram,141,1665
dilator,141,1666
rapid,141,1667
otitis,141,1668
fell,141,1669
intensive,140,1670
enough,140,1671
fragment,140,1672
albuterol,140,1673
gets,139,1674
score,139,1675
dialysis,139,1676
relief,139,1677
calf,139,1678
pneumatic,139,1679
interpretation,139,1680
subdural,139,1681
oximetry,138,1682
thick,138,1683
coronal,138,1684
particularly,138,1685
steroid,138,1686
drilled,138,1687
placenta,138,1688
rupture,138,1689
tonsillar,138,1690
media,138,1691
ischemia,138,1692
loop,137,1693
extra,137,1694
split,137,1695
understanding,137,1696
deepened,137,1697
cruciate,137,1698
labor,137,1699
selective,137,1700
pigtail,137,1701
hemorrhoids,136,1702
discuss,136,1703
wanted,136,1704
quality,136,1705
wide,136,1706
coming,136,1707
together,136,1708
retraction,136,1709
discontinued,136,1710
recall,136,1711
handed,136,1712
bulging,136,1713
obtuse,136,1714
understands,135,1715
gradient,135,1716
leak,135,1717
systemic,135,1718
platysma,135,1719
markedly,135,1720
clinically,135,1721
fingers,135,1722
strong,135,1723
effects,135,1724
compared,135,1725
craniotomy,135,1726
medicine,134,1727
trace,134,1728
nodules,134,1729
roll,134,1730
gently,134,1731
prognosis,134,1732
topical,134,1733
ulcers,134,1734
laparotomy,134,1735
cesarean,134,1736
corneal,134,1737
decubitus,134,1738
suicidal,134,1739
suggestive,133,1740
basal,133,1741
exploration,133,1742
tomorrow,133,1743
gallop,133,1744
laryngeal,133,1745
penile,133,1746
fields,133,1747
recommendation,133,1748
liters,133,1749
fixed,133,1750
intracranial,133,1751
responses,133,1752
tricuspid,132,1753
revision,132,1754
kerlix,132,1755
preparation,132,1756
adequately,132,1757
identification,132,1758
insufflated,132,1759
partially,132,1760
shaft,132,1761
holes,132,1762
intercostal,132,1763
beta,132,1764
vocal,132,1765
bronchoscopy,131,1766
attachments,131,1767
dependent,131,1768
drained,131,1769
soaked,131,1770
displaced,131,1771
june,131,1772
groove,131,1773
shape,131,1774
infusion,131,1775
describes,131,1776
look,130,1777
tight,130,1778
sore,130,1779
morphine,130,1780
window,130,1781
guarding,130,1782
verbal,130,1783
treatments,130,1784
doses,130,1785
melena,129,1786
pharynx,129,1787
tracheostomy,129,1788
maintain,129,1789
normally,129,1790
distention,129,1791
lamina,129,1792
brachial,129,1793
conditions,129,1794
hypertrophic,129,1795
endoscopic,129,1796
roots,129,1797
assess,128,1798
stools,128,1799
consulted,128,1800
finding,128,1801
administration,128,1802
behind,128,1803
encouraged,128,1804
sized,128,1805
facility,128,1806
crease,128,1807
rebound,128,1808
catheters,128,1809
sustained,128,1810
calcification,127,1811
create,127,1812
stones,127,1813
index,127,1814
almost,127,1815
swallow,127,1816
true,127,1817
instability,127,1818
cortex,127,1819
spinous,127,1820
distended,126,1821
undergone,126,1822
bile,126,1823
preop,126,1824
doubly,126,1825
extraction,126,1826
digits,126,1827
team,126,1828
aggressive,126,1829
intrauterine,126,1830
ankles,126,1831
correction,125,1832
scrotum,125,1833
cardiopulmonary,125,1834
heavy,125,1835
anatomic,125,1836
coagulation,125,1837
expose,125,1838
assistance,125,1839
digit,125,1840
infected,124,1841
sugar,124,1842
stapler,124,1843
infections,124,1844
isolated,124,1845
healed,124,1846
radical,124,1847
fair,124,1848
aware,124,1849
arthroplasty,124,1850
tonsils,124,1851
hallucinations,124,1852
dysarthria,124,1853
allergy,123,1854
ounces,123,1855
desires,123,1856
forward,123,1857
planning,123,1858
born,123,1859
trying,123,1860
find,123,1861
piece,123,1862
solid,123,1863
notch,123,1864
gradually,123,1865
orthopedic,122,1866
minor,122,1867
admits,122,1868
curette,122,1869
nasopharynx,122,1870
distraction,122,1871
unchanged,122,1872
raised,121,1873
postoperatively,121,1874
debris,121,1875
protected,121,1876
matter,121,1877
marrow,121,1878
events,121,1879
rather,120,1880
filling,120,1881
november,120,1882
suprapubic,120,1883
vault,120,1884
fibroid,120,1885
surfaces,120,1886
dried,120,1887
adnexal,120,1888
components,120,1889
diaphragm,120,1890
cheek,120,1891
exudate,119,1892
omentum,119,1893
conclusion,119,1894
goal,119,1895
camera,119,1896
ethibond,119,1897
exertion,119,1898
earlier,119,1899
liquid,119,1900
glenoid,119,1901
sternocleidomastoid,119,1902
pass,118,1903
quadrants,118,1904
speed,118,1905
fragments,118,1906
complication,118,1907
conscious,118,1908
ileum,118,1909
epigastric,118,1910
deferred,118,1911
screening,118,1912
differential,118,1913
ancef,118,1914
splint,118,1915
staff,118,1916
extremely,118,1917
pains,117,1918
cellulitis,117,1919
pronator,117,1920
lack,117,1921
sample,117,1922
anatomy,117,1923
adult,117,1924
placing,117,1925
pediatric,117,1926
become,117,1927
serum,117,1928
debrided,117,1929
endometrial,117,1930
occipital,117,1931
aphasia,117,1932
dilation,116,1933
certainly,116,1934
vertical,116,1935
dissect,116,1936
laser,116,1937
healing,116,1938
expected,116,1939
reading,116,1940
lady,116,1941
anything,116,1942
canals,116,1943
dural,116,1944
condyle,116,1945
stem,116,1946
questionable,116,1947
velocity,116,1948
neoplasm,116,1949
coughing,116,1950
hiatal,115,1951
widely,115,1952
flexible,115,1953
onto,115,1954
hemoptysis,115,1955
frequently,115,1956
longer,115,1957
seem,115,1958
metoprolol,115,1959
hold,115,1960
seeing,115,1961
suspected,115,1962
cycle,115,1963
candidate,114,1964
ligation,114,1965
neuro,114,1966
hospitalized,114,1967
allis,114,1968
formation,114,1969
january,114,1970
adenocarcinoma,114,1971
worsened,114,1972
nares,114,1973
laparoscope,114,1974
tenaculum,114,1975
august,114,1976
terms,114,1977
impingement,114,1978
volar,114,1979
humerus,114,1980
coordination,113,1981
gives,113,1982
moving,113,1983
attachment,113,1984
obturator,113,1985
kept,113,1986
tape,113,1987
receive,113,1988
determined,113,1989
ovaries,113,1990
demonstrate,113,1991
conjunctiva,113,1992
bulk,113,1993
tremor,113,1994
carbohydrate,113,1995
bruit,112,1996
voice,112,1997
tolerate,112,1998
operations,112,1999
spaces,112,2000
pacing,112,2001
hair,112,2002
osteophyte,112,2003
ostium,112,2004
things,111,2005
assisted,111,2006
slow,111,2007
october,111,2008
presence,111,2009
indicates,111,2010
shaped,111,2011
numerous,111,2012
leads,111,2013
contour,111,2014
albumin,111,2015
video,111,2016
retired,111,2017
postanesthesia,111,2018
stability,111,2019
bronchus,111,2020
growth,111,2021
trouble,111,2022
infraumbilical,110,2023
tubal,110,2024
tracheal,110,2025
wished,110,2026
meticulous,110,2027
instruments,110,2028
panel,110,2029
immunizations,110,2030
situation,110,2031
recheck,110,2032
caused,110,2033
usually,110,2034
treat,110,2035
meal,110,2036
dilatation,110,2037
foraminal,110,2038
balance,110,2039
bunion,110,2040
calcified,109,2041
limb,109,2042
processes,109,2043
waiting,109,2044
skull,109,2045
progressively,109,2046
cardiology,109,2047
confirm,109,2048
plans,109,2049
resistance,109,2050
retaining,109,2051
move,109,2052
kerrison,109,2053
arthroscopic,109,2054
effort,109,2055
vitals,108,2056
etoh,108,2057
squamous,108,2058
intake,108,2059
caudal,108,2060
respectively,108,2061
evident,108,2062
meals,108,2063
unclear,108,2064
paroxysmal,108,2065
doppler,107,2066
calculated,107,2067
improving,107,2068
rehabilitation,107,2069
assist,107,2070
gastrostomy,107,2071
regions,107,2072
mean,106,2073
mesh,106,2074
diplopia,106,2075
okay,106,2076
adenoid,106,2077
sacral,106,2078
pectoralis,106,2079
peak,106,2080
substance,106,2081
development,106,2082
lipitor,106,2083
embolism,105,2084
attempts,105,2085
fasting,105,2086
stiffness,105,2087
power,105,2088
gelfoam,105,2089
jackson,105,2090
heel,105,2091
sensitivity,105,2092
deviation,105,2093
cords,105,2094
hook,105,2095
fibrosis,105,2096
incident,105,2097
glands,105,2098
weak,105,2099
lymphatic,105,2100
hydrocephalus,105,2101
anticoagulation,105,2102
pulposus,105,2103
osseous,105,2104
bleed,105,2105
migraine,104,2106
medium,104,2107
exposing,104,2108
yellow,104,2109
angina,104,2110
involvement,104,2111
cleansed,104,2112
larger,104,2113
explored,104,2114
collection,104,2115
weighted,104,2116
sometimes,104,2117
scarring,103,2118
request,103,2119
maneuver,103,2120
sepsis,103,2121
personal,103,2122
remarkable,103,2123
levaquin,103,2124
stricture,103,2125
broad,103,2126
thumb,103,2127
shift,103,2128
fundus,103,2129
neurology,103,2130
grafts,103,2131
waves,103,2132
lifting,102,2133
diminished,102,2134
strap,102,2135
beneath,102,2136
dense,102,2137
fiberoptic,102,2138
bimanual,102,2139
smoker,102,2140
damage,102,2141
sternal,102,2142
cast,102,2143
leaving,102,2144
progress,102,2145
closely,102,2146
gestational,102,2147
bilirubin,102,2148
appendicitis,102,2149
seven,101,2150
specifically,101,2151
drift,101,2152
suggested,101,2153
yyyy,101,2154
prostatic,101,2155
sedated,101,2156
alone,101,2157
hypercholesterolemia,101,2158
nodule,101,2159
laparoscopy,101,2160
amplitude,101,2161
seated,101,2162
accommodation,101,2163
asymmetry,101,2164
lips,101,2165
rhinitis,100,2166
rheumatoid,100,2167
mostly,100,2168
visible,100,2169
medrol,100,2170
cephalad,100,2171
wrapped,100,2172
developmental,100,2173
bifurcation,100,2174
cosmetic,100,2175
apical,100,2176
bulb,100,2177
protect,100,2178
firm,100,2179
beyond,100,2180
deficiency,100,2181
para,100,2182
cath,100,2183
secretions,100,2184
labrum,100,2185
ruptured,100,2186
begun,99,2187
drop,99,2188
spontaneously,99,2189
april,99,2190
orthopnea,99,2191
deficit,99,2192
referral,99,2193
undyed,99,2194
receiving,99,2195
saturations,99,2196
localized,99,2197
exchanged,99,2198
cholecystitis,99,2199
borderline,99,2200
pedal,99,2201
average,99,2202
romberg,99,2203
enhancement,98,2204
spray,98,2205
ends,98,2206
testes,98,2207
compatible,98,2208
pursestring,98,2209
transfusion,98,2210
remains,98,2211
paraspinal,98,2212
screen,98,2213
gravida,98,2214
tendons,98,2215
digitorum,98,2216
consciousness,98,2217
factor,98,2218
grandmother,97,2219
reached,97,2220
suggesting,97,2221
thank,97,2222
circumcision,97,2223
cytology,97,2224
needles,97,2225
nicely,97,2226
unfortunately,97,2227
anicteric,97,2228
functioning,97,2229
talked,97,2230
ventral,97,2231
complicated,97,2232
webril,97,2233
eventually,97,2234
cardioplegia,97,2235
redness,97,2236
mammary,97,2237
subacromial,97,2238
jaundice,97,2239
annular,96,2240
thickened,96,2241
kidneys,96,2242
clipped,96,2243
distance,96,2244
urethral,96,2245
defects,96,2246
orientation,96,2247
antegrade,96,2248
depressed,96,2249
looked,96,2250
tonsillectomy,96,2251
listed,96,2252
reduce,96,2253
spoke,96,2254
behavior,96,2255
flush,96,2256
presenting,96,2257
duration,96,2258
endometriosis,96,2259
experiencing,96,2260
march,96,2261
list,96,2262
caries,96,2263
synthroid,96,2264
drinking,95,2265
positioning,95,2266
particular,95,2267
sudden,95,2268
complain,95,2269
grams,95,2270
counseling,95,2271
clot,95,2272
terminal,95,2273
glaucoma,95,2274
sputum,95,2275
notable,95,2276
ongoing,95,2277
glans,95,2278
overnight,95,2279
record,95,2280
digoxin,95,2281
live,95,2282
threaded,95,2283
xeroform,95,2284
scleral,95,2285
code,95,2286
uihc,95,2287
coord,95,2288
always,94,2289
calories,94,2290
causes,94,2291
urgency,94,2292
orifice,94,2293
crystalloid,94,2294
mask,94,2295
additionally,94,2296
looks,94,2297
cornea,94,2298
pituitary,94,2299
humeral,94,2300
turbinate,94,2301
smokes,93,2302
critical,93,2303
guided,93,2304
circumferential,93,2305
independent,93,2306
atelectasis,93,2307
deltoid,93,2308
titanium,93,2309
mediastinal,93,2310
thoracotomy,93,2311
gestation,93,2312
generally,93,2313
counter,92,2314
fresh,92,2315
inside,92,2316
core,92,2317
returns,92,2318
extent,92,2319
mobile,92,2320
partner,92,2321
spent,92,2322
assessed,92,2323
disability,92,2324
exsanguinated,92,2325
curettage,92,2326
ulceration,92,2327
sugars,92,2328
phacoemulsification,92,2329
protrusion,91,2330
closing,91,2331
ligature,91,2332
soon,91,2333
cerebellar,91,2334
late,91,2335
nitroglycerin,91,2336
sleeping,91,2337
prominences,91,2338
effusions,91,2339
optic,91,2340
goals,91,2341
walker,91,2342
insight,91,2343
swollen,90,2344
infiltrate,90,2345
ibuprofen,90,2346
buccal,90,2347
retention,90,2348
curvilinear,90,2349
hydrocele,90,2350
entirety,90,2351
smaller,90,2352
bring,90,2353
viable,90,2354
september,90,2355
monday,90,2356
limbus,90,2357
grafting,90,2358
black,90,2359
ambulation,90,2360
pancreas,90,2361
colli,90,2362
want,89,2363
malignancy,89,2364
atrophic,89,2365
harmonic,89,2366
answer,89,2367
severity,89,2368
reasonable,89,2369
tented,89,2370
endplate,89,2371
achilles,89,2372
diverticulosis,89,2373
ideation,89,2374
program,88,2375
identifying,88,2376
confusion,88,2377
tumors,88,2378
understand,88,2379
hemostats,88,2380
hepatic,88,2381
lines,88,2382
lift,88,2383
inverted,88,2384
multivitamin,88,2385
resulting,88,2386
temp,88,2387
judgment,88,2388
giving,88,2389
mobility,88,2390
cancellous,88,2391
viscoelastic,88,2392
driving,88,2393
demerol,88,2394
dated,88,2395
employed,87,2396
microscopic,87,2397
severely,87,2398
selected,87,2399
allowing,87,2400
develop,87,2401
gain,87,2402
habits,87,2403
bruising,87,2404
performing,87,2405
spasm,87,2406
hallucis,87,2407
elements,87,2408
thecal,87,2409
arthrodesis,87,2410
remote,87,2411
periods,87,2412
interview,87,2413
dermabond,86,2414
inner,86,2415
cholelithiasis,86,2416
cpap,86,2417
bicarbonate,86,2418
nonspecific,86,2419
toward,86,2420
sick,86,2421
bundle,86,2422
bones,86,2423
looking,86,2424
opinion,86,2425
packs,86,2426
viral,86,2427
syringe,86,2428
axilla,86,2429
intractable,86,2430
retinal,86,2431
decompressed,86,2432
seldinger,86,2433
inpatient,86,2434
turbinates,86,2435
ratio,86,2436
calcifications,86,2437
ventriculogram,86,2438
considered,86,2439
lymphoma,86,2440
pancreatic,86,2441
regimen,86,2442
begin,85,2443
fullness,85,2444
language,85,2445
bactrim,85,2446
stand,85,2447
aspects,85,2448
babinski,85,2449
pneumoperitoneum,85,2450
hydronephrosis,85,2451
stop,85,2452
application,85,2453
necrotic,85,2454
sphincter,85,2455
ended,85,2456
admit,85,2457
represent,85,2458
energy,85,2459
cartilaginous,85,2460
seal,85,2461
bolus,85,2462
tolerating,85,2463
uvula,85,2464
unresponsive,85,2465
radicular,85,2466
cocaine,85,2467
perineum,84,2468
terminated,84,2469
malignant,84,2470
implants,84,2471
source,84,2472
determine,84,2473
suggest,84,2474
entering,84,2475
education,84,2476
burr,84,2477
trocars,84,2478
scans,84,2479
shoulders,84,2480
delayed,84,2481
refer,84,2482
density,84,2483
esophagitis,84,2484
sprain,84,2485
elderly,84,2486
members,83,2487
read,83,2488
radiology,83,2489
intensity,83,2490
injured,83,2491
constant,83,2492
steroids,83,2493
penrose,83,2494
stain,83,2495
kling,83,2496
remember,83,2497
pertinent,83,2498
regards,83,2499
model,83,2500
bedside,83,2501
musculature,83,2502
occluded,83,2503
chair,83,2504
crackles,83,2505
shaver,83,2506
group,82,2507
refractory,82,2508
meatus,82,2509
prosthesis,82,2510
ectopic,82,2511
falls,82,2512
foods,82,2513
heparinized,82,2514
electrical,82,2515
protection,82,2516
recorded,82,2517
subscapularis,82,2518
withdrawal,82,2519
degeneration,82,2520
naming,82,2521
acne,82,2522
thinks,81,2523
pubic,81,2524
shaved,81,2525
attenuation,81,2526
nonfocal,81,2527
metastasis,81,2528
foreskin,81,2529
lacerations,81,2530
nail,81,2531
retinaculum,81,2532
contractions,81,2533
muscular,81,2534
antrum,81,2535
ventilator,81,2536
exacerbation,81,2537
intramedullary,81,2538
lavage,81,2539
synovitis,81,2540
moves,81,2541
sacroiliac,81,2542
fluent,80,2543
dark,80,2544
longstanding,80,2545
lobes,80,2546
exception,80,2547
ultimately,80,2548
nystagmus,80,2549
original,80,2550
rise,80,2551
ativan,80,2552
percocet,80,2553
hemorrhagic,80,2554
olympus,80,2555
whole,80,2556
locally,80,2557
ptosis,80,2558
paracentesis,80,2559
adnexa,80,2560
subperiosteal,80,2561
angled,80,2562
ventriculography,80,2563
sinusitis,80,2564
traumatic,80,2565
chondromalacia,80,2566
troponin,80,2567
scars,80,2568
cream,79,2569
adherent,79,2570
accompanied,79,2571
follows,79,2572
pratt,79,2573
slowing,79,2574
poorly,79,2575
amputation,79,2576
ocular,79,2577
leave,79,2578
elliptical,79,2579
pleura,79,2580
localization,79,2581
supraclavicular,79,2582
comparison,79,2583
uncovertebral,79,2584
groups,78,2585
hydrochlorothiazide,78,2586
pieces,78,2587
compromise,78,2588
briefly,78,2589
staple,78,2590
containing,78,2591
fiber,78,2592
metabolic,78,2593
sexual,78,2594
vertigo,78,2595
nothing,78,2596
gaze,78,2597
drapes,78,2598
acuity,78,2599
conjunctival,78,2600
resume,78,2601
introducer,78,2602
neuroma,78,2603
judkins,78,2604
wearing,78,2605
irregularities,78,2606
chiropractic,78,2607
often,77,2608
gerd,77,2609
anti,77,2610
heartburn,77,2611
voiding,77,2612
afternoon,77,2613
ever,77,2614
plastic,77,2615
retroperitoneal,77,2616
spread,77,2617
ability,77,2618
preserve,77,2619
vancomycin,77,2620
consisted,77,2621
cannulate,77,2622
uterosacral,77,2623
alternative,77,2624
resect,77,2625
evacuation,77,2626
happy,77,2627
decreasing,77,2628
interbody,77,2629
fractured,77,2630
pound,77,2631
paresthesias,77,2632
scattered,77,2633
larynx,77,2634
background,77,2635
fast,76,2636
circumferentially,76,2637
nasolabial,76,2638
admitting,76,2639
donor,76,2640
tightness,76,2641
manual,76,2642
successfully,76,2643
perrla,76,2644
barium,76,2645
instituted,76,2646
keeping,76,2647
ganglion,76,2648
managed,76,2649
bursa,76,2650
acetabulum,76,2651
arthroscopy,76,2652
malleolus,76,2653
biliary,76,2654
colonoscope,76,2655
worker,75,2656
desired,75,2657
sequential,75,2658
films,75,2659
codeine,75,2660
achieve,75,2661
hospitalizations,75,2662
schedule,75,2663
capacity,75,2664
watertight,75,2665
gentle,75,2666
death,75,2667
regional,75,2668
dull,75,2669
fibers,75,2670
tubercle,75,2671
osteoporosis,75,2672
thereafter,75,2673
suspect,75,2674
intra,75,2675
outlined,75,2676
mesothelioma,75,2677
pneumothorax,75,2678
target,75,2679
synthes,75,2680
sense,75,2681
stereotactic,75,2682
radiating,75,2683
skills,75,2684
insomnia,75,2685
neuropsychological,75,2686
option,74,2687
experience,74,2688
wants,74,2689
uses,74,2690
bloody,74,2691
colitis,74,2692
sterilization,74,2693
unusual,74,2694
toprol,74,2695
reinserted,74,2696
freely,74,2697
iodine,74,2698
basically,74,2699
lysis,74,2700
arrival,74,2701
helped,74,2702
dome,74,2703
kind,74,2704
friday,74,2705
initiated,74,2706
neutral,74,2707
calorie,74,2708
spacer,74,2709
osteotome,74,2710
content,74,2711
buttock,74,2712
osteomyelitis,74,2713
suggestion,74,2714
objects,73,2715
exercises,73,2716
leakage,73,2717
postprocedure,73,2718
hematologic,73,2719
regard,73,2720
sexually,73,2721
medicines,73,2722
decadron,73,2723
massive,73,2724
deviated,73,2725
metal,73,2726
resolution,73,2727
evoked,73,2728
forehead,73,2729
auricular,73,2730
lightheadedness,73,2731
homicidal,73,2732
fasciculations,73,2733
comprehensive,72,2734
temporary,72,2735
pull,72,2736
believes,72,2737
easy,72,2738
invasion,72,2739
planes,72,2740
elevate,72,2741
brown,72,2742
retractions,72,2743
blocker,72,2744
drip,72,2745
snare,72,2746
machine,72,2747
arthrosis,72,2748
weightbearing,72,2749
bright,72,2750
mammogram,72,2751
relationship,72,2752
wheelchair,72,2753
lipid,72,2754
atherosclerotic,72,2755
word,71,2756
stents,71,2757
clavicle,71,2758
pathologic,71,2759
iris,71,2760
norvasc,71,2761
retained,71,2762
ileocecal,71,2763
higher,71,2764
passing,71,2765
asleep,71,2766
continuing,71,2767
colace,71,2768
urination,71,2769
kocher,71,2770
pericardium,71,2771
pulley,71,2772
adaptic,71,2773
dislocation,71,2774
spur,71,2775
concentration,71,2776
mechanical,71,2777
anal,71,2778
foramina,71,2779
prenatal,71,2780
cerebrovascular,71,2781
gastritis,71,2782
snoring,70,2783
fired,70,2784
recovered,70,2785
concerning,70,2786
draining,70,2787
cystoscope,70,2788
buried,70,2789
scarpa,70,2790
individual,70,2791
interstitial,70,2792
opposite,70,2793
sulfa,70,2794
something,70,2795
therapeutic,70,2796
send,70,2797
icterus,70,2798
ball,70,2799
cuts,70,2800
grasp,70,2801
infectious,70,2802
echo,70,2803
weighs,69,2804
compressive,69,2805
cricoid,69,2806
occur,69,2807
colostomy,69,2808
incomplete,69,2809
exiting,69,2810
glasses,69,2811
triple,69,2812
dorsum,69,2813
bronchitis,69,2814
bands,69,2815
mini,69,2816
inability,69,2817
nephrectomy,69,2818
alkaline,69,2819
deemed,69,2820
attending,69,2821
front,69,2822
fibroids,69,2823
palm,69,2824
hoarseness,69,2825
circumference,69,2826
electrolytes,69,2827
colonic,69,2828
entirely,69,2829
myelopathy,69,2830
contusion,69,2831
ambulate,69,2832
blue,68,2833
impaired,68,2834
hemiparesis,68,2835
pedis,68,2836
interested,68,2837
gone,68,2838
strokes,68,2839
indicating,68,2840
equally,68,2841
properly,68,2842
independently,68,2843
trimmed,68,2844
palsy,68,2845
marking,68,2846
nice,68,2847
illnesses,68,2848
exact,68,2849
added,68,2850
generator,68,2851
protonix,68,2852
angio,68,2853
hemodialysis,68,2854
perhaps,68,2855
hemodynamic,68,2856
cardiomyopathy,68,2857
lymphocytes,68,2858
methotrexate,68,2859
february,68,2860
bases,68,2861
bending,68,2862
attack,67,2863
unsuccessful,67,2864
insufflation,67,2865
infarct,67,2866
prolapse,67,2867
indeed,67,2868
symphysis,67,2869
sheaths,67,2870
words,67,2871
deformities,67,2872
accessory,67,2873
goes,67,2874
plates,67,2875
expressed,67,2876
agree,67,2877
brothers,67,2878
rigid,67,2879
remain,67,2880
congenital,67,2881
sternum,67,2882
definitive,67,2883
deployed,67,2884
rehab,67,2885
popliteal,67,2886
lovenox,67,2887
luminal,67,2888
lesser,66,2889
upright,66,2890
outer,66,2891
catgut,66,2892
papillary,66,2893
prescriptions,66,2894
flexure,66,2895
scrubbed,66,2896
nephrostomy,66,2897
blake,66,2898
stenting,66,2899
consideration,66,2900
various,66,2901
gurney,66,2902
fahrenheit,66,2903
appreciate,66,2904
subcutaneously,66,2905
ochsner,66,2906
infiltration,66,2907
audible,66,2908
shield,66,2909
depth,66,2910
mastoid,66,2911
segments,66,2912
carina,66,2913
radiographs,66,2914
amoxicillin,66,2915
methadone,66,2916
visits,66,2917
autologous,66,2918
waist,66,2919
percentile,66,2920
subglottic,65,2921
formed,65,2922
phone,65,2923
wishes,65,2924
stump,65,2925
packing,65,2926
wrap,65,2927
incisional,65,2928
native,65,2929
visualize,65,2930
exploratory,65,2931
relieved,65,2932
reevaluation,65,2933
hemovac,65,2934
intervertebral,65,2935
thrombus,65,2936
dietary,65,2937
peroneal,65,2938
brevis,65,2939
enhancing,65,2940
tibialis,65,2941
subtle,64,2942
sponges,64,2943
siblings,64,2944
suffered,64,2945
bacteria,64,2946
structure,64,2947
fingerbreadths,64,2948
delay,64,2949
incise,64,2950
folds,64,2951
atenolol,64,2952
tones,64,2953
temporalis,64,2954
salt,64,2955
thorough,64,2956
anterolateral,64,2957
paralysis,64,2958
brainstem,64,2959
definite,64,2960
ductus,64,2961
patients,64,2962
helpful,64,2963
skilled,64,2964
magnesium,64,2965
spect,64,2966
samples,63,2967
testicular,63,2968
dropped,63,2969
ascites,63,2970
flexed,63,2971
passage,63,2972
rolled,63,2973
bleeders,63,2974
evacuated,63,2975
hygiene,63,2976
sooner,63,2977
weekly,63,2978
locked,63,2979
burning,63,2980
tightened,63,2981
phosphatase,63,2982
raising,63,2983
drape,63,2984
adenoidectomy,63,2985
intraarticular,63,2986
trigger,63,2987
transesophageal,63,2988
meniscal,63,2989
smear,63,2990
diamond,63,2991
tuberosity,63,2992
horn,63,2993
equals,63,2994
irritable,63,2995
comprehension,63,2996
suicide,63,2997
morbid,62,2998
load,62,2999
redundant,62,3000
projection,62,3001
atypical,62,3002
daytime,62,3003
real,62,3004
reinforced,62,3005
detected,62,3006
rare,62,3007
aforementioned,62,3008
marker,62,3009
submitted,62,3010
harvested,62,3011
dexon,62,3012
neutrophils,62,3013
apgars,62,3014
parathyroid,62,3015
patellofemoral,62,3016
tiny,62,3017
mediastinum,62,3018
scoliosis,62,3019
bradycardia,62,3020
tolerance,62,3021
penetration,62,3022
stating,62,3023
milk,62,3024
psychological,62,3025
metformin,62,3026
ataxia,62,3027
liquids,61,3028
lortab,61,3029
exchange,61,3030
nocturnal,61,3031
relative,61,3032
special,61,3033
bard,61,3034
hopefully,61,3035
regularly,61,3036
vitreous,61,3037
guarded,61,3038
variable,61,3039
cardiologist,61,3040
pfannenstiel,61,3041
arteriovenous,61,3042
intravenously,61,3043
emergent,61,3044
progression,61,3045
sound,61,3046
progressed,61,3047
hematemesis,61,3048
lupus,61,3049
corrected,60,3050
landmarks,60,3051
advance,60,3052
rhinorrhea,60,3053
dartos,60,3054
dissecting,60,3055
reservoir,60,3056
necrosis,60,3057
sequentially,60,3058
distant,60,3059
crest,60,3060
surgicel,60,3061
pictures,60,3062
advancement,60,3063
addressed,60,3064
spells,60,3065
lowered,60,3066
gentamicin,60,3067
cauterization,60,3068
stat,60,3069
annulus,60,3070
eustachian,60,3071
steel,60,3072
falling,60,3073
ethmoid,60,3074
displacement,60,3075
hemodynamics,60,3076
interphalangeal,60,3077
pullback,60,3078
bronchial,60,3079
emesis,60,3080
calcific,60,3081
stairs,59,3082
stripped,59,3083
cirrhosis,59,3084
flomax,59,3085
gray,59,3086
syncopal,59,3087
safely,59,3088
extracted,59,3089
consented,59,3090
oozing,59,3091
undergoing,59,3092
hematochezia,59,3093
green,59,3094
sliding,59,3095
discontinue,59,3096
keflex,59,3097
grasper,59,3098
aerobic,59,3099
phenergan,59,3100
reversed,59,3101
phase,59,3102
dictated,59,3103
parallel,59,3104
capsulotomy,59,3105
pupil,59,3106
ligamentous,59,3107
basilar,59,3108
vacuum,59,3109
fashioned,59,3110
segmental,59,3111
ribs,59,3112
mandibular,59,3113
eminence,59,3114
house,59,3115
cart,59,3116
global,59,3117
oncology,59,3118
sphenoid,59,3119
hypotension,59,3120
excluded,59,3121
nexium,59,3122
triceps,59,3123
transient,59,3124
advair,59,3125
huntington,59,3126
psychomotor,59,3127
delusions,59,3128
zyrtec,58,3129
reverse,58,3130
hips,58,3131
omeprazole,58,3132
sheet,58,3133
affected,58,3134
pedicles,58,3135
maximal,58,3136
darvocet,58,3137
bacterial,58,3138
percent,58,3139
dissector,58,3140
shown,58,3141
undersurface,58,3142
ophthalmic,58,3143
folic,58,3144
adverse,58,3145
absence,58,3146
magnification,58,3147
therapist,58,3148
rongeurs,58,3149
adjusted,58,3150
valgus,58,3151
cleft,58,3152
autograft,58,3153
dual,58,3154
presently,58,3155
serous,58,3156
glenohumeral,58,3157
angiographic,58,3158
amniotic,58,3159
downgoing,58,3160
everything,58,3161
arteriosus,58,3162
shortly,58,3163
ambulating,58,3164
limitations,58,3165
adenoma,58,3166
radius,58,3167
hypokinesis,58,3168
certain,58,3169
cardioversion,58,3170
overweight,57,3171
emphysema,57,3172
trendelenburg,57,3173
minimally,57,3174
commands,57,3175
enzymes,57,3176
disorders,57,3177
services,57,3178
collar,57,3179
requesting,57,3180
actual,57,3181
detailed,57,3182
invasive,57,3183
spermatic,57,3184
assistant,57,3185
repositioned,57,3186
curvature,57,3187
cramping,57,3188
indicate,57,3189
sections,57,3190
pretty,57,3191
motrin,57,3192
parker,57,3193
chordee,57,3194
rapidly,57,3195
edematous,57,3196
weekend,57,3197
rubber,57,3198
compartments,57,3199
communication,57,3200
parenchyma,57,3201
arrest,57,3202
intermittently,57,3203
subluxation,57,3204
pins,57,3205
anchor,57,3206
midas,57,3207
tenosynovitis,57,3208
dentition,57,3209
contributing,57,3210
comminuted,57,3211
hemorrhages,57,3212
extends,57,3213
acting,57,3214
paternal,57,3215
peptic,56,3216
pancreatitis,56,3217
mesenteric,56,3218
pads,56,3219
stabilized,56,3220
ties,56,3221
similarly,56,3222
occasions,56,3223
newly,56,3224
pale,56,3225
effective,56,3226
cardinal,56,3227
irritation,56,3228
discrete,56,3229
ablation,56,3230
computer,56,3231
pulsatile,56,3232
pitocin,56,3233
desiccation,56,3234
agent,56,3235
passive,56,3236
extreme,56,3237
vestibular,56,3238
agreement,56,3239
retroflexed,56,3240
ulcerations,56,3241
keratome,56,3242
benadryl,56,3243
lobectomy,56,3244
ecchymosis,56,3245
nervous,56,3246
seroquel,56,3247
coreg,56,3248
lantus,56,3249
gadolinium,56,3250
claritin,55,3251
arrhythmia,55,3252
confused,55,3253
antibody,55,3254
deeper,55,3255
enter,55,3256
college,55,3257
zocor,55,3258
collecting,55,3259
checks,55,3260
totally,55,3261
performance,55,3262
mainly,55,3263
measure,55,3264
knows,55,3265
adipose,55,3266
cover,55,3267
buttocks,55,3268
sleeve,55,3269
agitation,55,3270
dosage,55,3271
relieve,55,3272
shock,55,3273
intolerance,55,3274
bunionectomy,55,3275
rasp,55,3276
premature,55,3277
macular,55,3278
sounded,55,3279
products,55,3280
circulation,55,3281
width,55,3282
oscillating,55,3283
radiographic,55,3284
ligamentum,55,3285
submental,55,3286
wear,55,3287
polypoid,55,3288
acquired,55,3289
glenn,55,3290
vertex,55,3291
pills,55,3292
becomes,55,3293
thrombocytopenia,55,3294
latency,55,3295
snack,55,3296
ambien,55,3297
edition,55,3298
allegra,54,3299
supportive,54,3300
mobilization,54,3301
esophagogastroduodenoscopy,54,3302
devices,54,3303
granulation,54,3304
blurred,54,3305
obstructing,54,3306
descended,54,3307
prostatectomy,54,3308
supply,54,3309
pushed,54,3310
febrile,54,3311
gradual,54,3312
production,54,3313
thrush,54,3314
stick,54,3315
coban,54,3316
retract,54,3317
positions,54,3318
draping,54,3319
important,54,3320
turgor,54,3321
visually,54,3322
balanced,54,3323
polyethylene,54,3324
abds,54,3325
collapse,54,3326
vesicouterine,54,3327
prevertebral,54,3328
brisk,54,3329
acoustic,54,3330
concentric,54,3331
atmospheres,54,3332
foraminotomies,54,3333
moment,54,3334
pallor,54,3335
noncontrast,54,3336
lexapro,54,3337
eomi,54,3338
grandfather,54,3339
strain,54,3340
centimeters,53,3341
hernias,53,3342
values,53,3343
metallic,53,3344
offered,53,3345
temporarily,53,3346
address,53,3347
periphery,53,3348
vaginalis,53,3349
intraoperatively,53,3350
incising,53,3351
bent,53,3352
shot,53,3353
telemetry,53,3354
maintaining,53,3355
push,53,3356
chosen,53,3357
tends,53,3358
anaerobic,53,3359
varicose,53,3360
organs,53,3361
woke,53,3362
epicondyle,53,3363
myringotomy,53,3364
lids,53,3365
cartilages,53,3366
tapped,53,3367
infiltrates,53,3368
submandibular,53,3369
presumed,53,3370
tearing,53,3371
thoughts,53,3372
pylorus,53,3373
clonus,53,3374
guaiac,53,3375
auscultated,53,3376
lose,52,3377
crohn,52,3378
dorsalis,52,3379
uptake,52,3380
urology,52,3381
duplex,52,3382
seminal,52,3383
prominence,52,3384
originally,52,3385
aponeurosis,52,3386
talking,52,3387
ground,52,3388
wheeze,52,3389
interpreted,52,3390
anxious,52,3391
hyperemic,52,3392
retrobulbar,52,3393
threshold,52,3394
girl,52,3395
arthrotomy,52,3396
pinned,52,3397
plateau,52,3398
tonsillitis,52,3399
oophorectomy,52,3400
menstrual,52,3401
resolve,52,3402
supraspinatus,52,3403
creation,52,3404
exudates,52,3405
tasks,52,3406
petechiae,52,3407
alzheimer,52,3408
myoview,52,3409
occupational,52,3410
diovan,51,3411
insurance,51,3412
outflow,51,3413
hemiscrotum,51,3414
nocturia,51,3415
ramus,51,3416
scissor,51,3417
alternating,51,3418
anus,51,3419
furosemide,51,3420
infundibulopelvic,51,3421
rigidity,51,3422
explanation,51,3423
punch,51,3424
random,51,3425
undertaken,51,3426
tell,51,3427
calm,51,3428
drilling,51,3429
shoe,51,3430
maintenance,51,3431
subarachnoid,51,3432
anatomical,51,3433
naris,51,3434
histology,51,3435
impregnated,51,3436
elicited,51,3437
excursion,51,3438
interventions,51,3439
cycles,51,3440
medically,51,3441
arrived,51,3442
transthoracic,51,3443
recreational,51,3444
coverage,50,3445
thighs,50,3446
writing,50,3447
erosion,50,3448
biopsied,50,3449
appendage,50,3450
ureteropelvic,50,3451
padding,50,3452
dermatologic,50,3453
babcock,50,3454
tinnitus,50,3455
continuously,50,3456
leukocytosis,50,3457
undermined,50,3458
towel,50,3459
mark,50,3460
arise,50,3461
lasting,50,3462
cysts,50,3463
watch,50,3464
dorsally,50,3465
capital,50,3466
driver,50,3467
globe,50,3468
anteverted,50,3469
revealing,50,3470
cotton,50,3471
olecranon,50,3472
palmar,50,3473
somnolent,50,3474
laxity,50,3475
trochanter,50,3476
predominantly,50,3477
flavum,50,3478
exactly,50,3479
portals,50,3480
medtronic,50,3481
strep,50,3482
diffusely,50,3483
engaged,50,3484
preservative,50,3485
consumption,50,3486
chance,50,3487
mammography,50,3488
nails,50,3489
limiting,50,3490
photophobia,50,3491
vibration,50,3492
gated,50,3493
divorced,49,3494
pathological,49,3495
coagulated,49,3496
cutaneous,49,3497
tenotomy,49,3498
strongly,49,3499
nearly,49,3500
belly,49,3501
happened,49,3502
simply,49,3503
consistency,49,3504
clip,49,3505
mastisol,49,3506
gums,49,3507
refills,49,3508
potentially,49,3509
restarted,49,3510
fibrous,49,3511
reciprocating,49,3512
excisional,49,3513
expansion,49,3514
hemisphere,49,3515
hydrated,49,3516
sulfate,49,3517
spastic,49,3518
spondylolisthesis,49,3519
carotids,49,3520
gotten,49,3521
elbows,49,3522
predicted,49,3523
nightly,49,3524
dtrs,49,3525
dilantin,49,3526
inhaler,49,3527
correlation,49,3528
erythematous,48,3529
mode,48,3530
intracardiac,48,3531
takeoff,48,3532
stabilization,48,3533
projections,48,3534
transurethral,48,3535
university,48,3536
dehydration,48,3537
fill,48,3538
torsion,48,3539
bowels,48,3540
walls,48,3541
toradol,48,3542
crystalloids,48,3543
unlikely,48,3544
agrees,48,3545
turn,48,3546
torn,48,3547
mesoappendix,48,3548
counseled,48,3549
volts,48,3550
participate,48,3551
typical,48,3552
pillar,48,3553
infused,48,3554
unstable,48,3555
zero,48,3556
measurements,48,3557
purchase,48,3558
ostial,48,3559
span,48,3560
augmentation,48,3561
nevus,48,3562
xanax,48,3563
septic,48,3564
dobutamine,48,3565
vulsellum,48,3566
likewise,48,3567
fontan,48,3568
capsulorrhexis,48,3569
midface,48,3570
contracted,48,3571
sclerosis,48,3572
flagyl,48,3573
adenosine,48,3574
gastroscope,48,3575
diverticulitis,48,3576
ruled,48,3577
nonsignificant,48,3578
emotional,47,3579
endo,47,3580
ventilation,47,3581
mainstem,47,3582
focus,47,3583
subcu,47,3584
suggests,47,3585
opportunity,47,3586
meantime,47,3587
standpoint,47,3588
postsurgical,47,3589
plug,47,3590
taped,47,3591
aids,47,3592
glidewire,47,3593
pulling,47,3594
accordingly,47,3595
discussing,47,3596
hydration,47,3597
hospitalist,47,3598
directions,47,3599
configuration,47,3600
awakening,47,3601
varicosities,47,3602
laboratories,47,3603
hypertensive,47,3604
probed,47,3605
people,47,3606
effacement,47,3607
antebrachial,47,3608
contacted,47,3609
quadriceps,47,3610
suffering,47,3611
protamine,47,3612
obviously,47,3613
narrow,47,3614
triangle,47,3615
holder,47,3616
ventricles,47,3617
verbally,47,3618
respond,47,3619
electrocardiogram,47,3620
ductal,47,3621
valvular,47,3622
toenail,47,3623
sees,47,3624
awoke,47,3625
zofran,47,3626
instead,46,3627
midclavicular,46,3628
transversely,46,3629
latissimus,46,3630
ambulatory,46,3631
skeletonized,46,3632
unless,46,3633
towels,46,3634
safe,46,3635
avascular,46,3636
aligned,46,3637
suspension,46,3638
seeds,46,3639
highly,46,3640
slit,46,3641
formal,46,3642
childhood,46,3643
sulcus,46,3644
issue,46,3645
centered,46,3646
sensing,46,3647
eyelids,46,3648
sewn,46,3649
occlusive,46,3650
maxilla,46,3651
resulted,46,3652
nonweightbearing,46,3653
acromion,46,3654
osteotomies,46,3655
uncertain,46,3656
depo,46,3657
areolar,46,3658
clearance,46,3659
arteriotomy,46,3660
trapezius,46,3661
cholangiogram,46,3662
diaphoresis,46,3663
lymphedema,46,3664
keratosis,46,3665
nondisplaced,46,3666
splenic,46,3667
symmetrically,46,3668
hammertoe,46,3669
fundi,46,3670
agitated,46,3671
intelligence,46,3672
tired,45,3673
eats,45,3674
missed,45,3675
mesentery,45,3676
triglycerides,45,3677
manipulation,45,3678
prophylactic,45,3679
dictation,45,3680
lithotripsy,45,3681
confirming,45,3682
diverticulum,45,3683
remnant,45,3684
clindamycin,45,3685
cipro,45,3686
dilators,45,3687
connection,45,3688
newborn,45,3689
neurontin,45,3690
city,45,3691
intraabdominal,45,3692
longitudinally,45,3693
micro,45,3694
orders,45,3695
depressive,45,3696
noting,45,3697
alcoholic,45,3698
manually,45,3699
stockinet,45,3700
tracking,45,3701
consolidation,45,3702
numbers,45,3703
orally,45,3704
feeds,45,3705
dermal,45,3706
reactions,45,3707
dermis,45,3708
glass,45,3709
disruption,45,3710
duodenal,45,3711
training,45,3712
augmentin,45,3713
expressive,45,3714
talk,45,3715
behavioral,45,3716
breakfast,45,3717
servings,45,3718
fibrillations,45,3719
wechsler,45,3720
fatty,44,3721
quickly,44,3722
bronchi,44,3723
prevacid,44,3724
solu,44,3725
epididymis,44,3726
cook,44,3727
caudally,44,3728
vesicles,44,3729
securely,44,3730
lining,44,3731
anchored,44,3732
inhalation,44,3733
agreeable,44,3734
pushing,44,3735
hyperemia,44,3736
pars,44,3737
precautions,44,3738
suddenly,44,3739
hemodynamically,44,3740
monitors,44,3741
laryngoscope,44,3742
thyroidectomy,44,3743
natural,44,3744
poly,44,3745
symmetry,44,3746
mechanism,44,3747
articulation,44,3748
abductor,44,3749
abduction,44,3750
mirror,44,3751
tortuous,44,3752
thrill,44,3753
sixth,44,3754
specialist,44,3755
flex,44,3756
aortogram,44,3757
hypopharynx,44,3758
amiodarone,44,3759
mucus,44,3760
actinic,44,3761
polypectomy,44,3762
responded,44,3763
click,44,3764
spell,44,3765
hypokalemia,44,3766
productive,44,3767
levothyroxine,44,3768
smoked,43,3769
comorbidities,43,3770
manager,43,3771
elective,43,3772
hispanic,43,3773
cone,43,3774
emergently,43,3775
transitional,43,3776
pubis,43,3777
angles,43,3778
contacts,43,3779
friend,43,3780
aged,43,3781
funduscopic,43,3782
transposition,43,3783
altered,43,3784
genital,43,3785
intended,43,3786
agents,43,3787
continuation,43,3788
fibrotic,43,3789
comfort,43,3790
surgically,43,3791
drive,43,3792
costal,43,3793
ensured,43,3794
contraction,43,3795
track,43,3796
sort,43,3797
variety,43,3798
exsanguinate,43,3799
varus,43,3800
dimensions,43,3801
supplementation,43,3802
laryngoscopy,43,3803
toothache,43,3804
speak,43,3805
abrasions,43,3806
ampicillin,43,3807
leukemia,43,3808
fissure,43,3809
responsive,43,3810
substantial,43,3811
ampulla,43,3812
brace,43,3813
struck,43,3814
peroneus,43,3815
nonoperative,43,3816
false,43,3817
furthermore,43,3818
cabg,43,3819
oropharyngeal,43,3820
occurring,43,3821
neurologist,43,3822
requires,43,3823
accuracy,43,3824
occurs,43,3825
prozac,43,3826
psychosis,43,3827
papilledema,43,3828
malaise,43,3829
friends,42,3830
letter,42,3831
subcostal,42,3832
creating,42,3833
lifted,42,3834
proposed,42,3835
attended,42,3836
tubing,42,3837
hydralazine,42,3838
separately,42,3839
stretcher,42,3840
staying,42,3841
adhesive,42,3842
sparing,42,3843
readily,42,3844
semi,42,3845
usage,42,3846
blockers,42,3847
tremors,42,3848
reglan,42,3849
coli,42,3850
ready,42,3851
tilt,42,3852
chemistry,42,3853
helping,42,3854
vitrectomy,42,3855
lunch,42,3856
postpartum,42,3857
burn,42,3858
parapatellar,42,3859
crepitus,42,3860
salpingo,42,3861
complexes,42,3862
cerebellum,42,3863
conclusions,42,3864
fenestration,42,3865
tuesday,42,3866
hairline,42,3867
borders,42,3868
seek,42,3869
assumed,42,3870
malformation,42,3871
toxin,42,3872
intermedius,42,3873
engage,42,3874
epiglottis,42,3875
pursue,42,3876
vibratory,42,3877
itching,42,3878
marijuana,42,3879
radiates,42,3880
aching,42,3881
questioning,42,3882
walks,42,3883
cardiomegaly,42,3884
tanner,42,3885
lfts,41,3886
stapled,41,3887
endocatch,41,3888
lethargic,41,3889
urgent,41,3890
inflamed,41,3891
adjustments,41,3892
uncomplicated,41,3893
contralateral,41,3894
resectoscope,41,3895
apparatus,41,3896
electrode,41,3897
watchful,41,3898
speaking,41,3899
gravity,41,3900
leading,41,3901
examining,41,3902
rear,41,3903
oxycodone,41,3904
comfortably,41,3905
insert,41,3906
arising,41,3907
carbon,41,3908
indirect,41,3909
uneventful,41,3910
parkinson,41,3911
dizzy,41,3912
diaphragmatic,41,3913
manage,41,3914
switched,41,3915
unsure,41,3916
houston,41,3917
radiologist,41,3918
mobilize,41,3919
break,41,3920
subchondral,41,3921
restriction,41,3922
detachment,41,3923
combined,41,3924
fontanelle,41,3925
pillars,41,3926
ranges,41,3927
respect,41,3928
calcar,41,3929
bottle,41,3930
neurosurgery,41,3931
irritability,41,3932
isovue,41,3933
fibular,41,3934
milliseconds,41,3935
naprosyn,41,3936
hilum,41,3937
perfused,41,3938
inhibitor,41,3939
toilet,41,3940
upset,41,3941
zoloft,41,3942
knowledge,41,3943
epilepsy,41,3944
tiredness,41,3945
episodic,41,3946
lasted,41,3947
spasms,41,3948
pinprick,41,3949
paranoid,41,3950
locations,40,3951
vasectomy,40,3952
diverticula,40,3953
ureters,40,3954
relates,40,3955
resolving,40,3956
extend,40,3957
tacked,40,3958
impedance,40,3959
approximation,40,3960
firing,40,3961
valsalva,40,3962
chlorhexidine,40,3963
turning,40,3964
cataracts,40,3965
diseases,40,3966
success,40,3967
collected,40,3968
completing,40,3969
uncomfortable,40,3970
smoothed,40,3971
mcivor,40,3972
recess,40,3973
deltopectoral,40,3974
curettes,40,3975
adduction,40,3976
sacrum,40,3977
endarterectomy,40,3978
boot,40,3979
beach,40,3980
kyphosis,40,3981
galea,40,3982
melanoma,40,3983
markings,40,3984
celebrex,40,3985
palpate,40,3986
migraines,40,3987
dyslipidemia,40,3988
postprandial,40,3989
enzyme,40,3990
battery,40,3991
schizophrenia,40,3992
preliminary,40,3993
gabapentin,40,3994
fatigued,40,3995
visiting,40,3996
lithium,40,3997
nodosum,40,3998
carbohydrates,39,3999
morphology,39,4000
deceased,39,4001
sling,39,4002
lymphadenectomy,39,4003
loops,39,4004
detrol,39,4005
ilioinguinal,39,4006
accommodate,39,4007
bulge,39,4008
zone,39,4009
thinking,39,4010
decline,39,4011
stripping,39,4012
pregnant,39,4013
vigorous,39,4014
serious,39,4015
entrapment,39,4016
filter,39,4017
gutters,39,4018
cemented,39,4019
reamed,39,4020
seat,39,4021
copy,39,4022
anticipated,39,4023
adhesion,39,4024
purpose,39,4025
pledgets,39,4026
cane,39,4027
synovial,39,4028
lordosis,39,4029
explain,39,4030
tetanus,39,4031
neuromuscular,39,4032
stealth,39,4033
recording,39,4034
droop,39,4035
carboplatin,39,4036
paxil,39,4037
travel,39,4038
industrial,39,4039
lipase,39,4040
gout,38,4041
liposuction,38,4042
aspirate,38,4043
slurred,38,4044
alive,38,4045
punctured,38,4046
dear,38,4047
personally,38,4048
spermatocele,38,4049
putting,38,4050
stenotic,38,4051
silicone,38,4052
gleason,38,4053
hypospadias,38,4054
must,38,4055
modalities,38,4056
handle,38,4057
integrity,38,4058
tips,38,4059
dilate,38,4060
declined,38,4061
beam,38,4062
reasons,38,4063
undescended,38,4064
oversewn,38,4065
incorporated,38,4066
meticulously,38,4067
groins,38,4068
extensively,38,4069
outcome,38,4070
belt,38,4071
temporally,38,4072
ohms,38,4073
uncontrolled,38,4074
omnipaque,38,4075
percutaneously,38,4076
named,38,4077
sternotomy,38,4078
pharyngeal,38,4079
stimulated,38,4080
endobronchial,38,4081
dentist,38,4082
mayfield,38,4083
preprocedure,38,4084
interosseous,38,4085
neurologically,38,4086
conchal,38,4087
viscoat,38,4088
narcotics,38,4089
mastectomy,38,4090
spot,38,4091
blindness,38,4092
restored,38,4093
noncompliant,38,4094
hilar,38,4095
psychiatrist,38,4096
others,38,4097
trunk,38,4098
fistulogram,38,4099
worsen,38,4100
essential,38,4101
observe,38,4102
reversible,38,4103
grip,38,4104
expiratory,38,4105
lopressor,38,4106
responding,37,4107
motions,37,4108
clonidine,37,4109
hyperplasia,37,4110
channel,37,4111
everted,37,4112
prilosec,37,4113
crossing,37,4114
company,37,4115
pedunculated,37,4116
thing,37,4117
nonicteric,37,4118
labeled,37,4119
wait,37,4120
tells,37,4121
coagulopathy,37,4122
apply,37,4123
measurement,37,4124
hemangioma,37,4125
needing,37,4126
owen,37,4127
peel,37,4128
nuchal,37,4129
submucosal,37,4130
angiograms,37,4131
erosions,37,4132
postauricular,37,4133
nutrition,37,4134
actively,37,4135
sclerotic,37,4136
supplemental,37,4137
thorax,37,4138
exit,37,4139
sequence,37,4140
conversion,37,4141
bite,37,4142
leftward,37,4143
features,37,4144
calcaneal,37,4145
flexors,37,4146
feedings,37,4147
epicondylitis,37,4148
fundoplication,37,4149
biting,37,4150
definitely,37,4151
pulsations,37,4152
await,37,4153
chronically,37,4154
orthostatic,37,4155
hematology,37,4156
session,37,4157
learning,37,4158
tandem,37,4159
compliant,37,4160
antibodies,37,4161
arrangements,37,4162
atherosclerosis,37,4163
affective,37,4164
nostril,36,4165
tying,36,4166
produced,36,4167
boyfriend,36,4168
ganglia,36,4169
isthmus,36,4170
diary,36,4171
chips,36,4172
wears,36,4173
robinson,36,4174
congested,36,4175
retroperitoneum,36,4176
returning,36,4177
conversation,36,4178
aricept,36,4179
basic,36,4180
resistant,36,4181
centimeter,36,4182
strip,36,4183
scored,36,4184
growing,36,4185
tramadol,36,4186
amylase,36,4187
criteria,36,4188
heat,36,4189
equipment,36,4190
perforated,36,4191
adenoids,36,4192
gloves,36,4193
radiograph,36,4194
tagged,36,4195
transect,36,4196
laminotomy,36,4197
runoff,36,4198
gore,36,4199
apposition,36,4200
reach,36,4201
aseptic,36,4202
proceeding,36,4203
suboccipital,36,4204
meconium,36,4205
ounce,36,4206
persisted,36,4207
preauricular,36,4208
division,36,4209
fibula,36,4210
phenol,36,4211
medialis,36,4212
ophthalmology,36,4213
distracted,36,4214
avulsion,36,4215
symptom,36,4216
occasion,36,4217
endometrium,36,4218
flutter,36,4219
characterized,36,4220
appendiceal,36,4221
anorexia,36,4222
producing,36,4223
fluency,36,4224
aches,36,4225
normoactive,36,4226
ambulates,36,4227
arthralgias,36,4228
psychotic,36,4229
claimant,36,4230
blocks,35,4231
covering,35,4232
anesthetize,35,4233
attorney,35,4234
meet,35,4235
assured,35,4236
tunica,35,4237
sidewall,35,4238
folded,35,4239
absorbable,35,4240
obstructed,35,4241
scarred,35,4242
rocephin,35,4243
absolutely,35,4244
incidental,35,4245
itchy,35,4246
practice,35,4247
considering,35,4248
reducing,35,4249
else,35,4250
oncologist,35,4251
minimum,35,4252
leaking,35,4253
hospice,35,4254
electrodes,35,4255
staging,35,4256
intrinsic,35,4257
afterwards,35,4258
osteomed,35,4259
intraventricular,35,4260
apart,35,4261
tears,35,4262
nursery,35,4263
conductive,35,4264
places,35,4265
absorbing,35,4266
patency,35,4267
hemiarthroplasty,35,4268
gluteus,35,4269
epistaxis,35,4270
desaturation,35,4271
contoured,35,4272
fasciotomy,35,4273
microbiology,35,4274
lavaged,35,4275
tuberculosis,35,4276
piriform,35,4277
dexamethasone,35,4278
nurolon,35,4279
tamponade,35,4280
leksell,35,4281
alar,35,4282
resident,35,4283
histologic,35,4284
orbicularis,35,4285
tendinosis,35,4286
tree,35,4287
calcaneus,35,4288
consist,35,4289
upward,35,4290
ostomy,35,4291
sons,35,4292
repetition,35,4293
represents,35,4294
inversion,35,4295
shin,35,4296
seasonal,35,4297
splenomegaly,35,4298
appointments,35,4299
folate,35,4300
ambulance,35,4301
psoriasis,35,4302
ages,35,4303
patellae,35,4304
tonic,35,4305
gained,34,4306
crestor,34,4307
curve,34,4308
restricted,34,4309
vasculitis,34,4310
nonpalpable,34,4311
greatly,34,4312
ventilatory,34,4313
sufficient,34,4314
changing,34,4315
technical,34,4316
reapproximate,34,4317
solitary,34,4318
hasson,34,4319
opted,34,4320
stalk,34,4321
aside,34,4322
sleepy,34,4323
makes,34,4324
pillow,34,4325
irrigate,34,4326
satisfactorily,34,4327
limit,34,4328
restrictions,34,4329
sensitive,34,4330
contracture,34,4331
board,34,4332
radioactive,34,4333
hormone,34,4334
tachycardic,34,4335
willing,34,4336
hydrodissection,34,4337
existing,34,4338
occiput,34,4339
cubital,34,4340
defined,34,4341
manipulator,34,4342
washed,34,4343
cortisone,34,4344
diseased,34,4345
contained,34,4346
suitable,34,4347
disks,34,4348
abscesses,34,4349
immobilizer,34,4350
tailor,34,4351
intermetatarsal,34,4352
intimal,34,4353
representing,34,4354
becoming,34,4355
canthus,34,4356
wish,34,4357
mucoid,34,4358
ranging,34,4359
tail,34,4360
refused,34,4361
neuroforaminal,34,4362
perianal,34,4363
phenomenon,34,4364
mrsa,34,4365
gluteal,34,4366
film,34,4367
bifurcates,34,4368
lima,34,4369
atrovent,34,4370
multifocal,34,4371
flattening,34,4372
category,34,4373
teaspoon,34,4374
cardizem,34,4375
flonase,34,4376
artifact,34,4377
supper,34,4378
impact,34,4379
hypoglycemia,34,4380
contains,34,4381
lucid,34,4382
meningismus,34,4383
spelling,34,4384
meningioma,34,4385
marital,34,4386
physicians,34,4387
pitting,33,4388
spike,33,4389
lipectomy,33,4390
withdrew,33,4391
socially,33,4392
ulcerative,33,4393
route,33,4394
externally,33,4395
wean,33,4396
excise,33,4397
nasogastric,33,4398
vasculature,33,4399
corresponding,33,4400
inflation,33,4401
largest,33,4402
stained,33,4403
bottom,33,4404
dioxide,33,4405
entrance,33,4406
freeing,33,4407
turp,33,4408
compliance,33,4409
hump,33,4410
meckel,33,4411
serially,33,4412
transmitted,33,4413
disturbances,33,4414
dates,33,4415
force,33,4416
older,33,4417
chem,33,4418
referring,33,4419
carpi,33,4420
passages,33,4421
intraperitoneal,33,4422
structural,33,4423
nick,33,4424
goiter,33,4425
acceptable,33,4426
anesthetics,33,4427
airways,33,4428
sought,33,4429
hemoccult,33,4430
ethanol,33,4431
narrative,33,4432
verify,33,4433
discovered,33,4434
smas,33,4435
fraying,33,4436
deepen,33,4437
supervised,33,4438
supported,33,4439
talus,33,4440
inadequate,33,4441
oxygenation,33,4442
brachiocephalic,33,4443
tall,33,4444
integra,33,4445
flare,33,4446
reporting,33,4447
brachioradialis,33,4448
warfarin,33,4449
hepatomegaly,33,4450
bibasilar,33,4451
exercising,33,4452
pronounced,33,4453
cramps,33,4454
consume,33,4455
shoes,32,4456
fingerbreadth,32,4457
thirds,32,4458
scrub,32,4459
shower,32,4460
forms,32,4461
involuntary,32,4462
induration,32,4463
doxycycline,32,4464
spatulated,32,4465
runny,32,4466
anesthesiologist,32,4467
perirectal,32,4468
method,32,4469
localizing,32,4470
occult,32,4471
satisfied,32,4472
nutritional,32,4473
backwards,32,4474
phimosis,32,4475
supervision,32,4476
reconstructed,32,4477
accepted,32,4478
interlocking,32,4479
habitus,32,4480
situ,32,4481
frank,32,4482
tray,32,4483
dinner,32,4484
tonight,32,4485
developing,32,4486
premarin,32,4487
toto,32,4488
peritomy,32,4489
transposed,32,4490
demonstrating,32,4491
finished,32,4492
hiatus,32,4493
myelogram,32,4494
cage,32,4495
till,32,4496
implanted,32,4497
suspended,32,4498
disturbance,32,4499
anesthesiology,32,4500
eversion,32,4501
individually,32,4502
cubic,32,4503
basilic,32,4504
elastic,32,4505
phosphate,32,4506
menorrhagia,32,4507
subxiphoid,32,4508
gastroenteritis,32,4509
irregularly,32,4510
hank,32,4511
incarcerated,32,4512
columella,32,4513
association,32,4514
angiographically,32,4515
radiotherapy,32,4516
gastrocnemius,32,4517
playing,32,4518
cavities,32,4519
refuses,32,4520
constructed,32,4521
glottic,32,4522
posture,32,4523
cardiolite,32,4524
exertional,32,4525
hypoxemia,32,4526
enlarging,32,4527
temple,32,4528
purposes,32,4529
brings,32,4530
gastroenterologist,32,4531
klonopin,32,4532
fibromyalgia,32,4533
flexeril,32,4534
trazodone,32,4535
zantac,32,4536
verapamil,32,4537
postnasal,32,4538
xopenex,32,4539
fluconazole,32,4540
lamictal,32,4541
tachypnea,32,4542
diff,32,4543
gallstones,31,4544
desire,31,4545
inframammary,31,4546
inflow,31,4547
hemoclips,31,4548
emptying,31,4549
irrigant,31,4550
contractures,31,4551
bundles,31,4552
lethargy,31,4553
membranous,31,4554
pill,31,4555
confrontation,31,4556
whose,31,4557
consists,31,4558
tegaderm,31,4559
rectocele,31,4560
empty,31,4561
incorporating,31,4562
lahey,31,4563
restart,31,4564
broken,31,4565
eluting,31,4566
prepping,31,4567
suspicion,31,4568
slowed,31,4569
foci,31,4570
fetus,31,4571
compressed,31,4572
bulky,31,4573
angulation,31,4574
button,31,4575
exteriorized,31,4576
flows,31,4577
radiofrequency,31,4578
papaverine,31,4579
fibrinous,31,4580
crutches,31,4581
foraminotomy,31,4582
ellipse,31,4583
subtotal,31,4584
majority,31,4585
lump,31,4586
calculations,31,4587
efforts,31,4588
osteochondral,31,4589
patchy,31,4590
designed,31,4591
orbit,31,4592
vertebrae,31,4593
marks,31,4594
parenchymal,31,4595
genetic,31,4596
tracing,31,4597
pneumonitis,31,4598
dorsiflexion,31,4599
hamstring,31,4600
exacerbated,31,4601
positional,31,4602
jejunum,31,4603
limitation,31,4604
hurt,31,4605
cancers,31,4606
eoms,31,4607
coarse,31,4608
nine,31,4609
hyperglycemia,31,4610
paranasal,31,4611
simvastatin,31,4612
equivocal,31,4613
periventricular,31,4614
palpitation,31,4615
wine,31,4616
integumentary,31,4617
likes,30,4618
dorsi,30,4619
carry,30,4620
valves,30,4621
outline,30,4622
subplatysmal,30,4623
testicles,30,4624
clothes,30,4625
vulva,30,4626
isolate,30,4627
foul,30,4628
indwelling,30,4629
nurses,30,4630
immune,30,4631
heal,30,4632
wheeled,30,4633
injecting,30,4634
roof,30,4635
knot,30,4636
liter,30,4637
wash,30,4638
ureteroscope,30,4639
passes,30,4640
wednesday,30,4641
nephropathy,30,4642
coated,30,4643
checkup,30,4644
polyuria,30,4645
diltiazem,30,4646
materials,30,4647
superotemporal,30,4648
tapered,30,4649
downward,30,4650
freer,30,4651
roughly,30,4652
slipped,30,4653
malnutrition,30,4654
appreciable,30,4655
produce,30,4656
weaned,30,4657
inferolateral,30,4658
techniques,30,4659
tend,30,4660
rods,30,4661
taper,30,4662
heaney,30,4663
anchors,30,4664
empyema,30,4665
decortication,30,4666
cigarette,30,4667
vestibule,30,4668
navicular,30,4669
abductovalgus,30,4670
awaiting,30,4671
argon,30,4672
stretching,30,4673
exposures,30,4674
acidosis,30,4675
parotid,30,4676
participated,30,4677
confluence,30,4678
friable,30,4679
blepharoplasty,30,4680
abrasion,30,4681
recipient,30,4682
alveolar,30,4683
stenosing,30,4684
sheets,30,4685
presumably,30,4686
botulinum,30,4687
extensors,30,4688
manipulated,30,4689
blurry,30,4690
weighed,30,4691
boston,30,4692
missing,30,4693
reviewing,30,4694
lingual,30,4695
spots,30,4696
endocervical,30,4697
supplying,30,4698
difficile,30,4699
retroflexion,30,4700
keratotic,30,4701
hypoxia,30,4702
discoloration,30,4703
subtalar,30,4704
tendency,30,4705
community,30,4706
passy,30,4707
muir,30,4708
sleeps,30,4709
imuran,30,4710
treadmill,30,4711
stands,30,4712
rates,30,4713
environment,30,4714
unaware,30,4715
acetaminophen,30,4716
insertional,30,4717
chiropractor,30,4718
retardation,30,4719
amitriptyline,30,4720
stranding,30,4721
behaviors,30,4722
valley,30,4723
physiatrist,30,4724
bipap,30,4725
steps,29,4726
attacks,29,4727
ligasure,29,4728
supraumbilical,29,4729
sizer,29,4730
treating,29,4731
interrogation,29,4732
lability,29,4733
anger,29,4734
rarely,29,4735
ercp,29,4736
visceral,29,4737
orifices,29,4738
atraumatically,29,4739
twisting,29,4740
bookwalter,29,4741
elevating,29,4742
stoma,29,4743
secure,29,4744
immunization,29,4745
perioperative,29,4746
myalgias,29,4747
afrin,29,4748
communicating,29,4749
tapping,29,4750
tunneled,29,4751
xiphoid,29,4752
preperitoneal,29,4753
action,29,4754
dimension,29,4755
artificial,29,4756
curettings,29,4757
collapsed,29,4758
historian,29,4759
antigen,29,4760
twin,29,4761
amplatz,29,4762
piecemeal,29,4763
lymphatics,29,4764
hydrocodone,29,4765
amputated,29,4766
cerebrospinal,29,4767
pectoral,29,4768
sets,29,4769
bursitis,29,4770
legal,29,4771
expectations,29,4772
foam,29,4773
ostia,29,4774
blades,29,4775
cottonoid,29,4776
facets,29,4777
thoracoscopy,29,4778
dysmenorrhea,29,4779
analgesia,29,4780
aunt,29,4781
infraspinatus,29,4782
monofilament,29,4783
denver,29,4784
irregularity,29,4785
profound,29,4786
discolored,29,4787
erythromycin,29,4788
confirmation,29,4789
delineate,29,4790
noticing,29,4791
joules,29,4792
warranted,29,4793
comminution,29,4794
desufflated,29,4795
cool,29,4796
stiff,29,4797
communicate,29,4798
stressed,29,4799
weighing,29,4800
nodal,29,4801
decisions,29,4802
fungal,29,4803
ingrown,29,4804
supplements,29,4805
parameters,29,4806
spoken,29,4807
periodic,29,4808
ceftriaxone,29,4809
experiences,29,4810
proprioception,29,4811
heroin,29,4812
ideations,29,4813
saturday,29,4814
hyperthyroidism,29,4815
rheumatology,29,4816
bathroom,29,4817
mmse,29,4818
attitude,29,4819
mexico,29,4820
lived,28,4821
security,28,4822
discs,28,4823
vertically,28,4824
alteration,28,4825
ridge,28,4826
ligate,28,4827
fulgurated,28,4828
stream,28,4829
harvesting,28,4830
identical,28,4831
ureteroscopy,28,4832
neurogenic,28,4833
meeting,28,4834
cauterize,28,4835
approached,28,4836
cecal,28,4837
polysorb,28,4838
stented,28,4839
plexus,28,4840
arousable,28,4841
proven,28,4842
transfusions,28,4843
pleasure,28,4844
twisted,28,4845
bladed,28,4846
encircled,28,4847
telfa,28,4848
labored,28,4849
enalapril,28,4850
predominant,28,4851
deal,28,4852
lysed,28,4853
develops,28,4854
leaks,28,4855
physiologic,28,4856
crying,28,4857
austin,28,4858
reamer,28,4859
stockinette,28,4860
bactiseal,28,4861
sclera,28,4862
class,28,4863
millivolts,28,4864
ventriculostomy,28,4865
impaction,28,4866
abortion,28,4867
negligible,28,4868
lashes,28,4869
synovium,28,4870
stemmed,28,4871
acetabular,28,4872
reaming,28,4873
liner,28,4874
transforaminal,28,4875
diskectomy,28,4876
facilitate,28,4877
carious,28,4878
dupuytren,28,4879
molar,28,4880
hypermenorrhea,28,4881
exclusive,28,4882
converted,28,4883
acromioclavicular,28,4884
nonionic,28,4885
dynamic,28,4886
former,28,4887
frontotemporal,28,4888
intracerebral,28,4889
sellar,28,4890
largely,28,4891
provisc,28,4892
extruded,28,4893
expanded,28,4894
massage,28,4895
basketball,28,4896
antral,28,4897
intensification,28,4898
cleaning,28,4899
lvedp,28,4900
timi,28,4901
photographs,28,4902
chondroplasty,28,4903
rationale,28,4904
losing,28,4905
conus,28,4906
manifold,28,4907
statin,28,4908
proton,28,4909
blind,28,4910
distortion,28,4911
nebulizer,28,4912
quervain,28,4913
product,28,4914
diverticular,28,4915
coarctation,28,4916
akin,28,4917
stridor,28,4918
zithromax,28,4919
nontoxic,28,4920
repetitive,28,4921
adderall,28,4922
dermatitis,28,4923
bicarb,28,4924
wrists,28,4925
panic,28,4926
accutane,28,4927
multivitamins,28,4928
labetalol,28,4929
logical,28,4930
typically,28,4931
keppra,28,4932
precordium,28,4933
neuroblastoma,28,4934
myeloma,28,4935
summer,27,4936
sprays,27,4937
everyday,27,4938
roux,27,4939
harvest,27,4940
scds,27,4941
urinate,27,4942
ciprofloxacin,27,4943
mosquito,27,4944
robotic,27,4945
sweep,27,4946
assure,27,4947
anterograde,27,4948
monopolar,27,4949
unemployed,27,4950
perineal,27,4951
chain,27,4952
applying,27,4953
suturing,27,4954
pockets,27,4955
void,27,4956
pepcid,27,4957
ileus,27,4958
grew,27,4959
establish,27,4960
analgesics,27,4961
transfused,27,4962
heterogeneous,27,4963
irrigating,27,4964
localize,27,4965
favorable,27,4966
digitally,27,4967
propofol,27,4968
coin,27,4969
heads,27,4970
reopened,27,4971
overt,27,4972
crescent,27,4973
berry,27,4974
personnel,27,4975
layman,27,4976
loud,27,4977
stainless,27,4978
character,27,4979
zygoma,27,4980
torso,27,4981
arthritic,27,4982
wake,27,4983
patches,27,4984
paddle,27,4985
symptomatology,27,4986
strut,27,4987
bare,27,4988
eccentric,27,4989
pathologist,27,4990
cadaveric,27,4991
remission,27,4992
feedback,27,4993
worrisome,27,4994
intravascular,27,4995
embolization,27,4996
loaded,27,4997
metastases,27,4998
variant,27,4999
swing,27,5000
morselized,27,5001
violence,27,5002
gutter,27,5003
brow,27,5004
nodular,27,5005
virus,27,5006
kirschner,27,5007
facetectomy,27,5008
opposed,27,5009
plasma,27,5010
advice,27,5011
colored,27,5012
atrioventricular,27,5013
notice,27,5014
gastroparesis,27,5015
pooling,27,5016
aggressively,27,5017
posttraumatic,27,5018
hyperventilation,27,5019
obtunded,27,5020
caffeine,27,5021
lordotic,27,5022
linguistic,27,5023
abilities,27,5024
vegetables,27,5025
patterns,27,5026
puffs,27,5027
phosphorus,27,5028
restless,27,5029
nondrinker,27,5030
glipizide,27,5031
errors,27,5032
sensations,27,5033
propranolol,27,5034
multilevel,27,5035
milestones,27,5036
angry,27,5037
topamax,27,5038
duty,27,5039
jerks,27,5040
leaflets,26,5041
ovale,26,5042
latencies,26,5043
bupivacaine,26,5044
deferens,26,5045
interim,26,5046
instruction,26,5047
urologist,26,5048
strictures,26,5049
hypertrophied,26,5050
retropubic,26,5051
brachytherapy,26,5052
advil,26,5053
nodularity,26,5054
differentiated,26,5055
orchiopexy,26,5056
spring,26,5057
approximating,26,5058
psoas,26,5059
conjoint,26,5060
probes,26,5061
anywhere,26,5062
clotting,26,5063
reasonably,26,5064
clicks,26,5065
varices,26,5066
cutter,26,5067
inferotemporal,26,5068
settings,26,5069
retina,26,5070
leaf,26,5071
decelerations,26,5072
maneuvers,26,5073
healon,26,5074
microdissection,26,5075
stapes,26,5076
pollicis,26,5077
sternothyroid,26,5078
lumpectomy,26,5079
retinacular,26,5080
chamfer,26,5081
nonsterile,26,5082
checking,26,5083
centrally,26,5084
accept,26,5085
define,26,5086
clavicular,26,5087
integrilin,26,5088
styloid,26,5089
stasis,26,5090
heels,26,5091
malfunction,26,5092
sigmoidoscopy,26,5093
nondominant,26,5094
horseshoe,26,5095
dilaudid,26,5096
achieving,26,5097
limbs,26,5098
manufacturer,26,5099
switch,26,5100
texas,26,5101
circle,26,5102
scant,26,5103
country,26,5104
rightward,26,5105
tangential,26,5106
murphy,26,5107
nonreassuring,26,5108
dividing,26,5109
beads,26,5110
palatal,26,5111
construction,26,5112
indeterminate,26,5113
ventilated,26,5114
swan,26,5115
worst,26,5116
provider,26,5117
cineangiography,26,5118
trivial,26,5119
velocities,26,5120
hodgkin,26,5121
task,26,5122
psychiatry,26,5123
puff,26,5124
titers,26,5125
stooping,26,5126
elicit,26,5127
citalopram,26,5128
classes,26,5129
attend,26,5130
structurally,26,5131
cytoxan,26,5132
lexiscan,26,5133
simulation,26,5134
depakote,26,5135
grandchildren,26,5136
meningitis,25,5137
stockings,25,5138
titer,25,5139
trach,25,5140
mention,25,5141
tack,25,5142
omental,25,5143
colic,25,5144
modest,25,5145
pyeloplasty,25,5146
anastomotic,25,5147
gyrus,25,5148
erectile,25,5149
stopping,25,5150
outlet,25,5151
defibrillator,25,5152
onlay,25,5153
documentation,25,5154
wiped,25,5155
pointed,25,5156
affixed,25,5157
illegal,25,5158
lumps,25,5159
questionnaire,25,5160
shockwave,25,5161
enhance,25,5162
irritated,25,5163
frame,25,5164
claudication,25,5165
bites,25,5166
watching,25,5167
wheal,25,5168
whatsoever,25,5169
examine,25,5170
maxitrol,25,5171
neosporin,25,5172
identifiable,25,5173
waveform,25,5174
reflect,25,5175
perpendicular,25,5176
knots,25,5177
layered,25,5178
trochanteric,25,5179
satisfaction,25,5180
trough,25,5181
debulked,25,5182
orthopedics,25,5183
endplates,25,5184
splints,25,5185
parapharyngeal,25,5186
nasopharyngeal,25,5187
picture,25,5188
markers,25,5189
technician,25,5190
interest,25,5191
conference,25,5192
served,25,5193
bidirectional,25,5194
improves,25,5195
tactile,25,5196
bioabsorbable,25,5197
prematurity,25,5198
dismissed,25,5199
radialis,25,5200
matrix,25,5201
talar,25,5202
lightheaded,25,5203
labia,25,5204
separation,25,5205
distension,25,5206
orbits,25,5207
nonunion,25,5208
feed,25,5209
types,25,5210
inspiration,25,5211
glioblastoma,25,5212
doughnut,25,5213
caval,25,5214
starts,25,5215
faint,25,5216
calcaneocuboid,25,5217
guidelines,25,5218
express,25,5219
sessions,25,5220
sentences,25,5221
tinel,25,5222
contributory,25,5223
inspiratory,25,5224
presyncope,25,5225
azithromycin,25,5226
immunologic,25,5227
dermatology,25,5228
quiet,25,5229
incoordination,25,5230
perception,25,5231
truck,25,5232
personality,25,5233
adolescent,25,5234
actos,25,5235
impulse,25,5236
trileptal,25,5237
student,25,5238
sports,25,5239
vaccine,25,5240
york,24,5241
tricor,24,5242
noon,24,5243
periumbilical,24,5244
neuropsychologic,24,5245
medifast,24,5246
intraoral,24,5247
explore,24,5248
securing,24,5249
closer,24,5250
calculus,24,5251
fosamax,24,5252
sealed,24,5253
subdartos,24,5254
calibrated,24,5255
rechecked,24,5256
burden,24,5257
soap,24,5258
stuck,24,5259
upcoming,24,5260
updated,24,5261
asymptomatic,24,5262
miralax,24,5263
gastroenterology,24,5264
sincerely,24,5265
internally,24,5266
fluff,24,5267
tunneling,24,5268
swept,24,5269
clamping,24,5270
worried,24,5271
caudad,24,5272
attenuated,24,5273
walled,24,5274
instillation,24,5275
anteromedial,24,5276
shave,24,5277
balfour,24,5278
increasingly,24,5279
hives,24,5280
macrodantin,24,5281
riding,24,5282
inject,24,5283
restrained,24,5284
replace,24,5285
neonatal,24,5286
prosthetic,24,5287
pupillary,24,5288
consequences,24,5289
hose,24,5290
hulka,24,5291
bear,24,5292
suprapatellar,24,5293
nexgen,24,5294
optimal,24,5295
reference,24,5296
meniscectomy,24,5297
vastus,24,5298
piriformis,24,5299
accessed,24,5300
pinpoint,24,5301
probing,24,5302
purulence,24,5303
plantarly,24,5304
crown,24,5305
texture,24,5306
silver,24,5307
endocarditis,24,5308
deteriorated,24,5309
enema,24,5310
bowl,24,5311
supraorbital,24,5312
selectively,24,5313
thinning,24,5314
sesamoid,24,5315
escorted,24,5316
encephalopathy,24,5317
phasic,24,5318
pulmonic,24,5319
conduit,24,5320
cavernous,24,5321
utrata,24,5322
interscalene,24,5323
bier,24,5324
dispensed,24,5325
mesial,24,5326
lengthening,24,5327
inhibitors,24,5328
leaflet,24,5329
norwood,24,5330
importance,24,5331
requests,24,5332
gases,24,5333
disposable,24,5334
intrahepatic,24,5335
acutely,24,5336
nephrology,24,5337
titrated,24,5338
incisors,24,5339
stepped,24,5340
bronchoalveolar,24,5341
transbronchial,24,5342
seborrheic,24,5343
coffee,24,5344
hamate,24,5345
sessile,24,5346
sisters,24,5347
suck,24,5348
describe,24,5349
recurred,24,5350
breakthrough,24,5351
splenectomy,24,5352
labral,24,5353
bengal,24,5354
sentence,24,5355
compensation,24,5356
ileostomy,24,5357
petechial,24,5358
household,24,5359
wakes,24,5360
ferritin,24,5361
centrum,24,5362
react,24,5363
hyponatremia,24,5364
consumed,24,5365
amlodipine,24,5366
photic,24,5367
exhibits,24,5368
neurosurgical,24,5369
clonic,24,5370
prop,24,5371
vfftc,24,5372
psychosocial,24,5373
marriage,24,5374
cymbalta,24,5375
disorganized,24,5376
manic,24,5377
california,24,5378
speaks,24,5379
bronchiolitis,24,5380
examinee,24,5381
wellness,24,5382
climbing,23,5383
play,23,5384
technically,23,5385
dysplasia,23,5386
collaterals,23,5387
demonstration,23,5388
intestine,23,5389
reversal,23,5390
urge,23,5391
tracts,23,5392
path,23,5393
peeled,23,5394
grown,23,5395
inhalational,23,5396
migration,23,5397
zosyn,23,5398
conducted,23,5399
dilute,23,5400
degenerated,23,5401
generic,23,5402
minus,23,5403
polydipsia,23,5404
mind,23,5405
uncle,23,5406
guidewires,23,5407
adhered,23,5408
voltage,23,5409
drum,23,5410
recalled,23,5411
spurs,23,5412
tycron,23,5413
fundal,23,5414
inflate,23,5415
witnessed,23,5416
orogastric,23,5417
cricothyroid,23,5418
flushing,23,5419
reaching,23,5420
methods,23,5421
interspaces,23,5422
construct,23,5423
transection,23,5424
antecubital,23,5425
bouts,23,5426
driven,23,5427
pediatrician,23,5428
rolling,23,5429
segs,23,5430
microvascular,23,5431
granuloma,23,5432
rhinoplasty,23,5433
minimize,23,5434
affecting,23,5435
radiological,23,5436
pinning,23,5437
venogram,23,5438
staining,23,5439
orif,23,5440
plasty,23,5441
raise,23,5442
arranged,23,5443
discogram,23,5444
tightly,23,5445
intervals,23,5446
dislocations,23,5447
serosanguineous,23,5448
toenails,23,5449
lately,23,5450
contusions,23,5451
defibrillation,23,5452
arteriogram,23,5453
respiration,23,5454
dysmetria,23,5455
calvarium,23,5456
considerable,23,5457
kaiser,23,5458
unspecified,23,5459
teres,23,5460
glioma,23,5461
toxicity,23,5462
lanoxin,23,5463
stds,23,5464
fruits,23,5465
seatbelt,23,5466
ketones,23,5467
database,23,5468
electroencephalogram,23,5469
defer,23,5470
polymyositis,23,5471
postural,23,5472
workers,23,5473
euthymic,23,5474
denervation,23,5475
haldol,23,5476
lorazepam,23,5477
urological,23,5478
ideal,22,5479
bariatric,22,5480
undermining,22,5481
aroused,22,5482
chambers,22,5483
awoken,22,5484
caudate,22,5485
scanning,22,5486
potts,22,5487
remnants,22,5488
adjustment,22,5489
paint,22,5490
picked,22,5491
proscar,22,5492
benzoin,22,5493
volumes,22,5494
hydroceles,22,5495
retrieved,22,5496
cystitis,22,5497
ligatures,22,5498
twist,22,5499
coil,22,5500
indigo,22,5501
carmine,22,5502
gerota,22,5503
skeletal,22,5504
erection,22,5505
embolus,22,5506
tubular,22,5507
operate,22,5508
police,22,5509
nostrils,22,5510
lipoma,22,5511
serosal,22,5512
progressing,22,5513
warmth,22,5514
reexamined,22,5515
neoplasia,22,5516
deflux,22,5517
sunday,22,5518
graspers,22,5519
therapies,22,5520
approved,22,5521
elavil,22,5522
raises,22,5523
fixated,22,5524
administering,22,5525
sclerotomies,22,5526
westcott,22,5527
intrathecal,22,5528
arrhythmias,22,5529
thresholds,22,5530
verifying,22,5531
adls,22,5532
corner,22,5533
version,22,5534
detached,22,5535
incidentally,22,5536
adenotonsillitis,22,5537
cryptic,22,5538
vomer,22,5539
eardrum,22,5540
redirected,22,5541
follicular,22,5542
odor,22,5543
thoracentesis,22,5544
mucoperiosteal,22,5545
synchromed,22,5546
bankart,22,5547
duragen,22,5548
initiation,22,5549
vdrl,22,5550
hyoid,22,5551
lymphoid,22,5552
blocked,22,5553
bicipital,22,5554
radiated,22,5555
biventricular,22,5556
chin,22,5557
diopters,22,5558
cineangiograms,22,5559
macula,22,5560
vest,22,5561
tiva,22,5562
increases,22,5563
scapular,22,5564
haptic,22,5565
periorbital,22,5566
synephrine,22,5567
handpiece,22,5568
photos,22,5569
viewing,22,5570
metaphyseal,22,5571
pseudoarthrosis,22,5572
gaining,22,5573
mannitol,22,5574
choking,22,5575
santa,22,5576
popping,22,5577
transaminases,22,5578
suctioning,22,5579
subcarinal,22,5580
supraglottic,22,5581
hysteroscopy,22,5582
strengthening,22,5583
hysteroscope,22,5584
dependence,22,5585
wraps,22,5586
triggered,22,5587
hemicolectomy,22,5588
amalgam,22,5589
composite,22,5590
bronchodilator,22,5591
solids,22,5592
motility,22,5593
recovering,22,5594
claims,22,5595
traveling,22,5596
numb,22,5597
enhanced,22,5598
united,22,5599
loculated,22,5600
tapering,22,5601
accurate,22,5602
shooting,22,5603
chylous,22,5604
graduated,22,5605
fish,22,5606
novolog,22,5607
helps,22,5608
hurting,22,5609
anymore,22,5610
ekgs,22,5611
enjoys,22,5612
fractions,22,5613
lasts,22,5614
truncal,22,5615
tendinitis,22,5616
hypercoagulable,22,5617
pons,22,5618
unsteady,22,5619
shaking,22,5620
reconstructions,22,5621
spouse,22,5622
jail,22,5623
rating,22,5624
neighbor,22,5625
anticipatory,22,5626
nonerythematous,22,5627
salivary,22,5628
spasticity,22,5629
asbestos,22,5630
highest,21,5631
suffers,21,5632
envelope,21,5633
shiley,21,5634
voluntary,21,5635
cystourethroscopy,21,5636
asking,21,5637
delineated,21,5638
chocolate,21,5639
divide,21,5640
ileal,21,5641
bell,21,5642
narrowed,21,5643
extravasation,21,5644
prompt,21,5645
straightened,21,5646
soreness,21,5647
seed,21,5648
bump,21,5649
bumps,21,5650
connective,21,5651
bridge,21,5652
midportion,21,5653
preserving,21,5654
circumcised,21,5655
xxxx,21,5656
hooked,21,5657
reflection,21,5658
stretch,21,5659
toldt,21,5660
ligating,21,5661
spacers,21,5662
vague,21,5663
adhd,21,5664
organ,21,5665
modification,21,5666
constriction,21,5667
string,21,5668
periaortic,21,5669
choice,21,5670
oxycontin,21,5671
medullary,21,5672
paper,21,5673
atropine,21,5674
bandages,21,5675
reassuring,21,5676
intense,21,5677
protruding,21,5678
knowing,21,5679
fimbriated,21,5680
shell,21,5681
maximus,21,5682
prepare,21,5683
debulking,21,5684
ipsilateral,21,5685
resumed,21,5686
portable,21,5687
correctly,21,5688
arteritis,21,5689
means,21,5690
loosely,21,5691
repeatedly,21,5692
cicatrix,21,5693
nonsteroidal,21,5694
slap,21,5695
craniectomy,21,5696
porus,21,5697
myofascial,21,5698
tipped,21,5699
wing,21,5700
anastomosed,21,5701
cannulation,21,5702
charge,21,5703
termination,21,5704
preservation,21,5705
saturated,21,5706
arteriography,21,5707
suprasellar,21,5708
stimulus,21,5709
femoris,21,5710
heavily,21,5711
elongated,21,5712
deterioration,21,5713
circumstances,21,5714
wilson,21,5715
endocrinology,21,5716
drawer,21,5717
court,21,5718
resultant,21,5719
longest,21,5720
simultaneous,21,5721
colectomy,21,5722
streptococcus,21,5723
contain,21,5724
perinephric,21,5725
biphasic,21,5726
microelectrode,21,5727
picking,21,5728
peek,21,5729
overload,21,5730
write,21,5731
flexibility,21,5732
items,21,5733
beneficial,21,5734
frustrated,21,5735
sips,21,5736
vitamins,21,5737
hypopnea,21,5738
hyperactivity,21,5739
opiates,21,5740
hematological,21,5741
sublingual,21,5742
glucosamine,21,5743
zetia,21,5744
clostridium,21,5745
memorial,21,5746
glucoses,21,5747
abilify,21,5748
nauseated,21,5749
drowsiness,21,5750
drowsy,21,5751
beer,21,5752
monocytes,21,5753
admissions,21,5754
hemiplegia,21,5755
talonavicular,21,5756
hyperintense,21,5757
software,21,5758
dens,21,5759
tattoos,21,5760
stressors,21,5761
feelings,21,5762
deny,21,5763
psychotherapy,21,5764
relevant,21,5765
wais,21,5766
breaths,21,5767
hence,20,5768
distinct,20,5769
grasping,20,5770
prothrombin,20,5771
impotence,20,5772
panendoscope,20,5773
enlarge,20,5774
hopes,20,5775
loading,20,5776
systematically,20,5777
looped,20,5778
pharyngitis,20,5779
executive,20,5780
inflatable,20,5781
corporal,20,5782
tracked,20,5783
broke,20,5784
happen,20,5785
morbidity,20,5786
weitlaner,20,5787
maryland,20,5788
alpha,20,5789
adding,20,5790
organisms,20,5791
supposed,20,5792
conjugate,20,5793
leukocytes,20,5794
resp,20,5795
beverages,20,5796
circular,20,5797
scheduling,20,5798
recover,20,5799
begins,20,5800
hardened,20,5801
tetracaine,20,5802
splinted,20,5803
glue,20,5804
wydase,20,5805
sclerotomy,20,5806
massaged,20,5807
curetted,20,5808
cholesteatoma,20,5809
relaxed,20,5810
crura,20,5811
noticeable,20,5812
automatic,20,5813
capped,20,5814
providing,20,5815
style,20,5816
cured,20,5817
specifications,20,5818
methylmethacrylate,20,5819
narcotic,20,5820
lata,20,5821
focused,20,5822
lastly,20,5823
nicked,20,5824
ablated,20,5825
lobule,20,5826
autogenous,20,5827
hypoglossal,20,5828
annulotomy,20,5829
subsegmental,20,5830
celiac,20,5831
draw,20,5832
brush,20,5833
cranioplasty,20,5834
jude,20,5835
flight,20,5836
footplate,20,5837
hooks,20,5838
morcellized,20,5839
corpus,20,5840
eyebrow,20,5841
spreader,20,5842
iodoform,20,5843
coracoacromial,20,5844
fibrin,20,5845
fick,20,5846
disappearance,20,5847
headrest,20,5848
relayed,20,5849
sella,20,5850
tinea,20,5851
adductor,20,5852
phaco,20,5853
cystotome,20,5854
trailing,20,5855
botox,20,5856
undergoes,20,5857
fixate,20,5858
capsuloperiosteal,20,5859
intercondylar,20,5860
inferomedial,20,5861
penfield,20,5862
malleolar,20,5863
plating,20,5864
disclosed,20,5865
chondral,20,5866
nasolacrimal,20,5867
tunnels,20,5868
guard,20,5869
duraprep,20,5870
paid,20,5871
pigmented,20,5872
bound,20,5873
epiglottic,20,5874
gallstone,20,5875
gynecological,20,5876
cages,20,5877
evaluations,20,5878
retinopathy,20,5879
drawing,20,5880
requirement,20,5881
intestinal,20,5882
principal,20,5883
ganz,20,5884
inferoapical,20,5885
cardia,20,5886
opaque,20,5887
ingested,20,5888
suboptimal,20,5889
indicative,20,5890
excavated,20,5891
oxide,20,5892
wisdom,20,5893
scores,20,5894
stimulator,20,5895
unfortunate,20,5896
basicervical,20,5897
cranium,20,5898
valium,20,5899
opacification,20,5900
practitioner,20,5901
multi,20,5902
radiologic,20,5903
sneezing,20,5904
adventitious,20,5905
alprazolam,20,5906
paraspinals,20,5907
hydrocortisone,20,5908
diffusion,20,5909
paperwork,20,5910
interventional,20,5911
paranoia,20,5912
earache,20,5913
lipids,20,5914
dexa,20,5915
miles,20,5916
sources,20,5917
counting,20,5918
wellbutrin,20,5919
exercised,20,5920
ache,20,5921
vomited,20,5922
throbbing,20,5923
anca,20,5924
myoclonic,20,5925
lica,20,5926
widowed,20,5927
shrug,20,5928
procrit,20,5929
zyprexa,20,5930
educational,20,5931
endorses,20,5932
antalgic,20,5933
sciatica,20,5934
passenger,20,5935
eclampsia,20,5936
xxxxx,20,5937
lymphoblastic,20,5938
pylori,19,5939
bougie,19,5940
lactated,19,5941
psychologist,19,5942
menses,19,5943
specified,19,5944
bearing,19,5945
humulin,19,5946
trigone,19,5947
spanish,19,5948
element,19,5949
encompassing,19,5950
vesicle,19,5951
pyelonephritis,19,5952
deeply,19,5953
beers,19,5954
institution,19,5955
povidone,19,5956
infiltrating,19,5957
unlabored,19,5958
herniorrhaphy,19,5959
juncture,19,5960
intrarenal,19,5961
involve,19,5962
subdermal,19,5963
giant,19,5964
remarkably,19,5965
happening,19,5966
raphe,19,5967
hesitancy,19,5968
dispense,19,5969
ease,19,5970
decide,19,5971
bend,19,5972
tries,19,5973
establishing,19,5974
stabilize,19,5975
rings,19,5976
mole,19,5977
traced,19,5978
mris,19,5979
gloved,19,5980
innominate,19,5981
dehiscence,19,5982
sternohyoid,19,5983
zimmer,19,5984
sizes,19,5985
graves,19,5986
linea,19,5987
shelf,19,5988
notified,19,5989
norco,19,5990
shifted,19,5991
lock,19,5992
arachnoid,19,5993
burns,19,5994
enteral,19,5995
interior,19,5996
spotting,19,5997
anatomically,19,5998
obstructions,19,5999
submucoperichondrial,19,6000
diminutive,19,6001
arrested,19,6002
chemistries,19,6003
canthal,19,6004
transplantation,19,6005
morbidly,19,6006
corticosteroids,19,6007
atresia,19,6008
hypoplastic,19,6009
tool,19,6010
halo,19,6011
torqued,19,6012
pleurodesis,19,6013
occlude,19,6014
lengths,19,6015
intermediate,19,6016
breakdown,19,6017
paste,19,6018
deceleration,19,6019
dullness,19,6020
vesicular,19,6021
washings,19,6022
paraplegia,19,6023
collections,19,6024
fused,19,6025
ionic,19,6026
globus,19,6027
maximize,19,6028
cyberknife,19,6029
punctate,19,6030
incompletely,19,6031
adenomatous,19,6032
exclude,19,6033
multiforme,19,6034
supplement,19,6035
registered,19,6036
trip,19,6037
calculi,19,6038
micrograms,19,6039
tolerates,19,6040
weaning,19,6041
dystonic,19,6042
effexor,19,6043
spectrum,19,6044
cases,19,6045
cups,19,6046
substances,19,6047
tetracycline,19,6048
sleepiness,19,6049
apartment,19,6050
paracentral,19,6051
poison,19,6052
sores,19,6053
drinker,19,6054
neither,19,6055
lyrica,19,6056
destructive,19,6057
bruce,19,6058
supraventricular,19,6059
heights,19,6060
subcutis,19,6061
electrophoresis,19,6062
ophthalmologist,19,6063
parent,19,6064
likelihood,19,6065
zonegran,19,6066
osteopenia,19,6067
slice,19,6068
institute,19,6069
younger,19,6070
fund,19,6071
english,19,6072
tias,19,6073
upstroke,19,6074
ortho,18,6075
square,18,6076
cannulas,18,6077
evidenced,18,6078
consumes,18,6079
answers,18,6080
plantars,18,6081
sibling,18,6082
bringing,18,6083
technetium,18,6084
dysplastic,18,6085
retracting,18,6086
violation,18,6087
surgeons,18,6088
kinking,18,6089
thrombin,18,6090
rapide,18,6091
transversalis,18,6092
vaccination,18,6093
evaluating,18,6094
pyelogram,18,6095
waking,18,6096
significance,18,6097
chemical,18,6098
intercourse,18,6099
courses,18,6100
disabled,18,6101
refusing,18,6102
discussions,18,6103
harm,18,6104
tucked,18,6105
dissections,18,6106
staphylococcus,18,6107
nighttime,18,6108
mortality,18,6109
endoshears,18,6110
incorporate,18,6111
processus,18,6112
wart,18,6113
zaontz,18,6114
adherence,18,6115
employment,18,6116
catheterized,18,6117
classification,18,6118
doctors,18,6119
sting,18,6120
interpreter,18,6121
paresthesia,18,6122
compazine,18,6123
biopro,18,6124
feathered,18,6125
shots,18,6126
dismissal,18,6127
cordis,18,6128
diluted,18,6129
standby,18,6130
simultaneously,18,6131
deliver,18,6132
neurolysis,18,6133
balls,18,6134
reinforcement,18,6135
exsanguination,18,6136
dimpling,18,6137
triamcinolone,18,6138
idea,18,6139
expect,18,6140
circumscribed,18,6141
echocardiography,18,6142
super,18,6143
kelly,18,6144
substernal,18,6145
trials,18,6146
spatula,18,6147
electrocoagulation,18,6148
ware,18,6149
broach,18,6150
rotators,18,6151
necessity,18,6152
sump,18,6153
menometrorrhagia,18,6154
septoplasty,18,6155
confirms,18,6156
upwards,18,6157
dacron,18,6158
thrombosed,18,6159
abundant,18,6160
hyperkalemia,18,6161
dramatic,18,6162
overhanging,18,6163
boggy,18,6164
corners,18,6165
pearly,18,6166
punches,18,6167
pros,18,6168
variables,18,6169
prevention,18,6170
herpes,18,6171
colorado,18,6172
traversing,18,6173
tobradex,18,6174
quadrilateral,18,6175
arcus,18,6176
protective,18,6177
hyperextension,18,6178
conservatively,18,6179
cardiothoracic,18,6180
dictate,18,6181
tuohy,18,6182
soleus,18,6183
senile,18,6184
town,18,6185
swab,18,6186
caloric,18,6187
capture,18,6188
sciatic,18,6189
trajectory,18,6190
caps,18,6191
pathway,18,6192
areola,18,6193
endotine,18,6194
paratracheal,18,6195
microdebrider,18,6196
conjunctivitis,18,6197
puncta,18,6198
barbara,18,6199
angiomax,18,6200
zygomatic,18,6201
vallecula,18,6202
twitching,18,6203
mammoplasty,18,6204
adjuvant,18,6205
decompressive,18,6206
rostrally,18,6207
apgar,18,6208
preterm,18,6209
attributed,18,6210
vulvar,18,6211
ducts,18,6212
ssep,18,6213
prescribe,18,6214
cauda,18,6215
equina,18,6216
corticocancellous,18,6217
bacteremia,18,6218
tamoxifen,18,6219
sounding,18,6220
universal,18,6221
barrett,18,6222
scanner,18,6223
premedication,18,6224
arthropathy,18,6225
pseudomeningocele,18,6226
hartmann,18,6227
cetacaine,18,6228
heme,18,6229
azygos,18,6230
objectively,18,6231
stimuli,18,6232
aciphex,18,6233
hanging,18,6234
machined,18,6235
autopsy,18,6236
lengthened,18,6237
biparietal,18,6238
fronto,18,6239
strict,18,6240
inhaled,18,6241
abducted,18,6242
flecainide,18,6243
participating,18,6244
titrate,18,6245
stayed,18,6246
caspar,18,6247
vitoss,18,6248
windows,18,6249
protuberant,18,6250
cooperation,18,6251
fluoxetine,18,6252
arouse,18,6253
dairy,18,6254
cyclophosphamide,18,6255
fingertips,18,6256
rated,18,6257
human,18,6258
hurts,18,6259
holter,18,6260
exams,18,6261
snacks,18,6262
praised,18,6263
carbonate,18,6264
inducible,18,6265
dysarthric,18,6266
intrinsically,18,6267
calves,18,6268
tibiofibular,18,6269
expressing,18,6270
employee,18,6271
neutropenia,18,6272
splinter,18,6273
amplitudes,18,6274
opioid,18,6275
discontinuing,18,6276
labile,18,6277
risperdal,18,6278
biological,18,6279
abused,18,6280
formulation,18,6281
expression,18,6282
swings,18,6283
benzodiazepines,18,6284
soma,18,6285
historical,18,6286
pantoprazole,18,6287
documents,18,6288
engineer,18,6289
backboard,18,6290
pulmicort,18,6291
mound,18,6292
suprascapular,18,6293
colchicine,18,6294
serologies,18,6295
public,17,6296
midaxillary,17,6297
handout,17,6298
phrases,17,6299
flattened,17,6300
latter,17,6301
latex,17,6302
flashes,17,6303
nasotracheal,17,6304
tracheotomy,17,6305
consults,17,6306
guarantees,17,6307
perfect,17,6308
pyelograms,17,6309
stooling,17,6310
barbotage,17,6311
fluffs,17,6312
cystectomy,17,6313
plicated,17,6314
pseudomonas,17,6315
locate,17,6316
coordinated,17,6317
probability,17,6318
besides,17,6319
tums,17,6320
resuscitation,17,6321
thursday,17,6322
representative,17,6323
overactive,17,6324
joseph,17,6325
injure,17,6326
abdominis,17,6327
bothersome,17,6328
cystocele,17,6329
emboli,17,6330
virtually,17,6331
electro,17,6332
fascitis,17,6333
recognized,17,6334
overlapping,17,6335
rotate,17,6336
replacements,17,6337
somewhere,17,6338
catch,17,6339
repeating,17,6340
dilating,17,6341
lengthy,17,6342
irrigator,17,6343
impossible,17,6344
epigastrium,17,6345
fitted,17,6346
worry,17,6347
viewed,17,6348
lymphadenitis,17,6349
osteophytic,17,6350
mallet,17,6351
store,17,6352
opacity,17,6353
epithelium,17,6354
clivus,17,6355
serology,17,6356
cerumen,17,6357
reoperation,17,6358
paramedian,17,6359
pressured,17,6360
tidal,17,6361
platysmal,17,6362
condyles,17,6363
adjusting,17,6364
beanbag,17,6365
cluster,17,6366
rose,17,6367
morphogenetic,17,6368
evac,17,6369
quarter,17,6370
dentures,17,6371
avoided,17,6372
educated,17,6373
infraorbital,17,6374
saturating,17,6375
losses,17,6376
earlobe,17,6377
barrier,17,6378
cooling,17,6379
sseps,17,6380
cefotaxime,17,6381
formula,17,6382
callosum,17,6383
door,17,6384
hemitransfixion,17,6385
anomalous,17,6386
heparinization,17,6387
depuy,17,6388
delivering,17,6389
sylvian,17,6390
permcath,17,6391
provisional,17,6392
fiberglass,17,6393
glabellar,17,6394
electrophysiology,17,6395
input,17,6396
decorticated,17,6397
nonsurgical,17,6398
bars,17,6399
bursectomy,17,6400
slip,17,6401
daughters,17,6402
johnson,17,6403
enrolled,17,6404
sentinel,17,6405
nitrites,17,6406
empirically,17,6407
oligohydramnios,17,6408
elixir,17,6409
laryngectomy,17,6410
attempting,17,6411
greatest,17,6412
decorticate,17,6413
adjust,17,6414
squared,17,6415
postmenopausal,17,6416
bifurcating,17,6417
carries,17,6418
odynophagia,17,6419
aliquots,17,6420
stigmata,17,6421
account,17,6422
decompress,17,6423
miscarriage,17,6424
bedrest,17,6425
drove,17,6426
radiate,17,6427
ingestion,17,6428
herniations,17,6429
mets,17,6430
beat,17,6431
singulair,17,6432
decompensation,17,6433
lactulose,17,6434
nsaids,17,6435
superimposed,17,6436
someone,17,6437
nonproductive,17,6438
contribute,17,6439
ferrous,17,6440
phenobarbital,17,6441
heave,17,6442
teacher,17,6443
dogs,17,6444
proteinuria,17,6445
vegetation,17,6446
correlated,17,6447
myocardium,17,6448
guillain,17,6449
barre,17,6450
pontis,17,6451
rapd,17,6452
sinai,17,6453
hctz,17,6454
consistently,17,6455
grades,17,6456
motivation,17,6457
domestic,17,6458
aunts,17,6459
phos,17,6460
paced,17,6461
uncles,17,6462
private,17,6463
worsens,17,6464
aldactone,17,6465
ivig,17,6466
tabs,17,6467
apcs,17,6468
chantix,16,6469
approval,16,6470
thereby,16,6471
noxious,16,6472
reattached,16,6473
arrange,16,6474
revascularization,16,6475
indiana,16,6476
diversion,16,6477
rising,16,6478
forming,16,6479
anastomoses,16,6480
determination,16,6481
carrying,16,6482
endopelvic,16,6483
levator,16,6484
pets,16,6485
superficially,16,6486
surrounded,16,6487
bridges,16,6488
crushed,16,6489
ventrum,16,6490
plaques,16,6491
asymmetric,16,6492
indentation,16,6493
marble,16,6494
fossae,16,6495
aborted,16,6496
penoscrotal,16,6497
unexpected,16,6498
lacrimal,16,6499
wings,16,6500
triage,16,6501
inherent,16,6502
gomco,16,6503
florida,16,6504
preference,16,6505
twins,16,6506
saddle,16,6507
commenced,16,6508
vertebra,16,6509
pectoris,16,6510
curving,16,6511
ethilon,16,6512
reintroduced,16,6513
mouthgag,16,6514
anteroinferior,16,6515
constricted,16,6516
ocuflox,16,6517
beveled,16,6518
meter,16,6519
turns,16,6520
incus,16,6521
counted,16,6522
multiparity,16,6523
boluses,16,6524
limbal,16,6525
tech,16,6526
parts,16,6527
extruding,16,6528
biomet,16,6529
backed,16,6530
astramorph,16,6531
transacted,16,6532
nosebleeds,16,6533
crowe,16,6534
davis,16,6535
angulated,16,6536
examinations,16,6537
alba,16,6538
connections,16,6539
fogarty,16,6540
entrapped,16,6541
dramatically,16,6542
uneventfully,16,6543
alternate,16,6544
concentrated,16,6545
endogia,16,6546
decay,16,6547
nondiagnostic,16,6548
inspect,16,6549
crossed,16,6550
thrombi,16,6551
nonreactive,16,6552
takedown,16,6553
spurring,16,6554
spiral,16,6555
subgaleal,16,6556
trap,16,6557
columellar,16,6558
salpingectomy,16,6559
knuckle,16,6560
ensued,16,6561
plication,16,6562
bursal,16,6563
sustain,16,6564
folliculitis,16,6565
moisture,16,6566
tarsus,16,6567
peripherally,16,6568
steady,16,6569
stylet,16,6570
vigorously,16,6571
persistence,16,6572
casts,16,6573
quadriparesis,16,6574
mapping,16,6575
believed,16,6576
concentrate,16,6577
supination,16,6578
sural,16,6579
thrown,16,6580
hawkins,16,6581
neurovascularly,16,6582
palmaris,16,6583
supracondylar,16,6584
encourage,16,6585
crus,16,6586
redo,16,6587
immunosuppression,16,6588
toxic,16,6589
gonadal,16,6590
specifics,16,6591
endovascular,16,6592
floxin,16,6593
guiding,16,6594
perclose,16,6595
shallow,16,6596
apron,16,6597
omohyoid,16,6598
nonlabored,16,6599
dealing,16,6600
neonate,16,6601
imbricating,16,6602
mesosalpinx,16,6603
subhepatic,16,6604
dyskinesia,16,6605
persist,16,6606
kyphoplasty,16,6607
inclusive,16,6608
exhibited,16,6609
user,16,6610
plaquing,16,6611
forefoot,16,6612
restorative,16,6613
awaken,16,6614
gardening,16,6615
phonation,16,6616
subsegments,16,6617
quantitative,16,6618
anorectal,16,6619
silent,16,6620
scene,16,6621
uncinate,16,6622
dopamine,16,6623
barrel,16,6624
milligrams,16,6625
chlamydia,16,6626
requirements,16,6627
beachchair,16,6628
document,16,6629
condylomas,16,6630
ultram,16,6631
articulations,16,6632
supplied,16,6633
voiced,16,6634
neuropathic,16,6635
ranged,16,6636
problematic,16,6637
egophony,16,6638
nebulized,16,6639
abnormally,16,6640
immobilized,16,6641
receptive,16,6642
puree,16,6643
contributed,16,6644
constipated,16,6645
ecog,16,6646
phalen,16,6647
pretibial,16,6648
card,16,6649
hear,16,6650
inderal,16,6651
pruritus,16,6652
dryness,16,6653
cozaar,16,6654
reassured,16,6655
quitting,16,6656
widow,16,6657
glyburide,16,6658
celexa,16,6659
expenditure,16,6660
south,16,6661
eczema,16,6662
craniopharyngioma,16,6663
protrudes,16,6664
elevates,16,6665
hoffman,16,6666
notify,16,6667
offer,16,6668
cats,16,6669
dimensional,16,6670
anticardiolipin,16,6671
discontinuity,16,6672
apophyseal,16,6673
concussion,16,6674
rica,16,6675
interactive,16,6676
names,16,6677
spends,16,6678
occupation,16,6679
overdose,16,6680
divorce,16,6681
hobbies,16,6682
noncompliance,16,6683
esterase,16,6684
homemaker,16,6685
stressful,16,6686
fussy,16,6687
parenting,16,6688
moro,16,6689
icteric,16,6690
flatus,16,6691
electrolyte,16,6692
weber,16,6693
stomatitis,16,6694
anvil,15,6695
lipodystrophy,15,6696
pretracheal,15,6697
tracer,15,6698
cysto,15,6699
exophytic,15,6700
applications,15,6701
saver,15,6702
notably,15,6703
hypogastric,15,6704
burst,15,6705
diaper,15,6706
diuretic,15,6707
reevaluated,15,6708
vaseline,15,6709
sending,15,6710
openings,15,6711
surveillance,15,6712
modifying,15,6713
road,15,6714
intervening,15,6715
match,15,6716
saying,15,6717
kenalog,15,6718
injectables,15,6719
tendinous,15,6720
preplaced,15,6721
guarantee,15,6722
cloudy,15,6723
shut,15,6724
phlebectomies,15,6725
thinned,15,6726
meat,15,6727
otic,15,6728
coag,15,6729
puckering,15,6730
punched,15,6731
tense,15,6732
porous,15,6733
sewed,15,6734
spillage,15,6735
hope,15,6736
beds,15,6737
damaged,15,6738
danek,15,6739
sampled,15,6740
friability,15,6741
laparoscopically,15,6742
contracting,15,6743
microscissors,15,6744
cavitron,15,6745
pontine,15,6746
potentials,15,6747
vomit,15,6748
lymphs,15,6749
superblade,15,6750
intradermal,15,6751
crural,15,6752
deficient,15,6753
rhytidectomy,15,6754
associates,15,6755
stellate,15,6756
eliminate,15,6757
restoration,15,6758
abandoned,15,6759
elsewhere,15,6760
dosages,15,6761
shortening,15,6762
duraseal,15,6763
concrete,15,6764
fasciitis,15,6765
eighth,15,6766
hamstrings,15,6767
cracked,15,6768
celestone,15,6769
buster,15,6770
restrictive,15,6771
accumulation,15,6772
functions,15,6773
preceded,15,6774
pinna,15,6775
widening,15,6776
millimeter,15,6777
acquisition,15,6778
bloc,15,6779
intent,15,6780
infraclavicular,15,6781
phrenic,15,6782
vats,15,6783
constantly,15,6784
attendance,15,6785
tracheobronchial,15,6786
dosepak,15,6787
flame,15,6788
injectable,15,6789
biplanar,15,6790
malalignment,15,6791
lorenz,15,6792
complement,15,6793
aggravated,15,6794
striking,15,6795
radiosurgery,15,6796
lingula,15,6797
rectosigmoid,15,6798
paralytic,15,6799
widened,15,6800
jejunostomy,15,6801
ones,15,6802
epidermal,15,6803
strenuous,15,6804
melanosis,15,6805
tegretol,15,6806
demise,15,6807
subacute,15,6808
unconscious,15,6809
hemispheric,15,6810
backward,15,6811
cusa,15,6812
antidepressants,15,6813
reasoning,15,6814
design,15,6815
north,15,6816
midpoint,15,6817
kindly,15,6818
frontalis,15,6819
value,15,6820
coherent,15,6821
broviac,15,6822
limp,15,6823
fusiform,15,6824
mammographic,15,6825
bifrontal,15,6826
environmental,15,6827
uniplate,15,6828
idiopathic,15,6829
symbol,15,6830
teaching,15,6831
mucositis,15,6832
fruit,15,6833
involves,15,6834
clonazepam,15,6835
plaquenil,15,6836
iowa,15,6837
disoriented,15,6838
subject,15,6839
yearly,15,6840
omnicef,15,6841
avelox,15,6842
claim,15,6843
fluctuance,15,6844
financial,15,6845
orthopedist,15,6846
taste,15,6847
serving,15,6848
readings,15,6849
afraid,15,6850
endocrinologist,15,6851
vytorin,15,6852
pick,15,6853
epileptic,15,6854
jerk,15,6855
uric,15,6856
purpura,15,6857
sonographic,15,6858
airplane,15,6859
oligoclonal,15,6860
compromised,15,6861
cuboid,15,6862
rounds,15,6863
collision,15,6864
minimizing,15,6865
shop,15,6866
pneumatosis,15,6867
aura,15,6868
groomed,15,6869
duties,15,6870
clothing,15,6871
drank,15,6872
assistive,15,6873
wrestling,15,6874
pertussis,15,6875
stabbing,15,6876
crepitations,15,6877
smears,15,6878
sweating,15,6879
ranitidine,15,6880
imdur,15,6881
prograf,15,6882
normalization,15,6883
ecstasy,15,6884
wbcs,15,6885
chicken,14,6886
pseudotumor,14,6887
lowest,14,6888
physically,14,6889
slim,14,6890
binge,14,6891
carter,14,6892
contours,14,6893
dietician,14,6894
lacunar,14,6895
nevertheless,14,6896
scopes,14,6897
diagnostics,14,6898
anticipation,14,6899
nephrolithiasis,14,6900
detorsion,14,6901
nonviable,14,6902
acmi,14,6903
salvage,14,6904
mobilizing,14,6905
matured,14,6906
ischial,14,6907
palpably,14,6908
perforating,14,6909
metamucil,14,6910
stepping,14,6911
nephrolithotomy,14,6912
packet,14,6913
connecting,14,6914
densely,14,6915
pacer,14,6916
epithelial,14,6917
object,14,6918
worth,14,6919
barely,14,6920
relocation,14,6921
hood,14,6922
beaver,14,6923
loosened,14,6924
lots,14,6925
lupron,14,6926
indigestion,14,6927
quick,14,6928
microscopy,14,6929
ioban,14,6930
timing,14,6931
fissures,14,6932
resecting,14,6933
mesentry,14,6934
learn,14,6935
template,14,6936
freezing,14,6937
enterococcus,14,6938
cultured,14,6939
flaccid,14,6940
seeking,14,6941
noninvasive,14,6942
rounded,14,6943
reapproximation,14,6944
deflation,14,6945
freshened,14,6946
fistulous,14,6947
caprosyn,14,6948
scapholunate,14,6949
ommaya,14,6950
plana,14,6951
tachybrady,14,6952
emanating,14,6953
vitreoretinal,14,6954
collagen,14,6955
arose,14,6956
chloraprep,14,6957
effaced,14,6958
adenotonsillar,14,6959
arcade,14,6960
malleus,14,6961
impinging,14,6962
whereas,14,6963
subumbilical,14,6964
triggering,14,6965
trabeculectomy,14,6966
mitomycin,14,6967
refilled,14,6968
acetic,14,6969
horizontally,14,6970
debakey,14,6971
sizing,14,6972
dislocated,14,6973
vigamox,14,6974
dependency,14,6975
unicompartmental,14,6976
screwed,14,6977
finishing,14,6978
rolls,14,6979
anteversion,14,6980
epicondylar,14,6981
tensor,14,6982
filmy,14,6983
uterovarian,14,6984
cusp,14,6985
vent,14,6986
stapling,14,6987
cottle,14,6988
secretion,14,6989
plica,14,6990
rock,14,6991
seventh,14,6992
deposit,14,6993
depths,14,6994
extraoral,14,6995
debulk,14,6996
osteochondroma,14,6997
extractions,14,6998
concluded,14,6999
cons,14,7000
insignificant,14,7001
reproducible,14,7002
sickle,14,7003
stretched,14,7004
painless,14,7005
dirty,14,7006
tarsal,14,7007
progav,14,7008
hemi,14,7009
breadth,14,7010
fluoro,14,7011
circulatory,14,7012
decannulation,14,7013
uveal,14,7014
nasally,14,7015
facelift,14,7016
failing,14,7017
subscapular,14,7018
arthroscope,14,7019
tarsoconjunctival,14,7020
aesthetic,14,7021
esotropia,14,7022
sedatives,14,7023
interact,14,7024
cycled,14,7025
derived,14,7026
infundibulum,14,7027
aortopulmonary,14,7028
conventional,14,7029
lined,14,7030
transsphenoidal,14,7031
talc,14,7032
splinting,14,7033
phacoemulsified,14,7034
chop,14,7035
diopter,14,7036
concurrent,14,7037
cracking,14,7038
firmly,14,7039
aqueous,14,7040
mentation,14,7041
lodged,14,7042
sales,14,7043
press,14,7044
msec,14,7045
volt,14,7046
exostosis,14,7047
cessation,14,7048
quadratus,14,7049
triangular,14,7050
demineralized,14,7051
mortise,14,7052
blisters,14,7053
inlet,14,7054
bias,14,7055
peri,14,7056
pneumo,14,7057
knew,14,7058
reserve,14,7059
digastric,14,7060
impella,14,7061
continuity,14,7062
meniscoplasty,14,7063
scapula,14,7064
hinge,14,7065
untoward,14,7066
illumination,14,7067
utility,14,7068
commissure,14,7069
allen,14,7070
tinged,14,7071
truly,14,7072
retrieval,14,7073
congruent,14,7074
smith,14,7075
nonhealing,14,7076
subcapital,14,7077
landed,14,7078
pediatrics,14,7079
elevators,14,7080
lamp,14,7081
polysubstance,14,7082
corticectomy,14,7083
intraaortic,14,7084
pvcs,14,7085
troponins,14,7086
reopro,14,7087
retroflex,14,7088
gastrojejunal,14,7089
afferent,14,7090
pillows,14,7091
plugging,14,7092
variability,14,7093
emgs,14,7094
dyspepsia,14,7095
verge,14,7096
juvenile,14,7097
premedications,14,7098
pronation,14,7099
soaking,14,7100
teased,14,7101
pair,14,7102
pleased,14,7103
mucinous,14,7104
nonetheless,14,7105
nifedipine,14,7106
comment,14,7107
metopic,14,7108
synostosis,14,7109
habit,14,7110
token,14,7111
tethered,14,7112
tripped,14,7113
dysphonia,14,7114
subside,14,7115
persistently,14,7116
arteriosclerotic,14,7117
bradycardic,14,7118
spirometry,14,7119
blocking,14,7120
pickup,14,7121
coordinate,14,7122
member,14,7123
detect,14,7124
atherectomy,14,7125
whenever,14,7126
rice,14,7127
watery,14,7128
questioned,14,7129
anticipate,14,7130
plexopathy,14,7131
varied,14,7132
opiate,14,7133
endurance,14,7134
weather,14,7135
interestingly,14,7136
monthly,14,7137
dropping,14,7138
hypermetabolic,14,7139
vioxx,14,7140
gemfibrozil,14,7141
spiriva,14,7142
metronidazole,14,7143
sedimentation,14,7144
aleve,14,7145
partners,14,7146
wanting,14,7147
correlate,14,7148
lovastatin,14,7149
cooking,14,7150
thromboembolic,14,7151
refraction,14,7152
dyazide,14,7153
arousal,14,7154
calls,14,7155
epileptiform,14,7156
visceromegaly,14,7157
ambulated,14,7158
biometry,14,7159
echogenicity,14,7160
demyelinating,14,7161
lyme,14,7162
sulci,14,7163
sinemet,14,7164
paraphasic,14,7165
aural,14,7166
livedo,14,7167
apraxia,14,7168
phonophobia,14,7169
processing,14,7170
homogeneous,14,7171
radiculopathies,14,7172
characterization,14,7173
holosystolic,14,7174
receptor,14,7175
encopresis,14,7176
animals,14,7177
assets,14,7178
luke,14,7179
reluctant,14,7180
spitting,14,7181
fluticasone,14,7182
forgetting,14,7183
ringing,14,7184
capable,14,7185
heaves,14,7186
integument,14,7187
mastoiditis,14,7188
eosinophils,14,7189
kernig,14,7190
brudzinski,14,7191
pointing,14,7192
irides,14,7193
colposcopy,14,7194
diastat,14,7195
immunohistochemical,14,7196
reactivity,14,7197
contested,14,7198
thrombolytic,14,7199
flaring,13,7200
nasonex,13,7201
weekends,13,7202
ringers,13,7203
blunted,13,7204
tarry,13,7205
proventil,13,7206
imaged,13,7207
granulomatous,13,7208
describing,13,7209
placements,13,7210
nystatin,13,7211
alleviate,13,7212
bank,13,7213
complexity,13,7214
accepts,13,7215
convert,13,7216
smelling,13,7217
spare,13,7218
hibiclens,13,7219
verbalized,13,7220
consuming,13,7221
ectopy,13,7222
vaginitis,13,7223
phlebitis,13,7224
corpora,13,7225
adhesiolysis,13,7226
salpingooophorectomy,13,7227
bulbar,13,7228
prinivil,13,7229
architecture,13,7230
initiating,13,7231
radiographically,13,7232
indurated,13,7233
penetrating,13,7234
elastoplast,13,7235
clotted,13,7236
corneas,13,7237
choose,13,7238
cancel,13,7239
hammer,13,7240
risky,13,7241
condyloma,13,7242
programmed,13,7243
peeling,13,7244
finish,13,7245
tympanostomy,13,7246
zeiss,13,7247
cortisporin,13,7248
steven,13,7249
applicator,13,7250
sequela,13,7251
necessitated,13,7252
judged,13,7253
assembled,13,7254
cobb,13,7255
pickups,13,7256
methylene,13,7257
depending,13,7258
obscured,13,7259
demarcated,13,7260
vagus,13,7261
protrusions,13,7262
finder,13,7263
fluoroscopically,13,7264
milliamps,13,7265
thrombectomy,13,7266
loculations,13,7267
fecal,13,7268
hemothorax,13,7269
thenar,13,7270
molded,13,7271
gear,13,7272
dorsolateral,13,7273
comments,13,7274
chances,13,7275
dysmorphic,13,7276
monos,13,7277
bandaged,13,7278
anticoagulant,13,7279
destruction,13,7280
doyle,13,7281
straightening,13,7282
quantity,13,7283
crush,13,7284
iced,13,7285
tributaries,13,7286
sludge,13,7287
classic,13,7288
grooves,13,7289
sympathetic,13,7290
utero,13,7291
shunting,13,7292
corpectomy,13,7293
forth,13,7294
intertrochanteric,13,7295
bridging,13,7296
dead,13,7297
theater,13,7298
wrong,13,7299
pulmonologist,13,7300
subacromially,13,7301
vasoconstriction,13,7302
obliterated,13,7303
contribution,13,7304
discontinuation,13,7305
chains,13,7306
tenting,13,7307
walked,13,7308
resector,13,7309
choledocholithiasis,13,7310
spondylolysis,13,7311
kyphotic,13,7312
gastroc,13,7313
diuresis,13,7314
competent,13,7315
conjunction,13,7316
clicking,13,7317
introduction,13,7318
adenomyosis,13,7319
nitrate,13,7320
perforator,13,7321
rises,13,7322
transluminal,13,7323
nonsustained,13,7324
explaining,13,7325
bursts,13,7326
quadriplegia,13,7327
avoidance,13,7328
stimulant,13,7329
client,13,7330
mcburney,13,7331
boss,13,7332
jumping,13,7333
bounding,13,7334
tragus,13,7335
synchronized,13,7336
estimates,13,7337
resumption,13,7338
rheumatologist,13,7339
erosive,13,7340
durable,13,7341
exhausted,13,7342
restrict,13,7343
relaxants,13,7344
methylprednisolone,13,7345
powder,13,7346
accurately,13,7347
taxol,13,7348
yeast,13,7349
malignancies,13,7350
periodically,13,7351
hoping,13,7352
characteristics,13,7353
apneic,13,7354
spending,13,7355
slept,13,7356
nicotine,13,7357
smart,13,7358
tibc,13,7359
insect,13,7360
attributes,13,7361
nitro,13,7362
mobic,13,7363
benicar,13,7364
undetermined,13,7365
humalog,13,7366
combivent,13,7367
lidoderm,13,7368
untreated,13,7369
doubt,13,7370
rheumatic,13,7371
lies,13,7372
girlfriend,13,7373
speckled,13,7374
axonal,13,7375
synchondrosis,13,7376
nsaid,13,7377
brachium,13,7378
lymphocyte,13,7379
dedicated,13,7380
golf,13,7381
voices,13,7382
anhedonia,13,7383
inoperable,13,7384
reformatted,13,7385
lobulated,13,7386
junctions,13,7387
relatives,13,7388
finances,13,7389
filed,13,7390
wandering,13,7391
hitting,13,7392
lights,13,7393
alcoholism,13,7394
amphetamines,13,7395
telephone,13,7396
imodium,13,7397
sits,13,7398
nervousness,13,7399
update,13,7400
adopted,13,7401
participation,13,7402
transfers,13,7403
ortolani,13,7404
barlow,13,7405
urged,13,7406
rhinocort,13,7407
posttussive,13,7408
hindfoot,13,7409
thrills,13,7410
petechia,13,7411
rigors,13,7412
unobtainable,13,7413
temodar,13,7414
diuretics,13,7415
fibrinogen,13,7416
focally,13,7417
cardio,12,7418
reconstructive,12,7419
eater,12,7420
weigh,12,7421
cerebri,12,7422
versastep,12,7423
treitz,12,7424
submuscular,12,7425
vegetations,12,7426
inappropriate,12,7427
consultations,12,7428
follicle,12,7429
banding,12,7430
necessitating,12,7431
permanently,12,7432
embedded,12,7433
sterility,12,7434
excising,12,7435
swish,12,7436
interstim,12,7437
turbt,12,7438
fulguration,12,7439
crisis,12,7440
tacking,12,7441
denonvilliers,12,7442
nkda,12,7443
effectively,12,7444
resonant,12,7445
pyelotomy,12,7446
vascularity,12,7447
tennis,12,7448
irritative,12,7449
annual,12,7450
nonfunctioning,12,7451
cylinder,12,7452
separating,12,7453
connector,12,7454
inserting,12,7455
methicillin,12,7456
smokers,12,7457
sensitivities,12,7458
connor,12,7459
cremasteric,12,7460
ensuring,12,7461
kitner,12,7462
severed,12,7463
adhesives,12,7464
proved,12,7465
extubation,12,7466
dribbling,12,7467
turbid,12,7468
instillations,12,7469
glanular,12,7470
handled,12,7471
introitus,12,7472
bruises,12,7473
accidental,12,7474
ritalin,12,7475
washing,12,7476
systematic,12,7477
tuberculin,12,7478
focusing,12,7479
dorsomedial,12,7480
globally,12,7481
fenestrated,12,7482
adrenalectomy,12,7483
calipers,12,7484
transpedicular,12,7485
incremental,12,7486
subconjunctival,12,7487
stabs,12,7488
escape,12,7489
pureed,12,7490
placental,12,7491
protecting,12,7492
mastoidectomy,12,7493
tympanoplasty,12,7494
falope,12,7495
epimed,12,7496
dehydrated,12,7497
hypotensive,12,7498
parenteral,12,7499
fornix,12,7500
weck,12,7501
methacrylate,12,7502
avulsed,12,7503
trabecular,12,7504
preceding,12,7505
medius,12,7506
cookie,12,7507
throwing,12,7508
saved,12,7509
touched,12,7510
expander,12,7511
undermine,12,7512
expiration,12,7513
pledget,12,7514
anyway,12,7515
bulldog,12,7516
plaster,12,7517
obliquely,12,7518
nonrestorable,12,7519
baseball,12,7520
synovectomy,12,7521
phalangeal,12,7522
frog,12,7523
dyspareunia,12,7524
thanksgiving,12,7525
peridex,12,7526
intradural,12,7527
endoscopically,12,7528
sufficiently,12,7529
bishop,12,7530
accidents,12,7531
intensifier,12,7532
songer,12,7533
disconnected,12,7534
coracoid,12,7535
septorhinoplasty,12,7536
vicoprofen,12,7537
pred,12,7538
forte,12,7539
intercartilaginous,12,7540
mohs,12,7541
poles,12,7542
shortened,12,7543
dating,12,7544
stimulating,12,7545
contractility,12,7546
augmented,12,7547
venovenous,12,7548
cistern,12,7549
brows,12,7550
tilted,12,7551
ulna,12,7552
pigment,12,7553
staged,12,7554
restore,12,7555
epiphysis,12,7556
drawback,12,7557
readmitted,12,7558
hydrodissected,12,7559
lifestyle,12,7560
discrimination,12,7561
guidant,12,7562
extracorporeal,12,7563
midway,12,7564
underscored,12,7565
hida,12,7566
rejection,12,7567
epidurogram,12,7568
activated,12,7569
submucous,12,7570
nonobstructive,12,7571
myringotomies,12,7572
touching,12,7573
balloons,12,7574
sucker,12,7575
advantages,12,7576
ciprodex,12,7577
glistening,12,7578
trochlear,12,7579
anteroapical,12,7580
hemithorax,12,7581
unexplained,12,7582
resuscitated,12,7583
decannulated,12,7584
microtechniques,12,7585
expanding,12,7586
peritonitis,12,7587
lachman,12,7588
metacarpal,12,7589
leukoplakia,12,7590
boundaries,12,7591
calot,12,7592
contraceptives,12,7593
chose,12,7594
tertiary,12,7595
laterolisthesis,12,7596
coblator,12,7597
dilution,12,7598
boots,12,7599
levophed,12,7600
crepitation,12,7601
gingival,12,7602
salpingoophorectomy,12,7603
hypergranulation,12,7604
craniotome,12,7605
thallium,12,7606
titration,12,7607
isordil,12,7608
restorations,12,7609
prophy,12,7610
carcinomatosis,12,7611
spite,12,7612
masticator,12,7613
bubble,12,7614
pyloric,12,7615
pause,12,7616
coloration,12,7617
dermatome,12,7618
sarcoma,12,7619
richards,12,7620
anemic,12,7621
tendonitis,12,7622
osteophytectomy,12,7623
trimline,12,7624
blistering,12,7625
mediolateral,12,7626
organism,12,7627
plafond,12,7628
enterocele,12,7629
yellowish,12,7630
trigonocephaly,12,7631
neuronavigation,12,7632
considerably,12,7633
optimize,12,7634
bicycle,12,7635
host,12,7636
agee,12,7637
profunda,12,7638
shrimp,12,7639
difference,12,7640
antihypertensive,12,7641
sublingually,12,7642
proximate,12,7643
stains,12,7644
strategy,12,7645
adenoidal,12,7646
coordinates,12,7647
prompting,12,7648
adenoiditis,12,7649
corrective,12,7650
cooled,12,7651
capsulectomy,12,7652
estimate,12,7653
contegra,12,7654
mitek,12,7655
spondylotic,12,7656
prevented,12,7657
tongs,12,7658
fear,12,7659
independence,12,7660
methamphetamine,12,7661
cueing,12,7662
finds,12,7663
nectar,12,7664
oxyhemoglobin,12,7665
nights,12,7666
wichita,12,7667
bothering,12,7668
prefer,12,7669
grooming,12,7670
bumex,12,7671
mantle,12,7672
relapse,12,7673
relating,12,7674
funny,12,7675
fibroglandular,12,7676
wondering,12,7677
stops,12,7678
influenza,12,7679
xerostomia,12,7680
emphasizing,12,7681
choices,12,7682
budget,12,7683
equivalent,12,7684
ideas,12,7685
lotion,12,7686
carvedilol,12,7687
manifest,12,7688
lateralizing,12,7689
thyroglobulin,12,7690
daypro,12,7691
polysomnogram,12,7692
sharps,12,7693
depakene,12,7694
hesitate,12,7695
zoster,12,7696
myopathy,12,7697
furniture,12,7698
anteroseptal,12,7699
claimed,12,7700
praziquantel,12,7701
polyradiculopathy,12,7702
craniocaudal,12,7703
hyperintensity,12,7704
calvarial,12,7705
midfoot,12,7706
phenomena,12,7707
hemangioblastoma,12,7708
birads,12,7709
phonemic,12,7710
posturing,12,7711
diazepam,12,7712
strabismus,12,7713
capsules,12,7714
business,12,7715
talofibular,12,7716
upgaze,12,7717
icad,12,7718
church,12,7719
exhibit,12,7720
variation,12,7721
pleomorphic,12,7722
displayed,12,7723
delta,12,7724
atlanto,12,7725
unsteadiness,12,7726
contraceptive,12,7727
binocular,12,7728
ophthalmologic,12,7729
choreiform,12,7730
aureus,12,7731
endoluminal,12,7732
agatston,12,7733
fluctuating,12,7734
literature,12,7735
persantine,12,7736
remembering,12,7737
military,12,7738
employer,12,7739
stepfather,12,7740
pharmacy,12,7741
providers,12,7742
gown,12,7743
street,12,7744
initiate,12,7745
cognistat,12,7746
mattis,12,7747
abbreviated,12,7748
wasi,12,7749
multilingual,12,7750
animal,12,7751
perinatal,12,7752
ways,12,7753
amnestic,12,7754
plays,12,7755
smell,12,7756
booster,12,7757
fontanel,12,7758
consultant,12,7759
lenses,12,7760
diazoxide,12,7761
spiked,12,7762
shimada,12,7763
doxorubicin,12,7764
candidiasis,12,7765
diapers,12,7766
torticollis,12,7767
official,12,7768
elevations,12,7769
atopic,12,7770
costochondral,12,7771
multisystem,12,7772
stance,12,7773
dermatomal,12,7774
iliopsoas,12,7775
dermatomes,12,7776
aggravation,12,7777
applanation,12,7778
anginal,12,7779
crampy,12,7780
foster,12,7781
homocystine,12,7782
molecular,12,7783
januvia,12,7784
disseminated,12,7785
dermatologist,12,7786
sprints,12,7787
relaxation,11,7788
lateralization,11,7789
relationships,11,7790
manifested,11,7791
subcortical,11,7792
county,11,7793
extrusion,11,7794
hungry,11,7795
unasyn,11,7796
allopurinol,11,7797
viagra,11,7798
depends,11,7799
generous,11,7800
libido,11,7801
pneumococcal,11,7802
dosimetrist,11,7803
respective,11,7804
floseal,11,7805
prompted,11,7806
meaning,11,7807
forced,11,7808
ditropan,11,7809
intoxication,11,7810
jelly,11,7811
electively,11,7812
reiterated,11,7813
inadvertently,11,7814
toothed,11,7815
periurethral,11,7816
straighten,11,7817
meatal,11,7818
uncircumcised,11,7819
urinating,11,7820
evacuate,11,7821
breaking,11,7822
teflon,11,7823
hormonal,11,7824
winter,11,7825
dosing,11,7826
relieving,11,7827
notices,11,7828
waited,11,7829
recurrences,11,7830
prognostic,11,7831
loupe,11,7832
induce,11,7833
caring,11,7834
ventriculoperitoneal,11,7835
strata,11,7836
increments,11,7837
shaving,11,7838
difficultly,11,7839
saliva,11,7840
clearing,11,7841
urgently,11,7842
curetting,11,7843
ulnaris,11,7844
depressor,11,7845
intramuscular,11,7846
corticosteroid,11,7847
hypoxic,11,7848
anesthetizing,11,7849
anesthetist,11,7850
extramedullary,11,7851
articulating,11,7852
loosening,11,7853
relocated,11,7854
rent,11,7855
approaches,11,7856
regained,11,7857
perimeter,11,7858
cradle,11,7859
undue,11,7860
epstein,11,7861
bicuspid,11,7862
noncannulated,11,7863
rinse,11,7864
file,11,7865
cisterna,11,7866
restenosis,11,7867
laminar,11,7868
meshed,11,7869
burs,11,7870
midazolam,11,7871
mucoperichondrial,11,7872
cardioplegic,11,7873
buckle,11,7874
scarf,11,7875
metatarsocuneiform,11,7876
insufflate,11,7877
package,11,7878
intranasal,11,7879
endstage,11,7880
dystrophy,11,7881
avoiding,11,7882
project,11,7883
transversally,11,7884
fluoroscope,11,7885
hemidiaphragm,11,7886
resections,11,7887
produces,11,7888
topically,11,7889
quarters,11,7890
bevel,11,7891
runs,11,7892
originating,11,7893
sestamibi,11,7894
electronic,11,7895
syndesmotic,11,7896
callus,11,7897
maxillofacial,11,7898
anterolaterally,11,7899
follicles,11,7900
profundus,11,7901
reflecting,11,7902
facemask,11,7903
western,11,7904
oculi,11,7905
invading,11,7906
vallecular,11,7907
kefzol,11,7908
celsius,11,7909
curet,11,7910
occupying,11,7911
stronger,11,7912
charcot,11,7913
marie,11,7914
utilize,11,7915
ward,11,7916
regain,11,7917
pericholecystic,11,7918
unimproved,11,7919
suppurative,11,7920
gangrenous,11,7921
torque,11,7922
bucket,11,7923
guides,11,7924
linked,11,7925
medicated,11,7926
mature,11,7927
podiatry,11,7928
threatening,11,7929
intraparenchymal,11,7930
autism,11,7931
facilitated,11,7932
breech,11,7933
investigation,11,7934
pool,11,7935
organic,11,7936
brushes,11,7937
beating,11,7938
preponderance,11,7939
astrocytoma,11,7940
developmentally,11,7941
warrant,11,7942
varying,11,7943
rotating,11,7944
contraindications,11,7945
transport,11,7946
postcontrast,11,7947
percentage,11,7948
survival,11,7949
cyanotic,11,7950
examiner,11,7951
countersunk,11,7952
girth,11,7953
electrophysiologic,11,7954
calculation,11,7955
dispositioned,11,7956
thymus,11,7957
assume,11,7958
bunions,11,7959
mounted,11,7960
whisper,11,7961
traditional,11,7962
aortoiliac,11,7963
inflammatories,11,7964
pulsating,11,7965
enclosed,11,7966
neglect,11,7967
racing,11,7968
homans,11,7969
prescribing,11,7970
mart,11,7971
nods,11,7972
disordered,11,7973
multifactorial,11,7974
ammonia,11,7975
hopeful,11,7976
wasting,11,7977
globulin,11,7978
thirst,11,7979
glucophage,11,7980
tearful,11,7981
rhabdomyolysis,11,7982
microalbumin,11,7983
fats,11,7984
historically,11,7985
recognizing,11,7986
exchanges,11,7987
decreases,11,7988
weights,11,7989
polyphagia,11,7990
peptide,11,7991
lotensin,11,7992
discharges,11,7993
somnolence,11,7994
automobile,11,7995
gasping,11,7996
teens,11,7997
composed,11,7998
otoscopic,11,7999
acyclovir,11,8000
rheumatologic,11,8001
spiculated,11,8002
thiamine,11,8003
retrospect,11,8004
couch,11,8005
neuroforamina,11,8006
extraaxial,11,8007
medulla,11,8008
hyperreflexia,11,8009
provera,11,8010
impairments,11,8011
mortis,11,8012
preeclampsia,11,8013
paravertebral,11,8014
micronase,11,8015
president,11,8016
convulsion,11,8017
elementary,11,8018
holidays,11,8019
receives,11,8020
blackouts,11,8021
supervisor,11,8022
academic,11,8023
consonant,11,8024
relation,11,8025
levoxyl,11,8026
familial,11,8027
pravachol,11,8028
breathe,11,8029
aggravating,11,8030
daycare,11,8031
prednisolone,11,8032
perioral,11,8033
kawasaki,11,8034
gagging,11,8035
responds,11,8036
rubbing,11,8037
paramedics,11,8038
exists,11,8039
handwritten,11,8040
gingivae,11,8041
epitrochlear,11,8042
heartbeat,11,8043
belching,11,8044
tympany,11,8045
perrl,11,8046
namenda,11,8047
ecchymoses,11,8048
insufficient,11,8049
repetitively,11,8050
seafood,11,8051
theophylline,11,8052
klor,11,8053
nutritionist,10,8054
obliteration,10,8055
interatrial,10,8056
contouring,10,8057
fibromuscular,10,8058
socket,10,8059
disturbed,10,8060
leaves,10,8061
skeleton,10,8062
regrasped,10,8063
spermatocelectomy,10,8064
ellik,10,8065
trabeculations,10,8066
epididymal,10,8067
echotexture,10,8068
orchiectomy,10,8069
intentionally,10,8070
efflux,10,8071
malecot,10,8072
bother,10,8073
hypermobility,10,8074
suprapubically,10,8075
torsed,10,8076
perfectly,10,8077
viscera,10,8078
prostatitis,10,8079
phallus,10,8080
asks,10,8081
pulsation,10,8082
diverticuli,10,8083
affects,10,8084
bled,10,8085
cylinders,10,8086
snug,10,8087
crossover,10,8088
bubbles,10,8089
transrectal,10,8090
periprostatic,10,8091
gangrene,10,8092
bath,10,8093
descent,10,8094
forgot,10,8095
anticholinergics,10,8096
supra,10,8097
shunts,10,8098
withdraw,10,8099
magnet,10,8100
cystopyelogram,10,8101
lord,10,8102
fungating,10,8103
tuck,10,8104
degloved,10,8105
controlling,10,8106
transmission,10,8107
intraluminal,10,8108
bruised,10,8109
sebaceous,10,8110
caffeinated,10,8111
blanching,10,8112
gaping,10,8113
utis,10,8114
conformal,10,8115
warmer,10,8116
priapism,10,8117
cure,10,8118
somebody,10,8119
holiday,10,8120
undiagnosed,10,8121
pravastatin,10,8122
operated,10,8123
bioarc,10,8124
indermil,10,8125
supranasal,10,8126
unilateral,10,8127
crack,10,8128
peribulbar,10,8129
endolaser,10,8130
aqueduct,10,8131
colorless,10,8132
uteroovarian,10,8133
conception,10,8134
intermuscular,10,8135
accompanying,10,8136
ahmed,10,8137
cornual,10,8138
translation,10,8139
oximeter,10,8140
classical,10,8141
ellis,10,8142
army,10,8143
navy,10,8144
suffer,10,8145
anasarca,10,8146
impending,10,8147
otolaryngology,10,8148
bipolared,10,8149
menisci,10,8150
plugged,10,8151
tenons,10,8152
econopred,10,8153
scoop,10,8154
trialed,10,8155
retroversion,10,8156
homan,10,8157
dialed,10,8158
morse,10,8159
jorgenson,10,8160
circuit,10,8161
coaptation,10,8162
underside,10,8163
reinspected,10,8164
cottonoids,10,8165
mucoperichondrium,10,8166
polysporin,10,8167
paresis,10,8168
warmed,10,8169
capstone,10,8170
controller,10,8171
thoracostomy,10,8172
extrinsic,10,8173
pleur,10,8174
thoracoabdominal,10,8175
pericostal,10,8176
routinely,10,8177
ninth,10,8178
labial,10,8179
halves,10,8180
movable,10,8181
intraepithelial,10,8182
nulliparous,10,8183
weil,10,8184
surveyed,10,8185
studding,10,8186
knotless,10,8187
peduncle,10,8188
bench,10,8189
magnum,10,8190
reliable,10,8191
offs,10,8192
delee,10,8193
rubella,10,8194
otosclerosis,10,8195
myalgia,10,8196
implied,10,8197
mersilene,10,8198
entertained,10,8199
spared,10,8200
nasopharyngoscopy,10,8201
periorbita,10,8202
pyramid,10,8203
palpebral,10,8204
portnoy,10,8205
brushings,10,8206
culprit,10,8207
buddy,10,8208
magnitude,10,8209
millimeters,10,8210
reposition,10,8211
dorsey,10,8212
communicated,10,8213
concha,10,8214
fertility,10,8215
satinsky,10,8216
lymphocytic,10,8217
thermocoagulation,10,8218
vulvectomy,10,8219
radiometer,10,8220
hemoximeter,10,8221
competitive,10,8222
splitting,10,8223
normalized,10,8224
translator,10,8225
tremendous,10,8226
exquisite,10,8227
amenable,10,8228
pilonidal,10,8229
hydrodelineation,10,8230
inserter,10,8231
aspirating,10,8232
picc,10,8233
cystitome,10,8234
conquer,10,8235
rinsed,10,8236
flipped,10,8237
intracameral,10,8238
restylane,10,8239
hydrate,10,8240
fiberwire,10,8241
dddr,10,8242
scientific,10,8243
dextrose,10,8244
accommodative,10,8245
tenotomized,10,8246
metatarsus,10,8247
stocking,10,8248
intercuspation,10,8249
intraorally,10,8250
viii,10,8251
sustaining,10,8252
odontogenic,10,8253
epithelialized,10,8254
microcalcifications,10,8255
subcapsular,10,8256
preexisting,10,8257
compresses,10,8258
splenius,10,8259
capitis,10,8260
bowman,10,8261
grommet,10,8262
asahi,10,8263
endeavor,10,8264
inflations,10,8265
pledgeted,10,8266
disadvantages,10,8267
wedged,10,8268
dedo,10,8269
photodocumentation,10,8270
serratus,10,8271
sprayed,10,8272
alloderm,10,8273
wise,10,8274
warned,10,8275
epithelialization,10,8276
subglandular,10,8277
hemolysis,10,8278
cleansing,10,8279
macrosomia,10,8280
adamant,10,8281
colonization,10,8282
iupc,10,8283
biophysical,10,8284
sampling,10,8285
vaccines,10,8286
traversed,10,8287
estrogen,10,8288
bloating,10,8289
answering,10,8290
positively,10,8291
ductotomy,10,8292
disabling,10,8293
osteoarthritic,10,8294
cocktail,10,8295
cementing,10,8296
omni,10,8297
hemashield,10,8298
qualified,10,8299
spina,10,8300
bifida,10,8301
gunshot,10,8302
uremia,10,8303
particulate,10,8304
colorectal,10,8305
maybe,10,8306
hydrosalpinx,10,8307
hemicraniectomy,10,8308
deteriorate,10,8309
book,10,8310
aicd,10,8311
trifurcates,10,8312
paying,10,8313
canalized,10,8314
xience,10,8315
fluctuated,10,8316
supplies,10,8317
traverses,10,8318
crumbly,10,8319
multivessel,10,8320
gastroscopy,10,8321
hemophilia,10,8322
pulp,10,8323
transparent,10,8324
somehow,10,8325
engorgement,10,8326
slices,10,8327
miliary,10,8328
scotty,10,8329
evolving,10,8330
myochromic,10,8331
antrostomy,10,8332
deglutition,10,8333
officer,10,8334
accumulations,10,8335
desirable,10,8336
visitation,10,8337
rovsing,10,8338
retroverted,10,8339
miss,10,8340
challenges,10,8341
motorcycle,10,8342
calling,10,8343
entrapping,10,8344
formalin,10,8345
tomography,10,8346
scoring,10,8347
rims,10,8348
bout,10,8349
transdermal,10,8350
choroidal,10,8351
orbitozygomatic,10,8352
colpocleisis,10,8353
distributions,10,8354
lvef,10,8355
ensuing,10,8356
spindle,10,8357
wider,10,8358
built,10,8359
mechanically,10,8360
responsible,10,8361
nephew,10,8362
discrepancy,10,8363
ptca,10,8364
berman,10,8365
enters,10,8366
interventricular,10,8367
promethazine,10,8368
tibiotalar,10,8369
targets,10,8370
anticoagulants,10,8371
entropion,10,8372
functionally,10,8373
ending,10,8374
superolateral,10,8375
planovalgus,10,8376
talocalcaneal,10,8377
destination,10,8378
encroachment,10,8379
organized,10,8380
adenotonsillectomy,10,8381
subtest,10,8382
wore,10,8383
frustration,10,8384
recalling,10,8385
confrontational,10,8386
solving,10,8387
voicing,10,8388
tolerable,10,8389
awakens,10,8390
flovent,10,8391
upstrokes,10,8392
senior,10,8393
hydroxychloroquine,10,8394
absolute,10,8395
neutrophil,10,8396
season,10,8397
desaturations,10,8398
mirapex,10,8399
femurs,10,8400
paralumbar,10,8401
palpations,10,8402
kansas,10,8403
robitussin,10,8404
psych,10,8405
juice,10,8406
sonogram,10,8407
doripenem,10,8408
delightful,10,8409
inhalant,10,8410
chip,10,8411
garden,10,8412
example,10,8413
stays,10,8414
helmet,10,8415
crusting,10,8416
hypoglycemic,10,8417
assessments,10,8418
pinholing,10,8419
activation,10,8420
exist,10,8421
intermixed,10,8422
modulated,10,8423
disorientation,10,8424
retinas,10,8425
discoid,10,8426
pneumonic,10,8427
grayscale,10,8428
spectral,10,8429
graded,10,8430
comprehend,10,8431
defective,10,8432
metacarpals,10,8433
tesla,10,8434
intracapsular,10,8435
partum,10,8436
sole,10,8437
microglobulin,10,8438
myxoid,10,8439
certainty,10,8440
hyperventilated,10,8441
interpretations,10,8442
perivascular,10,8443
neuritis,10,8444
fluctuations,10,8445
dysesthesia,10,8446
semiovale,10,8447
shirt,10,8448
thalamus,10,8449
hypodensity,10,8450
confluent,10,8451
homonymous,10,8452
tetrofosmin,10,8453
pharmacologic,10,8454
principles,10,8455
architectural,10,8456
radiculitis,10,8457
valproic,10,8458
wheel,10,8459
opacities,10,8460
jugulodigastric,10,8461
atelectatic,10,8462
angioma,10,8463
chores,10,8464
donate,10,8465
counselor,10,8466
abusive,10,8467
clinician,10,8468
schizoaffective,10,8469
hyperactive,10,8470
sober,10,8471
sobriety,10,8472
decompensated,10,8473
keeps,10,8474
antiretroviral,10,8475
cognitively,10,8476
temazepam,10,8477
leukocyte,10,8478
learned,10,8479
carolina,10,8480
bored,10,8481
garbled,10,8482
spend,10,8483
blister,10,8484
aide,10,8485
playful,10,8486
shotty,10,8487
menarche,10,8488
neosure,10,8489
hyperbilirubinemia,10,8490
mmol,10,8491
malodorous,10,8492
amoxil,10,8493
spurling,10,8494
robaxin,10,8495
bracing,10,8496
pneumonias,10,8497
fingernail,10,8498
palates,10,8499
quietly,10,8500
tinetti,10,8501
enteric,10,8502
stranded,10,8503
concur,10,8504
hyperesthesia,10,8505
decongestant,10,8506
lamotrigine,10,8507
germany,10,8508
immigrated,10,8509
rinne,10,8510
nasacort,10,8511
esrd,10,8512
designated,10,8513
thrombolysis,10,8514
urticaria,10,8515
noninjected,10,8516
pleuritic,10,8517
aftercare,10,8518
levofloxacin,10,8519
tram,10,8520
aortocoronary,10,8521
furrow,10,8522
seating,9,8523
encephalitis,9,8524
biggest,9,8525
twelve,9,8526
antecolic,9,8527
antimesenteric,9,8528
thomason,9,8529
vasculopathy,9,8530
subglottis,9,8531
candy,9,8532
tapers,9,8533
cellcept,9,8534
voided,9,8535
abrupt,9,8536
infertility,9,8537
vascularized,9,8538
clockwise,9,8539
testosterone,9,8540
customized,9,8541
itch,9,8542
grabbed,9,8543
repairing,9,8544
crusted,9,8545
tightening,9,8546
pyuria,9,8547
situated,9,8548
tethering,9,8549
urosepsis,9,8550
apices,9,8551
building,9,8552
reforming,9,8553
peritonealized,9,8554
preparing,9,8555
sizeable,9,8556
milked,9,8557
necrotizing,9,8558
leiomyosarcoma,9,8559
muscularis,9,8560
depend,9,8561
recollect,9,8562
zegerid,9,8563
cryotherapy,9,8564
distorted,9,8565
cialis,9,8566
landmark,9,8567
basket,9,8568
huge,9,8569
anchoring,9,8570
permit,9,8571
interaction,9,8572
anticoagulated,9,8573
emla,9,8574
gathered,9,8575
frenulum,9,8576
reinforce,9,8577
vertebroplasty,9,8578
uninterrupted,9,8579
coagulating,9,8580
excruciating,9,8581
lyses,9,8582
temperatures,9,8583
shorter,9,8584
baseplate,9,8585
claw,9,8586
releases,9,8587
pressurized,9,8588
balancing,9,8589
russian,9,8590
myomectomy,9,8591
porcine,9,8592
buttressed,9,8593
orotracheal,9,8594
adrenaline,9,8595
suprasternal,9,8596
medialized,9,8597
intrathoracic,9,8598
accomplish,9,8599
grayish,9,8600
pituitaries,9,8601
swabs,9,8602
lightly,9,8603
navicula,9,8604
osteochondromas,9,8605
hereditary,9,8606
paraspinous,9,8607
flowing,9,8608
physiology,9,8609
magna,9,8610
gastrotomy,9,8611
thirty,9,8612
darkened,9,8613
statins,9,8614
observing,9,8615
narcan,9,8616
allows,9,8617
scaphoid,9,8618
subperiosteally,9,8619
compress,9,8620
burping,9,8621
antiseptic,9,8622
nonverbal,9,8623
planar,9,8624
marginalis,9,8625
redraped,9,8626
debride,9,8627
detectable,9,8628
perceived,9,8629
abdominus,9,8630
sinusoidal,9,8631
unobstructed,9,8632
stabilizing,9,8633
recur,9,8634
codes,9,8635
blinking,9,8636
manipulate,9,8637
grooved,9,8638
folding,9,8639
micropuncture,9,8640
thrive,9,8641
identity,9,8642
purple,9,8643
ultrasonography,9,8644
preformed,9,8645
lazy,9,8646
metatarsals,9,8647
mall,9,8648
floating,9,8649
landing,9,8650
profuse,9,8651
spit,9,8652
interfere,9,8653
cleavage,9,8654
superficialis,9,8655
serve,9,8656
coapt,9,8657
embolic,9,8658
connect,9,8659
orthogonal,9,8660
correspond,9,8661
gingivobuccal,9,8662
epicardial,9,8663
spilled,9,8664
microsagittal,9,8665
radiolucent,9,8666
witness,9,8667
nuts,9,8668
snugly,9,8669
fusions,9,8670
assigned,9,8671
simplex,9,8672
foreseeable,9,8673
photo,9,8674
partly,9,8675
occluding,9,8676
invited,9,8677
associate,9,8678
seemingly,9,8679
danger,9,8680
syndromes,9,8681
neuroforamen,9,8682
interspinous,9,8683
sedative,9,8684
concavity,9,8685
tricortical,9,8686
methyl,9,8687
debilitating,9,8688
rasps,9,8689
bike,9,8690
totaling,9,8691
addressing,9,8692
straw,9,8693
briskly,9,8694
durotomy,9,8695
sport,9,8696
lytic,9,8697
pyogenic,9,8698
stricturing,9,8699
raney,9,8700
bleeder,9,8701
viscous,9,8702
omega,9,8703
collimator,9,8704
asynchrony,9,8705
tisseel,9,8706
attendant,9,8707
pretarsal,9,8708
verrucous,9,8709
esophagogastrectomy,9,8710
lamella,9,8711
vistaril,9,8712
inconclusive,9,8713
outward,9,8714
hallpike,9,8715
computerized,9,8716
scaling,9,8717
purely,9,8718
anteroposterior,9,8719
proliferative,9,8720
septations,9,8721
instances,9,8722
trask,9,8723
consequently,9,8724
rested,9,8725
sometime,9,8726
inactive,9,8727
deformed,9,8728
adequacy,9,8729
ample,9,8730
efficiency,9,8731
jowl,9,8732
micropore,9,8733
sideburn,9,8734
timoptic,9,8735
antiarrhythmic,9,8736
altace,9,8737
echocardiographic,9,8738
robust,9,8739
excluding,9,8740
shiny,9,8741
race,9,8742
interphalangeus,9,8743
dorsolinear,9,8744
purse,9,8745
terrible,9,8746
programming,9,8747
hardening,9,8748
maximally,9,8749
deposition,9,8750
laying,9,8751
accelerated,9,8752
pioneer,9,8753
propelled,9,8754
imbalance,9,8755
overgrowth,9,8756
channels,9,8757
command,9,8758
symptomatically,9,8759
thrombocytosis,9,8760
mondays,9,8761
addiction,9,8762
foreshortened,9,8763
prolongation,9,8764
dystonia,9,8765
spider,9,8766
mononeuritis,9,8767
multiplex,9,8768
guaifenesin,9,8769
graphesthesia,9,8770
deconditioning,9,8771
hydroxyzine,9,8772
estradiol,9,8773
magnesia,9,8774
feosol,9,8775
diflucan,9,8776
azotemia,9,8777
preferred,9,8778
vacation,9,8779
laryngotracheoplasty,9,8780
rast,9,8781
selections,9,8782
translates,9,8783
iiic,9,8784
proteins,9,8785
emphasized,9,8786
printed,9,8787
midnight,9,8788
bitemporal,9,8789
screens,9,8790
chondroitin,9,8791
valsartan,9,8792
lifetime,9,8793
deltoids,9,8794
indocin,9,8795
deposits,9,8796
cyclosporine,9,8797
apneas,9,8798
electrocardiographic,9,8799
observations,9,8800
compressibility,9,8801
junctional,9,8802
lucency,9,8803
workload,9,8804
uncertainty,9,8805
soles,9,8806
schistosomiasis,9,8807
ifat,9,8808
enoxaparin,9,8809
lhermitte,9,8810
proptosis,9,8811
leptomeningeal,9,8812
leukopenia,9,8813
myasthenia,9,8814
gravis,9,8815
procardia,9,8816
amaurosis,9,8817
fugax,9,8818
adductors,9,8819
illicited,9,8820
retromalleolar,9,8821
henry,9,8822
peritrigonal,9,8823
parieto,9,8824
climb,9,8825
cervicothoracic,9,8826
decrement,9,8827
supraclinoid,9,8828
reassessment,9,8829
blurring,9,8830
cryptococcal,9,8831
uniform,9,8832
comparisons,9,8833
communis,9,8834
neuron,9,8835
disclose,9,8836
subcentimeter,9,8837
phleboliths,9,8838
chorea,9,8839
spep,9,8840
hypodense,9,8841
granulomas,9,8842
hydroureter,9,8843
thirteen,9,8844
jaundiced,9,8845
nephrologist,9,8846
opinions,9,8847
restlessness,9,8848
contract,9,8849
teenager,9,8850
committed,9,8851
remembers,9,8852
lunesta,9,8853
cachectic,9,8854
erythropoietin,9,8855
restraints,9,8856
intramuscularly,9,8857
delirium,9,8858
cries,9,8859
enjoyed,9,8860
pamelor,9,8861
estranged,9,8862
yelling,9,8863
retirement,9,8864
copies,9,8865
fallen,9,8866
wtar,9,8867
neurobehavioral,9,8868
repeatable,9,8869
rbans,9,8870
tova,9,8871
trigrams,9,8872
pasat,9,8873
ruff,9,8874
sdmt,9,8875
recollection,9,8876
differentiation,9,8877
imitrex,9,8878
beery,9,8879
buktenica,9,8880
harassed,9,8881
hyper,9,8882
relations,9,8883
indices,9,8884
agency,9,8885
nortriptyline,9,8886
clozaril,9,8887
reddish,9,8888
creases,9,8889
excursions,9,8890
tentatively,9,8891
prostaglandin,9,8892
duck,9,8893
trimester,9,8894
conversely,9,8895
infantile,9,8896
pediasure,9,8897
docusate,9,8898
alleviating,9,8899
stationary,9,8900
investigate,9,8901
workouts,9,8902
cognition,9,8903
fremitus,9,8904
axillae,9,8905
mastectomies,9,8906
obstetrical,9,8907
paraneoplastic,9,8908
expired,9,8909
natriuretic,9,8910
stacker,9,8911
measurable,9,8912
volvo,9,8913
exophthalmos,9,8914
pacerone,9,8915
dyspneic,9,8916
recline,9,8917
nitrofurantoin,9,8918
bait,9,8919
seattle,8,8920
loratadine,8,8921
flights,8,8922
sweets,8,8923
pursuing,8,8924
sluggish,8,8925
cheese,8,8926
among,8,8927
submit,8,8928
hyperdynamic,8,8929
lipomatous,8,8930
joined,8,8931
trileaflet,8,8932
origins,8,8933
biatrial,8,8934
moya,8,8935
degenerating,8,8936
sectioned,8,8937
encroaching,8,8938
straining,8,8939
sperm,8,8940
oxybutynin,8,8941
passively,8,8942
holmium,8,8943
vesicare,8,8944
evacuator,8,8945
harder,8,8946
hemostated,8,8947
continent,8,8948
successive,8,8949
snapped,8,8950
offset,8,8951
robot,8,8952
hemoclipped,8,8953
nsvd,8,8954
cooper,8,8955
bunched,8,8956
patulous,8,8957
hemorrhoidal,8,8958
monogamous,8,8959
peyronie,8,8960
confident,8,8961
keith,8,8962
slipping,8,8963
mikulicz,8,8964
hematopoietic,8,8965
extracapsular,8,8966
renagel,8,8967
toothbrush,8,8968
perspective,8,8969
paraphimosis,8,8970
aseptically,8,8971
tagging,8,8972
rbcs,8,8973
prefers,8,8974
packets,8,8975
poured,8,8976
recreated,8,8977
postanesthetic,8,8978
vaporization,8,8979
verumontanum,8,8980
opsite,8,8981
reiterate,8,8982
nesbit,8,8983
buck,8,8984
buttonholed,8,8985
reconstitute,8,8986
vesical,8,8987
preputial,8,8988
hydrocelectomy,8,8989
cardura,8,8990
macrobid,8,8991
fluttering,8,8992
immobile,8,8993
palliative,8,8994
oversewed,8,8995
bulbous,8,8996
fewer,8,8997
corona,8,8998
angiocath,8,8999
targeted,8,9000
terminate,8,9001
hyperplastic,8,9002
cortisol,8,9003
mydriacyl,8,9004
coapted,8,9005
intraarticularly,8,9006
parietooccipital,8,9007
superonasally,8,9008
supratemporal,8,9009
sigma,8,9010
inferotemporally,8,9011
patched,8,9012
tenon,8,9013
aqueductal,8,9014
aesculap,8,9015
macrocephaly,8,9016
nasion,8,9017
separator,8,9018
leafs,8,9019
particles,8,9020
carrots,8,9021
roth,8,9022
forcep,8,9023
alligator,8,9024
posterosuperior,8,9025
vannas,8,9026
punctures,8,9027
subluxed,8,9028
subluxing,8,9029
tympanosclerosis,8,9030
merocel,8,9031
repositioning,8,9032
pomeroy,8,9033
displacing,8,9034
duramorph,8,9035
cefazolin,8,9036
pilocarpine,8,9037
iridectomy,8,9038
gowned,8,9039
rubbery,8,9040
richardson,8,9041
opposing,8,9042
keel,8,9043
charnley,8,9044
translated,8,9045
extremes,8,9046
polymethyl,8,9047
broached,8,9048
cobalt,8,9049
lateralize,8,9050
modular,8,9051
vasopressin,8,9052
midsection,8,9053
stentless,8,9054
sewing,8,9055
tonsillolith,8,9056
watts,8,9057
ropivacaine,8,9058
wand,8,9059
permitted,8,9060
choanae,8,9061
deflected,8,9062
takahashi,8,9063
rumel,8,9064
aortotomies,8,9065
considerations,8,9066
shavers,8,9067
suprafascial,8,9068
tracheoesophageal,8,9069
graftotomy,8,9070
sticking,8,9071
expand,8,9072
island,8,9073
tough,8,9074
injuring,8,9075
hang,8,9076
tesio,8,9077
thread,8,9078
halfway,8,9079
guage,8,9080
menopause,8,9081
interloop,8,9082
vaginally,8,9083
soak,8,9084
syme,8,9085
invade,8,9086
canine,8,9087
swell,8,9088
hill,8,9089
sachs,8,9090
tentorium,8,9091
eleven,8,9092
exterior,8,9093
piston,8,9094
alternatively,8,9095
patrick,8,9096
styloidectomy,8,9097
concomitant,8,9098
sofamor,8,9099
laminae,8,9100
kyphoscoliosis,8,9101
picu,8,9102
sulfamylon,8,9103
zones,8,9104
transconjunctival,8,9105
phisohex,8,9106
pericranium,8,9107
pericranial,8,9108
mucocele,8,9109
preseptal,8,9110
codman,8,9111
shocks,8,9112
interposed,8,9113
bends,8,9114
subperichondrial,8,9115
transfixion,8,9116
crushing,8,9117
ophthalmoscopy,8,9118
diagonals,8,9119
ballooned,8,9120
turbinectomy,8,9121
ethmoidectomy,8,9122
thymectomy,8,9123
kilograms,8,9124
atriotomy,8,9125
translocated,8,9126
pager,8,9127
endoloop,8,9128
sealing,8,9129
nezhat,8,9130
reamers,8,9131
generously,8,9132
aquaplast,8,9133
bolster,8,9134
rendered,8,9135
chisel,8,9136
fascias,8,9137
rftc,8,9138
allodynia,8,9139
promptly,8,9140
projected,8,9141
prism,8,9142
eyelash,8,9143
canthotomy,8,9144
rectovaginal,8,9145
represented,8,9146
resistances,8,9147
sedentary,8,9148
wood,8,9149
context,8,9150
occluder,8,9151
cardiologic,8,9152
pterional,8,9153
dealt,8,9154
freeze,8,9155
philadelphia,8,9156
reconfirmed,8,9157
transnasal,8,9158
refracture,8,9159
precisely,8,9160
mornings,8,9161
taping,8,9162
circulating,8,9163
crew,8,9164
polished,8,9165
hemiparetic,8,9166
visipaque,8,9167
shelved,8,9168
honan,8,9169
mcpherson,8,9170
unfolded,8,9171
lowering,8,9172
discharging,8,9173
perlane,8,9174
assuming,8,9175
transabdominal,8,9176
stores,8,9177
ponsky,8,9178
mural,8,9179
plugs,8,9180
tortuosity,8,9181
kessler,8,9182
strange,8,9183
intention,8,9184
bloodless,8,9185
polarity,8,9186
nonischemic,8,9187
hyperkeratotic,8,9188
converging,8,9189
accu,8,9190
column,8,9191
enabling,8,9192
washer,8,9193
striker,8,9194
alta,8,9195
ulnarly,8,9196
distracting,8,9197
introducers,8,9198
jones,8,9199
hoffa,8,9200
acalculous,8,9201
nissen,8,9202
langer,8,9203
spreading,8,9204
intramediastinal,8,9205
gastroepiploic,8,9206
mastopexy,8,9207
reexamination,8,9208
morton,8,9209
continually,8,9210
revised,8,9211
convex,8,9212
diagram,8,9213
navigate,8,9214
canaliculus,8,9215
multipurpose,8,9216
maverick,8,9217
hematomas,8,9218
bobbin,8,9219
determining,8,9220
microscopically,8,9221
sensorineural,8,9222
mediport,8,9223
microfracture,8,9224
frayed,8,9225
auscultatory,8,9226
augment,8,9227
macromastia,8,9228
glandular,8,9229
screened,8,9230
instrumented,8,9231
hemilaminectomy,8,9232
malpresentation,8,9233
interceed,8,9234
overlapped,8,9235
facts,8,9236
amniocentesis,8,9237
donation,8,9238
popliteus,8,9239
canalicular,8,9240
leep,8,9241
rechecking,8,9242
establishment,8,9243
transecting,8,9244
invaded,8,9245
masters,8,9246
applier,8,9247
bierman,8,9248
cartridge,8,9249
laminectomies,8,9250
perihepatic,8,9251
jamshidi,8,9252
derangement,8,9253
mixing,8,9254
reciprocal,8,9255
kyphon,8,9256
radiopaque,8,9257
tamps,8,9258
backside,8,9259
malunion,8,9260
peroxide,8,9261
enterolysis,8,9262
endometrioma,8,9263
paracervical,8,9264
ringer,8,9265
moistened,8,9266
yielding,8,9267
tailored,8,9268
save,8,9269
headholder,8,9270
precordial,8,9271
voyager,8,9272
lvao,8,9273
ectasia,8,9274
fitting,8,9275
studied,8,9276
retrosternal,8,9277
hyperpigmented,8,9278
periapical,8,9279
dentin,8,9280
fluoride,8,9281
gingivitis,8,9282
throw,8,9283
rescue,8,9284
ecchymotic,8,9285
tracheobronchitis,8,9286
isodose,8,9287
backflow,8,9288
omniflush,8,9289
cavitary,8,9290
subjectively,8,9291
ethicon,8,9292
knob,8,9293
coursed,8,9294
photography,8,9295
videoscope,8,9296
remicade,8,9297
enteritis,8,9298
managing,8,9299
transition,8,9300
mrcp,8,9301
duodenitis,8,9302
glabrous,8,9303
combative,8,9304
lifelong,8,9305
ethmoiditis,8,9306
faster,8,9307
eosinophilic,8,9308
pared,8,9309
literally,8,9310
twenty,8,9311
occlusal,8,9312
panalok,8,9313
episiotomy,8,9314
outbreak,8,9315
reflects,8,9316
trimalleolar,8,9317
rotational,8,9318
fragmentation,8,9319
necessitate,8,9320
dissectors,8,9321
hypoperfusion,8,9322
pollack,8,9323
investigated,8,9324
aeration,8,9325
interhemispheric,8,9326
plagiocephaly,8,9327
craniosynostosis,8,9328
atheromatous,8,9329
blalock,8,9330
taussig,8,9331
bernstein,8,9332
optiprobe,8,9333
aggregate,8,9334
brachialis,8,9335
apprised,8,9336
pegboard,8,9337
drips,8,9338
miller,8,9339
posteromedial,8,9340
shepherd,8,9341
territory,8,9342
approaching,8,9343
clopidogrel,8,9344
incentive,8,9345
bagging,8,9346
peep,8,9347
rust,8,9348
hall,8,9349
implantable,8,9350
armstrong,8,9351
crypts,8,9352
propped,8,9353
hemispheres,8,9354
prove,8,9355
fortunately,8,9356
posteroinferior,8,9357
articularly,8,9358
coracohumeral,8,9359
femoroacetabular,8,9360
impinged,8,9361
worn,8,9362
hoarse,8,9363
nearest,8,9364
shadow,8,9365
operatively,8,9366
stature,8,9367
export,8,9368
peritonsillar,8,9369
thumbs,8,9370
recognition,8,9371
listen,8,9372
cancellation,8,9373
anytime,8,9374
awaking,8,9375
laryngitis,8,9376
stung,8,9377
benzodiazepine,8,9378
refreshed,8,9379
baltimore,8,9380
triamterene,8,9381
internist,8,9382
television,8,9383
teachers,8,9384
actonel,8,9385
asterixis,8,9386
polycythemia,8,9387
vera,8,9388
teaspoons,8,9389
chlorambucil,8,9390
socks,8,9391
tapazole,8,9392
suppressed,8,9393
recognize,8,9394
gamma,8,9395
denying,8,9396
binding,8,9397
vasotec,8,9398
methodist,8,9399
accounting,8,9400
newton,8,9401
requip,8,9402
elocon,8,9403
chewing,8,9404
levothroid,8,9405
mylanta,8,9406
guess,8,9407
denture,8,9408
socializing,8,9409
realizes,8,9410
welcome,8,9411
reddened,8,9412
bactroban,8,9413
echogenic,8,9414
telling,8,9415
hint,8,9416
schatzker,8,9417
vegetable,8,9418
onychomycosis,8,9419
eliminated,8,9420
meats,8,9421
devised,8,9422
equivalents,8,9423
scooter,8,9424
cetaphil,8,9425
swimming,8,9426
hemianopsia,8,9427
nonacute,8,9428
portland,8,9429
meetings,8,9430
international,8,9431
manifestation,8,9432
lorcet,8,9433
mouthwash,8,9434
neovascularization,8,9435
impressions,8,9436
aplastic,8,9437
pancytopenia,8,9438
outstretched,8,9439
artifacts,8,9440
immunosuppressive,8,9441
theta,8,9442
existed,8,9443
forearms,8,9444
aryepiglottic,8,9445
previa,8,9446
heterogenous,8,9447
cardioembolic,8,9448
broadening,8,9449
tomographic,8,9450
bedroom,8,9451
pneumothoraces,8,9452
suboptimally,8,9453
peritendinous,8,9454
missionary,8,9455
htlv,8,9456
elisa,8,9457
dsdna,8,9458
acromiale,8,9459
mestinon,8,9460
threat,8,9461
inhomogeneous,8,9462
ataxic,8,9463
intrasubstance,8,9464
transaxial,8,9465
periligamentous,8,9466
jerking,8,9467
sensorium,8,9468
childbirth,8,9469
formerly,8,9470
rmca,8,9471
sparse,8,9472
monocular,8,9473
drunk,8,9474
scotoma,8,9475
associative,8,9476
constructional,8,9477
praxis,8,9478
temporo,8,9479
hyperbaric,8,9480
concentrating,8,9481
scotomata,8,9482
ventriculomegaly,8,9483
triphasic,8,9484
procainamide,8,9485
reinnervation,8,9486
immobilization,8,9487
constraints,8,9488
hepatobiliary,8,9489
hyperfractionated,8,9490
intracavitary,8,9491
authorization,8,9492
world,8,9493
ostiomeatal,8,9494
lawn,8,9495
ultravist,8,9496
gating,8,9497
simulator,8,9498
clumsiness,8,9499
hypertropia,8,9500
grave,8,9501
perihilar,8,9502
acetylcholine,8,9503
arteriograms,8,9504
engagement,8,9505
males,8,9506
intellectual,8,9507
ecotrin,8,9508
mesiotemporal,8,9509
bizarre,8,9510
depressions,8,9511
kindergarten,8,9512
kids,8,9513
amnesia,8,9514
kempt,8,9515
adolescence,8,9516
detained,8,9517
resides,8,9518
talkative,8,9519
grandiose,8,9520
situations,8,9521
jobs,8,9522
charges,8,9523
erratic,8,9524
seclusion,8,9525
restoril,8,9526
terrace,8,9527
tyler,8,9528
lonely,8,9529
discord,8,9530
stages,8,9531
math,8,9532
remeron,8,9533
peer,8,9534
staring,8,9535
flashing,8,9536
metered,8,9537
hemotympanum,8,9538
industries,8,9539
corporation,8,9540
precipitating,8,9541
skateboarding,8,9542
revoked,8,9543
oppositionality,8,9544
page,8,9545
lake,8,9546
resources,8,9547
analog,8,9548
pregnancies,8,9549
diclofenac,8,9550
nonbilious,8,9551
nondysmorphic,8,9552
hypoparathyroidism,8,9553
alleviated,8,9554
clavicles,8,9555
pauses,8,9556
kilos,8,9557
restaging,8,9558
goldenhar,8,9559
eczematous,8,9560
participates,8,9561
zanaflex,8,9562
polyarthritis,8,9563
maxalt,8,9564
fiorinal,8,9565
encounter,8,9566
cousin,8,9567
niacin,8,9568
anion,8,9569
evaluative,8,9570
share,8,9571
gonioscopy,8,9572
humphrey,8,9573
dissipated,8,9574
drusen,8,9575
xalatan,8,9576
varies,8,9577
palms,8,9578
auricles,8,9579
vasomotor,8,9580
infrequent,8,9581
tearfulness,8,9582
deliveries,8,9583
microinvasive,8,9584
vasovagal,8,9585
epilepticus,8,9586
neurocutaneous,8,9587
latest,8,9588
monoclonal,8,9589
immunofixation,8,9590
korea,8,9591
mute,8,9592
histoplasmosis,8,9593
electronystagmography,8,9594
plenty,8,9595
myoglobin,8,9596
klebsiella,8,9597
hypoalbuminemia,8,9598
haart,8,9599
gripping,8,9600
allowance,8,9601
cars,8,9602
isosorbide,8,9603
cytometry,8,9604
biology,8,9605
neutropenic,8,9606
aggrenox,8,9607
dimer,8,9608
syrup,8,9609
ranks,8,9610
felodipine,8,9611
obtainable,8,9612
pneumovax,8,9613
pressors,8,9614
isoenzymes,8,9615
vasopressors,8,9616
appendicectomy,8,9617
septicemia,8,9618
cephalexin,8,9619
utah,8,9620
castleman,8,9621
nonbloody,8,9622
stenosed,8,9623
ewing,8,9624
rats,8,9625
digitalis,8,9626
breakage,8,9627
celesta,8,9628
gluten,8,9629
hypofunction,8,9630
diathesis,8,9631
nebulizers,8,9632
ursodiol,8,9633
glycoprotein,8,9634
rvvt,8,9635
methylmalonic,8,9636
microcytosis,8,9637
transumbilical,8,9638
supermorbid,8,9639
pulmozyme,8,9640
effectiveness,7,9641
cyclen,7,9642
loses,7,9643
programs,7,9644
medialization,7,9645
slurring,7,9646
catheterize,7,9647
cystoscopic,7,9648
incontinent,7,9649
anterosuperior,7,9650
firings,7,9651
characteristic,7,9652
chang,7,9653
fortaz,7,9654
steep,7,9655
docked,7,9656
evenly,7,9657
modifications,7,9658
clients,7,9659
violated,7,9660
discernible,7,9661
epididymides,7,9662
nephro,7,9663
pants,7,9664
stimulate,7,9665
pinched,7,9666
kegel,7,9667
abort,7,9668
perirenal,7,9669
anteromedially,7,9670
fearful,7,9671
polydek,7,9672
seromuscular,7,9673
travels,7,9674
warts,7,9675
carafate,7,9676
contraception,7,9677
famotidine,7,9678
postvoid,7,9679
preemie,7,9680
papillomatosis,7,9681
penetrate,7,9682
contamination,7,9683
presacral,7,9684
histiocytes,7,9685
prepuce,7,9686
insure,7,9687
urologic,7,9688
badly,7,9689
elliptically,7,9690
brady,7,9691
parameter,7,9692
reapplied,7,9693
beef,7,9694
miscarriages,7,9695
ciloxan,7,9696
interface,7,9697
interarticularis,7,9698
fork,7,9699
deflate,7,9700
rough,7,9701
profusely,7,9702
specification,7,9703
abductors,7,9704
insertions,7,9705
intramural,7,9706
headlight,7,9707
hemostased,7,9708
snores,7,9709
gold,7,9710
ascertained,7,9711
pyramidal,7,9712
interposition,7,9713
radially,7,9714
glide,7,9715
osteal,7,9716
scrape,7,9717
multitude,7,9718
metaphysis,7,9719
communicates,7,9720
floppy,7,9721
thoracolumbar,7,9722
easier,7,9723
enfamil,7,9724
pursued,7,9725
hemoclip,7,9726
ductions,7,9727
retroauricular,7,9728
nasalis,7,9729
sandwich,7,9730
preanesthesia,7,9731
intersecting,7,9732
capsulorrhaphy,7,9733
prolapsed,7,9734
astigmatism,7,9735
hockey,7,9736
compensatory,7,9737
swinging,7,9738
vomerine,7,9739
footplates,7,9740
millisecond,7,9741
supplemented,7,9742
passer,7,9743
electric,7,9744
pinnae,7,9745
dorsiflexed,7,9746
turcica,7,9747
issued,7,9748
adenomas,7,9749
container,7,9750
disarticulated,7,9751
regulate,7,9752
tobramycin,7,9753
acetate,7,9754
tracks,7,9755
shared,7,9756
discretion,7,9757
dissociation,7,9758
venotomy,7,9759
kantrex,7,9760
adapted,7,9761
conferred,7,9762
altercation,7,9763
quad,7,9764
pulsavac,7,9765
visualizing,7,9766
contiguous,7,9767
eleventh,7,9768
coagulate,7,9769
stanford,7,9770
circumareolar,7,9771
professional,7,9772
transferring,7,9773
harbor,7,9774
seeming,7,9775
sporadic,7,9776
palpating,7,9777
diaphoretic,7,9778
buildup,7,9779
hypoplasia,7,9780
toxoplasmosis,7,9781
lobular,7,9782
descend,7,9783
babies,7,9784
punctum,7,9785
hidden,7,9786
succinylcholine,7,9787
cardiorespiratory,7,9788
insulated,7,9789
arytenoid,7,9790
pressing,7,9791
hymen,7,9792
peanut,7,9793
compressible,7,9794
infuse,7,9795
posterolaterally,7,9796
utilization,7,9797
eburnation,7,9798
stryker,7,9799
transitioned,7,9800
nitrazine,7,9801
contaminated,7,9802
realized,7,9803
wooden,7,9804
boat,7,9805
clitoris,7,9806
tapes,7,9807
oroendotracheal,7,9808
covers,7,9809
duraplasty,7,9810
inferobasilar,7,9811
gentamycin,7,9812
terminating,7,9813
bigeminy,7,9814
enable,7,9815
consenting,7,9816
label,7,9817
dilatations,7,9818
helicobacter,7,9819
administer,7,9820
inverse,7,9821
refrain,7,9822
brevital,7,9823
arthrogram,7,9824
glottis,7,9825
terbutaline,7,9826
matted,7,9827
subq,7,9828
reevaluate,7,9829
hydradenitis,7,9830
esophagoscope,7,9831
rugal,7,9832
antacid,7,9833
ultrasounds,7,9834
caregiver,7,9835
saccadic,7,9836
mentally,7,9837
interrogated,7,9838
minora,7,9839
intrapartum,7,9840
mile,7,9841
northwest,7,9842
ride,7,9843
rayed,7,9844
reattachment,7,9845
hemoperitoneum,7,9846
kaplan,7,9847
microsurgical,7,9848
temporoparietal,7,9849
frontoparietal,7,9850
ledge,7,9851
aerated,7,9852
delicate,7,9853
proportion,7,9854
ultra,7,9855
genesis,7,9856
sulfasalazine,7,9857
neoplastic,7,9858
palpatory,7,9859
tattoo,7,9860
aging,7,9861
tuft,7,9862
party,7,9863
recommending,7,9864
oversedation,7,9865
cardioverter,7,9866
suppose,7,9867
optimum,7,9868
nitrates,7,9869
indefinitely,7,9870
generation,7,9871
accommodated,7,9872
practically,7,9873
teach,7,9874
crutch,7,9875
ingrowth,7,9876
nebulization,7,9877
frail,7,9878
completes,7,9879
statement,7,9880
declared,7,9881
useful,7,9882
referable,7,9883
precluding,7,9884
omentectomy,7,9885
subtests,7,9886
cheeks,7,9887
cracker,7,9888
hyolaryngeal,7,9889
patanol,7,9890
mutation,7,9891
fridays,7,9892
stamina,7,9893
hoffmann,7,9894
commented,7,9895
costovertebral,7,9896
nobody,7,9897
softener,7,9898
spironolactone,7,9899
duragesic,7,9900
realistic,7,9901
concurred,7,9902
localizes,7,9903
zestril,7,9904
thinner,7,9905
news,7,9906
cruise,7,9907
eaten,7,9908
urinated,7,9909
exceptionally,7,9910
arrangement,7,9911
cisplatin,7,9912
adriamycin,7,9913
hypothyroid,7,9914
yard,7,9915
journal,7,9916
attends,7,9917
anonymous,7,9918
confinement,7,9919
bothers,7,9920
megace,7,9921
polycystic,7,9922
ionized,7,9923
francisco,7,9924
attentive,7,9925
doors,7,9926
indomethacin,7,9927
electron,7,9928
brooklyn,7,9929
femara,7,9930
glucotrol,7,9931
secretary,7,9932
wakefulness,7,9933
hypopneas,7,9934
stomachache,7,9935
penicillamine,7,9936
chewable,7,9937
arava,7,9938
intolerant,7,9939
transvaginal,7,9940
empiric,7,9941
priors,7,9942
trailer,7,9943
silhouette,7,9944
provocation,7,9945
ipratropium,7,9946
protocols,7,9947
zaroxolyn,7,9948
myotonia,7,9949
strains,7,9950
ectopia,7,9951
craniovertebral,7,9952
atlantoaxial,7,9953
slower,7,9954
coma,7,9955
gastrectomy,7,9956
transiently,7,9957
mainstream,7,9958
olfactory,7,9959
subluxations,7,9960
analyzed,7,9961
patellas,7,9962
pericolonic,7,9963
scout,7,9964
munro,7,9965
mechanic,7,9966
faxed,7,9967
spheres,7,9968
adrenals,7,9969
workstation,7,9970
overhead,7,9971
desk,7,9972
qualifies,7,9973
esteem,7,9974
teenage,7,9975
coping,7,9976
impulsivity,7,9977
rejected,7,9978
donating,7,9979
housing,7,9980
restaurant,7,9981
provigil,7,9982
cuddly,7,9983
games,7,9984
wheels,7,9985
avoids,7,9986
exaggerated,7,9987
disabilities,7,9988
interpret,7,9989
dysthymia,7,9990
reassess,7,9991
assault,7,9992
starlix,7,9993
illusions,7,9994
demanding,7,9995
bilious,7,9996
sarcoidosis,7,9997
women,7,9998
unplanned,7,9999
peers,7,10000
integration,7,10001
associations,7,10002
blow,7,10003
hostile,7,10004
athlete,7,10005
sweat,7,10006
smiling,7,10007
excited,7,10008
suspects,7,10009
discordance,7,10010
tympanogram,7,10011
presumptive,7,10012
mexican,7,10013
cereal,7,10014
nipples,7,10015
christmas,7,10016
heavier,7,10017
antiinflammatory,7,10018
exacerbating,7,10019
irises,7,10020
oncologic,7,10021
fatigability,7,10022
swallows,7,10023
heartbeats,7,10024
avandia,7,10025
backache,7,10026
buspar,7,10027
desirous,7,10028
gemcitabine,7,10029
surprise,7,10030
mevacor,7,10031
toxicology,7,10032
inherited,7,10033
exquisitely,7,10034
pulseless,7,10035
cramp,7,10036
dementing,7,10037
charts,7,10038
hypercalcemia,7,10039
butcher,7,10040
infarcts,7,10041
anthracotic,7,10042
causation,7,10043
mononucleosis,7,10044
dorm,7,10045
rituxan,7,10046
restarting,7,10047
colonoscopies,7,10048
jefferson,7,10049
proctitis,7,10050
mononitrate,7,10051
evista,7,10052
lobar,7,10053
gall,7,10054
deficiencies,7,10055
airline,6,10056
thrombophlebitis,6,10057
volleyball,6,10058
antegastric,6,10059
diets,6,10060
seminar,6,10061
garment,6,10062
flanks,6,10063
signing,6,10064
outbursts,6,10065
cardiolipin,6,10066
widespread,6,10067
tennessee,6,10068
obscuring,6,10069
fishbone,6,10070
magnetic,6,10071
resonance,6,10072
scripts,6,10073
vicryls,6,10074
ganciclovir,6,10075
prostatism,6,10076
enablex,6,10077
sanctura,6,10078
occurrence,6,10079
propria,6,10080
epididymectomy,6,10081
epididymitis,6,10082
facing,6,10083
sucked,6,10084
challenging,6,10085
orchidopexy,6,10086
settle,6,10087
sparc,6,10088
clapper,6,10089
pyeloureteroscopy,6,10090
boule,6,10091
puboprostatic,6,10092
ampullae,6,10093
spaced,6,10094
releasing,6,10095
comorbid,6,10096
acromioplasty,6,10097
curl,6,10098
fixing,6,10099
cores,6,10100
psas,6,10101
irradiation,6,10102
zinc,6,10103
ultimate,6,10104
engaging,6,10105
unintentional,6,10106
tubings,6,10107
farlow,6,10108
heinecke,6,10109
blockage,6,10110
novolin,6,10111
dripping,6,10112
detention,6,10113
coags,6,10114
staph,6,10115
cottonwood,6,10116
cleanse,6,10117
shelving,6,10118
transversus,6,10119
iliopubic,6,10120
neuromodulator,6,10121
overactivity,6,10122
catheterizing,6,10123
nonabsorbable,6,10124
bassini,6,10125
conjoined,6,10126
reducible,6,10127
trabeculation,6,10128
reinforcing,6,10129
capturing,6,10130
asis,6,10131
eroded,6,10132
spongiosum,6,10133
attach,6,10134
marshall,6,10135
marchetti,6,10136
krantz,6,10137
cystourethropexy,6,10138
burying,6,10139
heals,6,10140
molluscum,6,10141
contagiosum,6,10142
smelly,6,10143
implanting,6,10144
scanned,6,10145
caliceal,6,10146
escherichia,6,10147
cellules,6,10148
extrarenal,6,10149
tuberculation,6,10150
cupful,6,10151
assessing,6,10152
plastibell,6,10153
cryosurgery,6,10154
warming,6,10155
betamethasone,6,10156
ballooning,6,10157
grid,6,10158
duplication,6,10159
duplicated,6,10160
principle,6,10161
arrives,6,10162
modality,6,10163
youngswick,6,10164
aldosterone,6,10165
gouty,6,10166
inmate,6,10167
gelport,6,10168
alphagan,6,10169
superonasal,6,10170
epiretinal,6,10171
vvir,6,10172
pipe,6,10173
altogether,6,10174
shaven,6,10175
neuropen,6,10176
ophthalmoscopic,6,10177
cornu,6,10178
cervicovaginal,6,10179
tractioned,6,10180
bifid,6,10181
blighted,6,10182
ovum,6,10183
osborne,6,10184
penny,6,10185
hourglass,6,10186
primed,6,10187
episcleral,6,10188
umbilically,6,10189
impressive,6,10190
supporting,6,10191
trache,6,10192
select,6,10193
branched,6,10194
stats,6,10195
denuded,6,10196
fasttract,6,10197
pusher,6,10198
synvisc,6,10199
articulate,6,10200
trilogy,6,10201
lateralis,6,10202
broaching,6,10203
restrictor,6,10204
toronto,6,10205
aired,6,10206
electromechanical,6,10207
sullivan,6,10208
synched,6,10209
bayonet,6,10210
mucoperiosteum,6,10211
excellently,6,10212
fisher,6,10213
suppression,6,10214
sumping,6,10215
snugness,6,10216
electrophysiological,6,10217
retching,6,10218
fasteners,6,10219
yankauer,6,10220
trapped,6,10221
whitish,6,10222
thoracoport,6,10223
unroofed,6,10224
endothoracic,6,10225
readied,6,10226
cuffs,6,10227
midpalm,6,10228
tenosynovium,6,10229
dorsolaterally,6,10230
malleable,6,10231
transfixed,6,10232
uterosacrals,6,10233
roticulator,6,10234
mccall,6,10235
culdoplasty,6,10236
rump,6,10237
cytologic,6,10238
esophagectomy,6,10239
microinstrument,6,10240
beautifully,6,10241
washout,6,10242
timeout,6,10243
stamm,6,10244
coronaries,6,10245
tympanomeatal,6,10246
visibility,6,10247
sacro,6,10248
lumbo,6,10249
pharmacological,6,10250
essence,6,10251
zigzag,6,10252
eburnated,6,10253
osteotomized,6,10254
documenting,6,10255
dorsiflex,6,10256
upgoing,6,10257
hemolyzed,6,10258
auricle,6,10259
torus,6,10260
tubarius,6,10261
gull,6,10262
reprepped,6,10263
resurfacing,6,10264
copeland,6,10265
tenodesed,6,10266
endogen,6,10267
sprue,6,10268
osteotomes,6,10269
wrapping,6,10270
decongested,6,10271
aperture,6,10272
scott,6,10273
polystan,6,10274
kilogram,6,10275
smeared,6,10276
shears,6,10277
desufflate,6,10278
levaeuin,6,10279
placud,6,10280
subconjunctivally,6,10281
ageing,6,10282
cavum,6,10283
interdomal,6,10284
relaxing,6,10285
camper,6,10286
orange,6,10287
cautiously,6,10288
sequelae,6,10289
rami,6,10290
static,6,10291
valvuloplasty,6,10292
ligaclips,6,10293
aneurysmal,6,10294
butterfly,6,10295
transanal,6,10296
hemithyroidectomy,6,10297
coblation,6,10298
prolactin,6,10299
periauricular,6,10300
swimmer,6,10301
casting,6,10302
moulded,6,10303
regrown,6,10304
pilon,6,10305
auto,6,10306
fixator,6,10307
diplegic,6,10308
musculocutaneous,6,10309
nonpreserved,6,10310
injector,6,10311
alcon,6,10312
sinskey,6,10313
acular,6,10314
miostat,6,10315
supersharp,6,10316
lamellar,6,10317
emulsified,6,10318
sculpted,6,10319
acrysof,6,10320
hydrodelineated,6,10321
shielded,6,10322
mesiolabial,6,10323
lasercaine,6,10324
donjoy,6,10325
weaved,6,10326
krackow,6,10327
cineangiogram,6,10328
hyperparathyroidism,6,10329
medtronics,6,10330
detection,6,10331
mobitz,6,10332
asystole,6,10333
infiltrative,6,10334
extraarticular,6,10335
ossatron,6,10336
bicortical,6,10337
interfragmentary,6,10338
incarceration,6,10339
traveled,6,10340
parasymphysis,6,10341
asnis,6,10342
erich,6,10343
bruxism,6,10344
extraorally,6,10345
weightbear,6,10346
ladder,6,10347
actions,6,10348
meningeal,6,10349
detailing,6,10350
funnel,6,10351
depressing,6,10352
maltese,6,10353
neonipple,6,10354
inset,6,10355
electrobovie,6,10356
intubate,6,10357
submaxillary,6,10358
deflection,6,10359
symmetrization,6,10360
subciliary,6,10361
scalenes,6,10362
generated,6,10363
outcomes,6,10364
navigation,6,10365
equalization,6,10366
eyedrops,6,10367
postabsorptive,6,10368
aortography,6,10369
nominal,6,10370
kissing,6,10371
coded,6,10372
applicable,6,10373
processed,6,10374
reconstruct,6,10375
whitnall,6,10376
spikes,6,10377
torp,6,10378
niche,6,10379
oval,6,10380
rhabdomyosarcoma,6,10381
otalgia,6,10382
mylohyoid,6,10383
incorporation,6,10384
biosyn,6,10385
seeding,6,10386
wedges,6,10387
rushed,6,10388
keyhole,6,10389
mcbride,6,10390
orthopro,6,10391
underling,6,10392
hyperpigmentation,6,10393
subpectoral,6,10394
interfering,6,10395
exhibiting,6,10396
breach,6,10397
isoimmunization,6,10398
obstetrician,6,10399
externalized,6,10400
banded,6,10401
valtrex,6,10402
sink,6,10403
myometrium,6,10404
amnioinfusion,6,10405
maturity,6,10406
tumescent,6,10407
semitendinosus,6,10408
musculotendinous,6,10409
snuffbox,6,10410
carpometacarpal,6,10411
trapezium,6,10412
acetowhite,6,10413
ablate,6,10414
prophylactically,6,10415
cricothyrotomy,6,10416
abdominally,6,10417
adiposity,6,10418
intentional,6,10419
colpotomy,6,10420
thawing,6,10421
cholangiocatheter,6,10422
subphrenic,6,10423
laminotomies,6,10424
facetectomies,6,10425
corticated,6,10426
neurophysiologic,6,10427
unique,6,10428
grey,6,10429
quadriplegic,6,10430
roughen,6,10431
unsafe,6,10432
subarticular,6,10433
reinflated,6,10434
perforations,6,10435
reestablished,6,10436
caliper,6,10437
preretinal,6,10438
keratoprosthesis,6,10439
helical,6,10440
onychocryptosis,6,10441
adhere,6,10442
compound,6,10443
enterocutaneous,6,10444
hegar,6,10445
parous,6,10446
essure,6,10447
thermachoice,6,10448
hanks,6,10449
coils,6,10450
humi,6,10451
hemivulvectomy,6,10452
hickman,6,10453
hemilaminotomy,6,10454
woodson,6,10455
saving,6,10456
shuck,6,10457
incoherence,6,10458
intestines,6,10459
perforators,6,10460
collateralized,6,10461
remeasured,6,10462
optiray,6,10463
postcatheterization,6,10464
vasodilator,6,10465
fundic,6,10466
granular,6,10467
strictured,6,10468
restorable,6,10469
fluoridated,6,10470
undraped,6,10471
radiocapitellar,6,10472
thursdays,6,10473
premedicated,6,10474
readvanced,6,10475
lacerated,6,10476
frameless,6,10477
conformality,6,10478
caseating,6,10479
postcutting,6,10480
nasolaryngoscopy,6,10481
incompetent,6,10482
premier,6,10483
neurodiagnostics,6,10484
shelled,6,10485
mushroom,6,10486
colovesical,6,10487
nevi,6,10488
trichloroacetic,6,10489
whipple,6,10490
cricopharyngeus,6,10491
aphthous,6,10492
enterogastritis,6,10493
cholangiopancreatography,6,10494
eschar,6,10495
etomidate,6,10496
excisions,6,10497
graftings,6,10498
autografting,6,10499
engraftment,6,10500
beaumont,6,10501
commonly,6,10502
linings,6,10503
threw,6,10504
instruct,6,10505
streaking,6,10506
overlap,6,10507
symptomology,6,10508
allografts,6,10509
eagle,6,10510
combinations,6,10511
periappendicitis,6,10512
retrocecal,6,10513
excavation,6,10514
deliverance,6,10515
acceleration,6,10516
kentucky,6,10517
slough,6,10518
crosslink,6,10519
disrupted,6,10520
frazier,6,10521
powered,6,10522
fimbria,6,10523
introducing,6,10524
intermenstrual,6,10525
displace,6,10526
inconsistent,6,10527
anaprox,6,10528
exudative,6,10529
survey,6,10530
noncontrasted,6,10531
gliotic,6,10532
rocking,6,10533
lean,6,10534
cerebellopontine,6,10535
milliamperes,6,10536
acusticus,6,10537
reapproximating,6,10538
subtentorial,6,10539
infratentorial,6,10540
fiducial,6,10541
pterion,6,10542
terminus,6,10543
noncardiac,6,10544
happens,6,10545
transpulmonary,6,10546
premounted,6,10547
volvulus,6,10548
suppositories,6,10549
jumbo,6,10550
junk,6,10551
sclerotherapy,6,10552
pentax,6,10553
fleet,6,10554
dingman,6,10555
interossei,6,10556
barometric,6,10557
tricompartmental,6,10558
prolong,6,10559
batches,6,10560
fire,6,10561
tragal,6,10562
wells,6,10563
hairbearing,6,10564
lobules,6,10565
conform,6,10566
ragnell,6,10567
distances,6,10568
pacs,6,10569
electrophysiologist,6,10570
xxxxxx,6,10571
opacified,6,10572
triglyceride,6,10573
iliofemoral,6,10574
crux,6,10575
taxus,6,10576
digiti,6,10577
minimi,6,10578
script,6,10579
mahurkar,6,10580
cuneiform,6,10581
calluses,6,10582
flexing,6,10583
tether,6,10584
kaczander,6,10585
throne,6,10586
canthopexy,6,10587
corrugator,6,10588
procerus,6,10589
suborbicularis,6,10590
malposition,6,10591
swiss,6,10592
fungi,6,10593
casual,6,10594
proximity,6,10595
immunocompromise,6,10596
oxygenated,6,10597
precarinal,6,10598
aspirations,6,10599
fibroadenoma,6,10600
volumetric,6,10601
bossings,6,10602
screener,6,10603
whereby,6,10604
dentigerous,6,10605
dermatochalasis,6,10606
blepharochalasia,6,10607
lash,6,10608
thrombocytopenic,6,10609
blepharon,6,10610
frontozygomatic,6,10611
mucopurulent,6,10612
coverlet,6,10613
mallory,6,10614
weiss,6,10615
baker,6,10616
thromboembolism,6,10617
brachiobasilic,6,10618
arteriosclerosis,6,10619
lumbrical,6,10620
tetralogy,6,10621
fallot,6,10622
aphasic,6,10623
hemarthrosis,6,10624
fissuring,6,10625
acted,6,10626
unrelated,6,10627
acromial,6,10628
motorized,6,10629
tacks,6,10630
adson,6,10631
plantolaterally,6,10632
horns,6,10633
osteoplasty,6,10634
cloth,6,10635
infrarenal,6,10636
bulged,6,10637
putty,6,10638
chronos,6,10639
vertefill,6,10640
tricalcium,6,10641
periarticular,6,10642
cornerstone,6,10643
discectomies,6,10644
bellies,6,10645
interference,6,10646
vector,6,10647
zephyr,6,10648
platysmus,6,10649
surgiflo,6,10650
malleted,6,10651
mystique,6,10652
spacing,6,10653
spondylitic,6,10654
undercutting,6,10655
cloward,6,10656
grand,6,10657
peritenon,6,10658
graduate,6,10659
unintelligible,6,10660
gestures,6,10661
sacrocolpopexy,6,10662
generative,6,10663
intelligible,6,10664
perceptual,6,10665
moreover,6,10666
valleculae,6,10667
wasp,6,10668
anaphylaxis,6,10669
puffy,6,10670
nicking,6,10671
hydrea,6,10672
donated,6,10673
antidepressant,6,10674
awakenings,6,10675
tossing,6,10676
disarray,6,10677
downloading,6,10678
compare,6,10679
pseudoaneurysm,6,10680
reticulocyte,6,10681
selenium,6,10682
flaxseed,6,10683
myeloproliferative,6,10684
mailed,6,10685
posttransplant,6,10686
hyperthyroid,6,10687
multifidus,6,10688
prison,6,10689
infirmary,6,10690
streaks,6,10691
awhile,6,10692
maculopapular,6,10693
womac,6,10694
accompanies,6,10695
mgus,6,10696
clue,6,10697
cimetidine,6,10698
contin,6,10699
hypoventilation,6,10700
prbcs,6,10701
arouses,6,10702
normochromic,6,10703
normocytic,6,10704
differences,6,10705
genuine,6,10706
phlegm,6,10707
coughs,6,10708
mentions,6,10709
hypertriglyceridemia,6,10710
lamisil,6,10711
erythematosus,6,10712
prempro,6,10713
atarax,6,10714
obstipation,6,10715
mavik,6,10716
hardly,6,10717
regulated,6,10718
bigger,6,10719
heaviness,6,10720
celery,6,10721
pedialyte,6,10722
grape,6,10723
necessarily,6,10724
myofascitis,6,10725
watchers,6,10726
crepitance,6,10727
emphasis,6,10728
moderating,6,10729
kool,6,10730
lily,6,10731
totals,6,10732
refined,6,10733
prepregnancy,6,10734
whatever,6,10735
unwilling,6,10736
aristocort,6,10737
soapy,6,10738
vldl,6,10739
departure,6,10740
podiatrist,6,10741
tenormin,6,10742
fenofibrate,6,10743
ergocalciferol,6,10744
warning,6,10745
scleritis,6,10746
munson,6,10747
wolff,6,10748
varner,6,10749
classroom,6,10750
avapro,6,10751
antivert,6,10752
drooping,6,10753
esmolol,6,10754
depletion,6,10755
fingerstick,6,10756
multiorgan,6,10757
epileptogenic,6,10758
possibilities,6,10759
unwell,6,10760
infrequently,6,10761
kilo,6,10762
hyperinflated,6,10763
everybody,6,10764
antinuclear,6,10765
psoriatic,6,10766
glad,6,10767
photosensitivity,6,10768
shingles,6,10769
reclining,6,10770
myositis,6,10771
alopecia,6,10772
oligoarticular,6,10773
noncalcified,6,10774
colors,6,10775
fibrocalcific,6,10776
heterogeneously,6,10777
caliectasis,6,10778
multiplane,6,10779
planimetry,6,10780
paucity,6,10781
avid,6,10782
lunate,6,10783
wedging,6,10784
intratendinous,6,10785
nigeria,6,10786
serological,6,10787
mekongi,6,10788
parasite,6,10789
eradication,6,10790
medullaris,6,10791
polar,6,10792
coracoclavicular,6,10793
transversing,6,10794
oculocephalic,6,10795
iliotibial,6,10796
biomechanics,6,10797
teno,6,10798
bifurcate,6,10799
tarsometatarsal,6,10800
epicondylo,6,10801
epimysial,6,10802
hemibody,6,10803
coccygeal,6,10804
preforaminal,6,10805
thalamic,6,10806
bica,6,10807
indent,6,10808
impresses,6,10809
hypophonia,6,10810
gyriform,6,10811
plant,6,10812
lpca,6,10813
glasgow,6,10814
enroute,6,10815
semantic,6,10816
venom,6,10817
cryoglobulins,6,10818
reticularis,6,10819
midbrain,6,10820
archilles,6,10821
florinef,6,10822
homosexual,6,10823
dopplers,6,10824
supranuclear,6,10825
acknowledged,6,10826
foamy,6,10827
nuclei,6,10828
screaming,6,10829
postictal,6,10830
phenytoin,6,10831
hemianopia,6,10832
dives,6,10833
monocyte,6,10834
navicularis,6,10835
kager,6,10836
brugada,6,10837
capoten,6,10838
radiosensitive,6,10839
physics,6,10840
radiopharmaceutical,6,10841
assembly,6,10842
entrained,6,10843
polyphasic,6,10844
recruitment,6,10845
electrodiagnostic,6,10846
eccentrically,6,10847
streak,6,10848
favored,6,10849
breakaway,6,10850
meclizine,6,10851
accupril,6,10852
neuroradiologic,6,10853
impersistence,6,10854
positives,6,10855
airdrop,6,10856
pararenal,6,10857
angiomyolipoma,6,10858
retrospective,6,10859
extramural,6,10860
tensilon,6,10861
thymoma,6,10862
hemosiderin,6,10863
mammotome,6,10864
goldman,6,10865
fludrocortisone,6,10866
catholic,6,10867
extrapyramidal,6,10868
surroundings,6,10869
starclose,6,10870
junior,6,10871
audiogram,6,10872
meniere,6,10873
delusional,6,10874
fighting,6,10875
strategies,6,10876
watches,6,10877
clarify,6,10878
confidence,6,10879
doubts,6,10880
leiden,6,10881
bills,6,10882
impulsive,6,10883
anyone,6,10884
hotel,6,10885
repeats,6,10886
subtractions,6,10887
behalf,6,10888
mania,6,10889
nitrous,6,10890
invega,6,10891
loudly,6,10892
disheveled,6,10893
recovers,6,10894
appliances,6,10895
assaultive,6,10896
suppository,6,10897
infarctions,6,10898
conflict,6,10899
projects,6,10900
reacting,6,10901
euphoric,6,10902
hazy,6,10903
misuse,6,10904
derogatory,6,10905
summarize,6,10906
handling,6,10907
dragging,6,10908
obtains,6,10909
confidentiality,6,10910
concepts,6,10911
everyone,6,10912
temperament,6,10913
gather,6,10914
grandparents,6,10915
custody,6,10916
ukraine,6,10917
nauseous,6,10918
coworker,6,10919
motivated,6,10920
tower,6,10921
trails,6,10922
plum,6,10923
files,6,10924
southwest,6,10925
bellaire,6,10926
artane,6,10927
proactive,6,10928
telepathy,6,10929
club,6,10930
supposedly,6,10931
nicorette,6,10932
struggling,6,10933
chickenpox,6,10934
lotrimin,6,10935
east,6,10936
ignores,6,10937
whines,6,10938
defiant,6,10939
trophic,6,10940
restorator,6,10941
leisure,6,10942
awareness,6,10943
progresses,6,10944
paraesthesia,6,10945
doxepin,6,10946
grains,6,10947
drooling,6,10948
mylicon,6,10949
provoking,6,10950
situs,6,10951
morphologic,6,10952
circumduction,6,10953
allergist,6,10954
yogurt,6,10955
phototherapy,6,10956
asthmatic,6,10957
hypoxemic,6,10958
nonconvulsive,6,10959
nicu,6,10960
madera,6,10961
herpetic,6,10962
flag,6,10963
consulting,6,10964
optimization,6,10965
peho,6,10966
vomitus,6,10967
pizza,6,10968
throats,6,10969
beverage,6,10970
aggravate,6,10971
alertness,6,10972
qvar,6,10973
aldex,6,10974
vehicles,6,10975
waddell,6,10976
interesting,6,10977
facetal,6,10978
cafe,6,10979
lait,6,10980
hormones,6,10981
thoracalgia,6,10982
nadolol,6,10983
sternochondral,6,10984
oswestry,6,10985
inrs,6,10986
addendum,6,10987
osteoarthrosis,6,10988
tacoma,6,10989
dependents,6,10990
dulcolax,6,10991
intrinsics,6,10992
player,6,10993
predischarge,6,10994
unloading,6,10995
squeezing,6,10996
print,6,10997
cosopt,6,10998
bruisability,6,10999
endocrinologic,6,11000
hyperresonance,6,11001
bulla,6,11002
communicative,6,11003
rational,6,11004
premalignant,6,11005
myoclonus,6,11006
precursor,6,11007
glomerular,6,11008
neuropsychiatric,6,11009
annually,6,11010
preventive,6,11011
transformation,6,11012
intolerances,6,11013
gravid,6,11014
subclinical,6,11015
anomalies,6,11016
cholestasis,6,11017
cuing,6,11018
exceeding,6,11019
antiplatelet,6,11020
polypharmacy,6,11021
rolandic,6,11022
immunology,6,11023
gallium,6,11024
unresponsiveness,6,11025
provides,6,11026
ucsf,6,11027
tranxene,6,11028
exhaustion,6,11029
hopkins,6,11030
quivering,6,11031
stood,6,11032
shaky,6,11033
multiplied,6,11034
baclofen,6,11035
property,6,11036
saccades,6,11037
assay,6,11038
petrous,6,11039
amaryl,6,11040
senna,6,11041
german,6,11042
hypoactive,6,11043
antiinflammatories,6,11044
achy,6,11045
kayexalate,6,11046
dialytic,6,11047
hemodiafiltration,6,11048
paged,6,11049
diskitis,6,11050
promise,6,11051
angioedema,6,11052
constitute,6,11053
picaroon,6,11054
notation,6,11055
observable,6,11056
ibiken,6,11057
harnesses,6,11058
cycling,6,11059
pilates,6,11060
justel,6,11061
inclinometry,6,11062
cytokeratin,6,11063
sarcomatoid,6,11064
norcraft,6,11065
frito,6,11066
carrier,6,11067
existence,6,11068
contraindicated,6,11069
roxanol,6,11070
preload,6,11071
thinners,6,11072
proxy,6,11073
fatal,6,11074
daptomycin,6,11075
anniversary,6,11076
angiolymphatic,6,11077
microsatellite,6,11078
cholangiocarcinoma,6,11079
airbag,6,11080
jewelry,6,11081
investigational,6,11082
antihistamine,6,11083
hypothermia,6,11084
albuquerque,6,11085
nyha,6,11086
hypersensitivity,6,11087
orthostatics,6,11088
pneumocystis,6,11089
thrombocythemia,6,11090
nitrite,6,11091
micardis,6,11092
tekturna,6,11093
outlying,6,11094
episcopal,6,11095
salmeterol,6,11096
antacids,6,11097
herbal,6,11098
porta,6,11099
glomeruli,6,11100
moods,6,11101
nosebleed,6,11102
tularemia,6,11103
serotonin,6,11104
cefepime,6,11105
nebs,6,11106
relapsing,6,11107
bipedal,6,11108
venostasis,6,11109
armpits,6,11110
zyvox,6,11111
gonorrhoeae,6,11112
southern,6,11113
faucial,6,11114
drums,6,11115
dacuronium,6,11116
qday,6,11117
sarcoid,6,11118
hypochromia,6,11119
slides,6,11120
rigor,6,11121
sixteenth,6,11122
handouts,5,11123
fires,5,11124
constricting,5,11125
desiring,5,11126
michigan,5,11127
urogram,5,11128
diaries,5,11129
orthotopic,5,11130
freedom,5,11131
solutions,5,11132
retzius,5,11133
defatted,5,11134
physicist,5,11135
cinched,5,11136
glove,5,11137
reestablish,5,11138
migrate,5,11139
canceled,5,11140
immigration,5,11141
tighten,5,11142
empties,5,11143
etiologies,5,11144
cared,5,11145
ventrally,5,11146
hassan,5,11147
obliterating,5,11148
uteropelvic,5,11149
smallest,5,11150
imbricated,5,11151
iliohypogastric,5,11152
transfixing,5,11153
infundibular,5,11154
bartholin,5,11155
ceftazidime,5,11156
carbonated,5,11157
calyceal,5,11158
followups,5,11159
healthier,5,11160
appliance,5,11161
circumstraint,5,11162
khan,5,11163
winded,5,11164
avodart,5,11165
influence,5,11166
troublesome,5,11167
miserable,5,11168
sizers,5,11169
tamped,5,11170
hometown,5,11171
prolenes,5,11172
painted,5,11173
settling,5,11174
camino,5,11175
flooded,5,11176
decompressing,5,11177
lumbodorsal,5,11178
paragraph,5,11179
bacteriostatic,5,11180
mottled,5,11181
velcro,5,11182
isthmusectomy,5,11183
ventilating,5,11184
extraneous,5,11185
epicondyles,5,11186
leveled,5,11187
purchasing,5,11188
subserosal,5,11189
bunch,5,11190
visited,5,11191
recalcitrant,5,11192
pedicular,5,11193
readjusted,5,11194
morcellated,5,11195
finochietto,5,11196
gelatinous,5,11197
abundantly,5,11198
brownish,5,11199
caseous,5,11200
fainting,5,11201
crypt,5,11202
secondly,5,11203
sacaton,5,11204
exited,5,11205
modifier,5,11206
settled,5,11207
hemaseel,5,11208
moles,5,11209
downbiting,5,11210
procedural,5,11211
selection,5,11212
catastrophic,5,11213
plantarflex,5,11214
kerrisons,5,11215
scoliotic,5,11216
rehydration,5,11217
myocutaneous,5,11218
ribbon,5,11219
conduct,5,11220
bordered,5,11221
hemostatically,5,11222
programmable,5,11223
align,5,11224
paralleling,5,11225
egress,5,11226
deairing,5,11227
regaining,5,11228
rewarming,5,11229
inotropic,5,11230
diverting,5,11231
stack,5,11232
syringes,5,11233
rhinoscopy,5,11234
centigrade,5,11235
lacks,5,11236
vasoconstricted,5,11237
stirrups,5,11238
hymeneal,5,11239
predicting,5,11240
flowed,5,11241
paddies,5,11242
subjected,5,11243
septation,5,11244
serosanguinous,5,11245
chiasm,5,11246
floors,5,11247
overly,5,11248
anticipating,5,11249
keratoma,5,11250
vacuuming,5,11251
clarity,5,11252
vacuumed,5,11253
permacath,5,11254
gapping,5,11255
hyperextend,5,11256
overlaid,5,11257
format,5,11258
arises,5,11259
immobilize,5,11260
pedestrian,5,11261
consents,5,11262
magerl,5,11263
precontoured,5,11264
decorticating,5,11265
rigidly,5,11266
grafted,5,11267
mine,5,11268
teds,5,11269
lengthen,5,11270
protrude,5,11271
vestibules,5,11272
drying,5,11273
refractured,5,11274
compressing,5,11275
equalizing,5,11276
quadrangular,5,11277
psychiatrically,5,11278
aerosol,5,11279
rhizotomy,5,11280
boney,5,11281
skribe,5,11282
confines,5,11283
informing,5,11284
unrelenting,5,11285
warn,5,11286
profoundly,5,11287
postsurgically,5,11288
gelpi,5,11289
reassessed,5,11290
isthmic,5,11291
caught,5,11292
grow,5,11293
littler,5,11294
postponed,5,11295
vater,5,11296
dilemma,5,11297
expandable,5,11298
extrahepatic,5,11299
endobag,5,11300
bulges,5,11301
noises,5,11302
paraplegic,5,11303
reoccurring,5,11304
reflexion,5,11305
ferning,5,11306
periwound,5,11307
troubles,5,11308
condom,5,11309
intraperitoneally,5,11310
inevitable,5,11311
corresponds,5,11312
maker,5,11313
faintly,5,11314
advantage,5,11315
thermal,5,11316
pilot,5,11317
orthostasis,5,11318
straps,5,11319
substantially,5,11320
pencil,5,11321
radiography,5,11322
orthowedge,5,11323
garage,5,11324
exhalation,5,11325
network,5,11326
restoring,5,11327
granulomata,5,11328
residing,5,11329
esophagoscopy,5,11330
cvas,5,11331
merely,5,11332
falciform,5,11333
exits,5,11334
consolidated,5,11335
wired,5,11336
cautious,5,11337
radiologically,5,11338
canthi,5,11339
cortef,5,11340
ddavp,5,11341
mallampati,5,11342
uneven,5,11343
nearby,5,11344
delays,5,11345
molars,5,11346
gilbert,5,11347
coaxial,5,11348
pannus,5,11349
funds,5,11350
contractile,5,11351
hounsfield,5,11352
computed,5,11353
cushion,5,11354
burred,5,11355
recontoured,5,11356
hespan,5,11357
rectangular,5,11358
terminates,5,11359
coupled,5,11360
tricyclic,5,11361
myelodysplastic,5,11362
photographic,5,11363
randomly,5,11364
mismatch,5,11365
anomaly,5,11366
recumbent,5,11367
underwater,5,11368
mercury,5,11369
fragile,5,11370
favor,5,11371
prox,5,11372
jell,5,11373
protectors,5,11374
minimized,5,11375
pinch,5,11376
smoothen,5,11377
strictly,5,11378
stock,5,11379
redundancy,5,11380
bronchopneumonia,5,11381
woken,5,11382
sterilized,5,11383
deepest,5,11384
hiccups,5,11385
steroidal,5,11386
supratarsal,5,11387
razor,5,11388
revaluation,5,11389
reconstitution,5,11390
encapsulated,5,11391
aortobifemoral,5,11392
achiness,5,11393
shuffling,5,11394
pose,5,11395
osteophytosis,5,11396
traverse,5,11397
impressed,5,11398
visuospatial,5,11399
struggle,5,11400
story,5,11401
mentioning,5,11402
reeducation,5,11403
spirits,5,11404
hematologist,5,11405
shake,5,11406
mate,5,11407
avalide,5,11408
reminds,5,11409
atacand,5,11410
expresses,5,11411
cruces,5,11412
convince,5,11413
hyperinflation,5,11414
unaccompanied,5,11415
enjoying,5,11416
victoria,5,11417
maxzide,5,11418
plexuses,5,11419
replete,5,11420
abgs,5,11421
compensated,5,11422
acts,5,11423
automated,5,11424
similarity,5,11425
lifts,5,11426
impede,5,11427
opportunistic,5,11428
squeeze,5,11429
postpone,5,11430
books,5,11431
advancing,5,11432
kneel,5,11433
perla,5,11434
kinds,5,11435
hyzaar,5,11436
carb,5,11437
seroma,5,11438
wonder,5,11439
scared,5,11440
contributes,5,11441
discouraged,5,11442
sponsor,5,11443
educator,5,11444
glucometer,5,11445
comply,5,11446
slender,5,11447
crescents,5,11448
booklet,5,11449
topic,5,11450
bumped,5,11451
strengths,5,11452
scare,5,11453
doll,5,11454
dynamics,5,11455
totaled,5,11456
seeks,5,11457
wednesdays,5,11458
byetta,5,11459
autoimmune,5,11460
susceptible,5,11461
incidence,5,11462
dreams,5,11463
airflow,5,11464
lists,5,11465
arousals,5,11466
feature,5,11467
gender,5,11468
pericarditis,5,11469
orthotropia,5,11470
versions,5,11471
darker,5,11472
cardiomediastinal,5,11473
fail,5,11474
showers,5,11475
histories,5,11476
farmer,5,11477
bruitts,5,11478
pericardiocentesis,5,11479
pmns,5,11480
yielded,5,11481
plegic,5,11482
myelitis,5,11483
weighting,5,11484
bcnu,5,11485
hyperdense,5,11486
coincidentally,5,11487
listing,5,11488
colds,5,11489
somatosensory,5,11490
rhythmic,5,11491
neurosurgeon,5,11492
dexterity,5,11493
isointense,5,11494
kitchen,5,11495
bottles,5,11496
warnings,5,11497
reticular,5,11498
fingernails,5,11499
macrophages,5,11500
intellect,5,11501
remembered,5,11502
watershed,5,11503
aberrant,5,11504
hyporeflexia,5,11505
clipping,5,11506
subtraction,5,11507
platinum,5,11508
fundoscopic,5,11509
phlebolith,5,11510
temporomandibular,5,11511
effaces,5,11512
perivertebral,5,11513
forgetful,5,11514
homogenous,5,11515
population,5,11516
discloses,5,11517
reperfusion,5,11518
decades,5,11519
expectation,5,11520
resigned,5,11521
unwarranted,5,11522
hemisensory,5,11523
boxes,5,11524
worries,5,11525
tended,5,11526
mmpi,5,11527
rules,5,11528
coordinator,5,11529
precipitated,5,11530
endorsed,5,11531
weird,5,11532
oppositional,5,11533
martin,5,11534
distractibility,5,11535
washington,5,11536
similarities,5,11537
supports,5,11538
molested,5,11539
guilty,5,11540
gynecologist,5,11541
tangentiality,5,11542
dysphoric,5,11543
demands,5,11544
validity,5,11545
feces,5,11546
milieu,5,11547
phobias,5,11548
battle,5,11549
guilt,5,11550
specify,5,11551
suicidality,5,11552
barbiturates,5,11553
proverbs,5,11554
ssris,5,11555
ambivalence,5,11556
expressions,5,11557
responsibility,5,11558
bachelor,5,11559
sadness,5,11560
recalls,5,11561
laxative,5,11562
deprived,5,11563
coast,5,11564
swims,5,11565
jerked,5,11566
sequencing,5,11567
environments,5,11568
excitement,5,11569
completeness,5,11570
interviewed,5,11571
lessened,5,11572
senokot,5,11573
arching,5,11574
stepdaughter,5,11575
drives,5,11576
ambivalent,5,11577
display,5,11578
poisoned,5,11579
letting,5,11580
dystrophic,5,11581
trainer,5,11582
dorsiflexors,5,11583
john,5,11584
exclusively,5,11585
swim,5,11586
majora,5,11587
tuning,5,11588
pyorrhea,5,11589
dimple,5,11590
dips,5,11591
convulsive,5,11592
fussiness,5,11593
crawled,5,11594
infancy,5,11595
billable,5,11596
gingiva,5,11597
lymphocytosis,5,11598
sats,5,11599
squatting,5,11600
opioids,5,11601
conditioning,5,11602
wheeler,5,11603
purchased,5,11604
comp,5,11605
periscapular,5,11606
inciting,5,11607
traffic,5,11608
wobbly,5,11609
ventolin,5,11610
ratios,5,11611
keratoses,5,11612
undilated,5,11613
fight,5,11614
provoked,5,11615
soda,5,11616
performs,5,11617
greenish,5,11618
tampon,5,11619
presyncopal,5,11620
lightweight,5,11621
license,5,11622
uroxatral,5,11623
cabinet,5,11624
veteran,5,11625
shins,5,11626
cardboard,5,11627
thalidomide,5,11628
creatine,5,11629
afib,5,11630
prerenal,5,11631
conversant,5,11632
diminishment,5,11633
authorizing,5,11634
skiing,5,11635
anthracosis,5,11636
requisition,5,11637
barr,5,11638
diphenhydramine,5,11639
thromboplastin,5,11640
leukemoid,5,11641
streptococcal,5,11642
routines,5,11643
infusions,5,11644
ashd,5,11645
precancerous,5,11646
serevent,5,11647
recuperate,5,11648
lutein,5,11649
senilis,5,11650
diskus,5,11651
rugae,5,11652
healthsouth,5,11653
healthcare,5,11654
diuresed,5,11655
vulgaris,5,11656
organizing,5,11657
victim,5,11658
pearlescent,5,11659
seats,4,11660
miscellaneous,4,11661
greenwich,4,11662
eggs,4,11663
laughter,4,11664
stove,4,11665
stumbling,4,11666
perseverative,4,11667
restasis,4,11668
luxate,4,11669
quiz,4,11670
national,4,11671
perichondrium,4,11672
definable,4,11673
ventilate,4,11674
fertile,4,11675
cryopreservation,4,11676
ovulation,4,11677
consecutive,4,11678
rapamune,4,11679
finasteride,4,11680
falsely,4,11681
voids,4,11682
urodynamics,4,11683
detrusor,4,11684
brochure,4,11685
intratesticular,4,11686
stepwise,4,11687
pinkish,4,11688
postradiation,4,11689
carved,4,11690
treves,4,11691
ileo,4,11692
rowland,4,11693
sgia,4,11694
ileocolonic,4,11695
cecostomy,4,11696
sims,4,11697
watched,4,11698
cleocin,4,11699
circumcisions,4,11700
perivesical,4,11701
lymphostasis,4,11702
rectourethralis,4,11703
paravesical,4,11704
everting,4,11705
softeners,4,11706
teaches,4,11707
subtract,4,11708
flimsy,4,11709
cloquet,4,11710
erections,4,11711
dysfunctional,4,11712
timolol,4,11713
convenience,4,11714
sextant,4,11715
bullet,4,11716
plantation,4,11717
corporotomy,4,11718
explanted,4,11719
explantation,4,11720
buckling,4,11721
rope,4,11722
sidewalls,4,11723
surviving,4,11724
debility,4,11725
vite,4,11726
labetolol,4,11727
pierced,4,11728
sitz,4,11729
adhering,4,11730
craig,4,11731
pexed,4,11732
anticholinergic,4,11733
gubernacular,4,11734
prentiss,4,11735
poupart,4,11736
microhematuria,4,11737
nonobstructing,4,11738
verbalize,4,11739
slide,4,11740
pericapsular,4,11741
grenade,4,11742
relax,4,11743
viability,4,11744
reanastomosed,4,11745
perfix,4,11746
marlex,4,11747
strangulate,4,11748
catching,4,11749
peon,4,11750
recreate,4,11751
sizable,4,11752
disfigurement,4,11753
artifical,4,11754
inter,4,11755
urethroplasty,4,11756
neomeatus,4,11757
byers,4,11758
upside,4,11759
rewarding,4,11760
impediment,4,11761
dynamite,4,11762
pipeline,4,11763
recurring,4,11764
efficacious,4,11765
electrofulguration,4,11766
bugbee,4,11767
fulgurate,4,11768
trilobar,4,11769
trimming,4,11770
levitra,4,11771
calyces,4,11772
softening,4,11773
cystoscopies,4,11774
stromal,4,11775
vesicoureteral,4,11776
cystolithotripsy,4,11777
transurethrally,4,11778
carcinoid,4,11779
precaval,4,11780
cystoprostatectomy,4,11781
exogenous,4,11782
bivalved,4,11783
urethrotomy,4,11784
storz,4,11785
gynecomastia,4,11786
impotency,4,11787
rows,4,11788
refreezing,4,11789
restraint,4,11790
mogen,4,11791
cavernosaphenous,4,11792
cavernosum,4,11793
branching,4,11794
gamco,4,11795
distributed,4,11796
councill,4,11797
carcinomas,4,11798
beforehand,4,11799
principally,4,11800
enlisted,4,11801
typed,4,11802
unreasonable,4,11803
emptied,4,11804
rigidus,4,11805
ream,4,11806
acth,4,11807
poking,4,11808
hydro,4,11809
indicators,4,11810
iopidine,4,11811
limitus,4,11812
provisionally,4,11813
xenograft,4,11814
bridged,4,11815
insidious,4,11816
pectodeltoid,4,11817
arcades,4,11818
ophthalmoscope,4,11819
skirt,4,11820
akinesia,4,11821
bregma,4,11822
manipulations,4,11823
rumi,4,11824
portio,4,11825
rotary,4,11826
uvulopalatopharyngoplasty,4,11827
semicircular,4,11828
relocating,4,11829
hypotony,4,11830
burped,4,11831
ossicular,4,11832
myringosclerosis,4,11833
porp,4,11834
capitulum,4,11835
atrophied,4,11836
refulgurated,4,11837
supraperiosteal,4,11838
hyperpyrexia,4,11839
guardian,4,11840
tingeing,4,11841
functioned,4,11842
lieberman,4,11843
trapezoidal,4,11844
descemet,4,11845
preoxygenated,4,11846
kitners,4,11847
bisected,4,11848
bought,4,11849
atop,4,11850
medialize,4,11851
recessed,4,11852
homatropine,4,11853
centering,4,11854
trochlea,4,11855
evert,4,11856
femorotibial,4,11857
sublux,4,11858
mcgill,4,11859
cementation,4,11860
notched,4,11861
infrapatellar,4,11862
plains,4,11863
orient,4,11864
cobra,4,11865
trialing,4,11866
collapsing,4,11867
pegs,4,11868
brawny,4,11869
chrome,4,11870
collared,4,11871
leftover,4,11872
broaches,4,11873
recreating,4,11874
uncemented,4,11875
massively,4,11876
pubocervical,4,11877
grabbing,4,11878
hollow,4,11879
commissural,4,11880
amputate,4,11881
cauterizing,4,11882
elongation,4,11883
cherry,4,11884
diverted,4,11885
aortotomy,4,11886
tlif,4,11887
preliminarily,4,11888
employing,4,11889
reconstituted,4,11890
multinodular,4,11891
arborized,4,11892
coursing,4,11893
keloid,4,11894
lace,4,11895
customary,4,11896
thoracoscopic,4,11897
carrell,4,11898
thanks,4,11899
reuse,4,11900
prestige,4,11901
signifying,4,11902
midscapular,4,11903
tessio,4,11904
intrapleural,4,11905
fort,4,11906
cerebromaxillary,4,11907
buttress,4,11908
greeted,4,11909
maxillomandible,4,11910
curettaged,4,11911
undercuts,4,11912
hematosis,4,11913
poked,4,11914
conization,4,11915
procidentia,4,11916
ochsners,4,11917
masterson,4,11918
lactate,4,11919
metzenbaums,4,11920
encompass,4,11921
coiled,4,11922
cephalically,4,11923
endoclip,4,11924
peritonized,4,11925
quant,4,11926
gritty,4,11927
bonnani,4,11928
gastrocutaneous,4,11929
lembert,4,11930
oromaxillary,4,11931
patholigamentous,4,11932
methergine,4,11933
perivalvular,4,11934
degloving,4,11935
debridements,4,11936
colotomy,4,11937
election,4,11938
inkwell,4,11939
predilatation,4,11940
predilated,4,11941
nonrebreather,4,11942
trait,4,11943
nubain,4,11944
stapedectomy,4,11945
inadvertent,4,11946
superstructure,4,11947
iliitis,4,11948
thoraco,4,11949
fibromyositis,4,11950
manipulative,4,11951
contacting,4,11952
pronated,4,11953
legacy,4,11954
feeler,4,11955
otoscope,4,11956
nasoorbital,4,11957
blowout,4,11958
intranasally,4,11959
recontour,4,11960
conclusive,4,11961
oxacillin,4,11962
diamox,4,11963
ventriculoatrial,4,11964
accumulating,4,11965
subtemporal,4,11966
hakim,4,11967
sigmoidoscope,4,11968
rubin,4,11969
helix,4,11970
backbiting,4,11971
ethmoidal,4,11972
tributary,4,11973
reese,4,11974
chopping,4,11975
armed,4,11976
cyclodialysis,4,11977
unbearable,4,11978
irreparable,4,11979
abraded,4,11980
electrocauterization,4,11981
mechanisms,4,11982
precise,4,11983
charged,4,11984
unsuccessfully,4,11985
histologically,4,11986
alfentanil,4,11987
undesired,4,11988
anteflexed,4,11989
typing,4,11990
pinked,4,11991
overlay,4,11992
fifteen,4,11993
eyeball,4,11994
torr,4,11995
superolaterally,4,11996
thoracodorsal,4,11997
sartorius,4,11998
valvotomy,4,11999
arborization,4,12000
vacterl,4,12001
extracardiac,4,12002
candidacy,4,12003
waste,4,12004
amplatzer,4,12005
rudimentary,4,12006
communications,4,12007
arteriographic,4,12008
nidus,4,12009
holed,4,12010
preflushed,4,12011
rotations,4,12012
reimplantation,4,12013
reimplanted,4,12014
chemoradiation,4,12015
orthotics,4,12016
unclamped,4,12017
availability,4,12018
schantz,4,12019
absorptive,4,12020
nevanac,4,12021
disinfected,4,12022
glare,4,12023
periocular,4,12024
cyclogyl,4,12025
kelman,4,12026
mustache,4,12027
polish,4,12028
inferonasal,4,12029
hydrodissect,4,12030
quartering,4,12031
miochol,4,12032
watertightness,4,12033
eyesight,4,12034
spectacles,4,12035
koch,4,12036
aided,4,12037
fornices,4,12038
inclusion,4,12039
zymar,4,12040
corneoscleral,4,12041
headed,4,12042
buffered,4,12043
thornton,4,12044
transilluminated,4,12045
poke,4,12046
watzke,4,12047
peritomies,4,12048
microvitreoretinal,4,12049
adducted,4,12050
ruptures,4,12051
impendence,4,12052
enrollment,4,12053
altrua,4,12054
accessing,4,12055
transcutaneous,4,12056
sidearm,4,12057
mcglamry,4,12058
micronail,4,12059
osteosynthesis,4,12060
acumed,4,12061
hinged,4,12062
primus,4,12063
shifting,4,12064
rasped,4,12065
simples,4,12066
geta,4,12067
tongues,4,12068
translaminar,4,12069
machinist,4,12070
tools,4,12071
perceivable,4,12072
interpersonal,4,12073
malocclusion,4,12074
interdental,4,12075
elastics,4,12076
jump,4,12077
mobilizer,4,12078
tenuous,4,12079
trifurcation,4,12080
frykman,4,12081
calendar,4,12082
fluffy,4,12083
liss,4,12084
slid,4,12085
leukemic,4,12086
recuperative,4,12087
cholecystostomy,4,12088
gastrohepatic,4,12089
phrenoesophageal,4,12090
antireflux,4,12091
grab,4,12092
calibrate,4,12093
silo,4,12094
neuroplasty,4,12095
visiport,4,12096
bulldogs,4,12097
coagulator,4,12098
tensioning,4,12099
oncocytoma,4,12100
atlas,4,12101
fibrocystic,4,12102
twelfth,4,12103
intimate,4,12104
outfracture,4,12105
encrustation,4,12106
punctal,4,12107
crosswise,4,12108
supramaxillary,4,12109
jansen,4,12110
middleton,4,12111
gouge,4,12112
shepard,4,12113
nonsedated,4,12114
sprinter,4,12115
electrodessication,4,12116
reanesthetized,4,12117
laden,4,12118
cryostat,4,12119
annuloplasty,4,12120
cosgrove,4,12121
galloway,4,12122
diastole,4,12123
infusing,4,12124
aire,4,12125
goldenberg,4,12126
alexander,4,12127
bovied,4,12128
desuspended,4,12129
histopathologic,4,12130
grooving,4,12131
endotracheally,4,12132
spotty,4,12133
ptotic,4,12134
prepectoral,4,12135
melasma,4,12136
silicon,4,12137
frosting,4,12138
hypomastia,4,12139
transaxillary,4,12140
conservation,4,12141
clavipectoral,4,12142
coombs,4,12143
replacing,4,12144
struts,4,12145
breached,4,12146
pediatricians,4,12147
postdates,4,12148
imbricate,4,12149
bloods,4,12150
cephalopelvic,4,12151
disproportion,4,12152
asynclitism,4,12153
prodromal,4,12154
ivda,4,12155
waters,4,12156
equaled,4,12157
iugr,4,12158
favoring,4,12159
cried,4,12160
avitene,4,12161
offers,4,12162
reexpand,4,12163
pennington,4,12164
gracilis,4,12165
fixating,4,12166
trapezial,4,12167
monoka,4,12168
louie,4,12169
sedate,4,12170
butt,4,12171
electrocoagulated,4,12172
kocherized,4,12173
choledochoscope,4,12174
subdiaphragmatic,4,12175
disturb,4,12176
progesterone,4,12177
bronze,4,12178
supracervical,4,12179
morcellator,4,12180
adhesed,4,12181
lyse,4,12182
paraaortic,4,12183
boundary,4,12184
cryo,4,12185
endoclips,4,12186
reusable,4,12187
adapter,4,12188
bisect,4,12189
reducer,4,12190
expelled,4,12191
antiembolic,4,12192
panoramic,4,12193
midepigastric,4,12194
radicals,4,12195
isolating,4,12196
infra,4,12197
attain,4,12198
reloaded,4,12199
glycol,4,12200
carlos,4,12201
recesses,4,12202
interfered,4,12203
unaffected,4,12204
spigot,4,12205
gaps,4,12206
constrained,4,12207
retic,4,12208
recut,4,12209
chamfers,4,12210
dupre,4,12211
tamp,4,12212
remodeled,4,12213
juxtarenal,4,12214
notching,4,12215
keratoplasty,4,12216
aphakia,4,12217
trephine,4,12218
synechiae,4,12219
subtrochanteric,4,12220
cortices,4,12221
awful,4,12222
masticatory,4,12223
models,4,12224
ilium,4,12225
palatine,4,12226
perm,4,12227
scrubbing,4,12228
loosen,4,12229
hysteroscopic,4,12230
hagar,4,12231
peristalsis,4,12232
bullosa,4,12233
complicating,4,12234
matters,4,12235
cystotomy,4,12236
sticks,4,12237
thighthis,4,12238
skinning,4,12239
woods,4,12240
bicep,4,12241
systemically,4,12242
branchial,4,12243
domes,4,12244
administrated,4,12245
moore,4,12246
cork,4,12247
systole,4,12248
subdeltoid,4,12249
correlating,4,12250
intracoronary,4,12251
preinjection,4,12252
postinjection,4,12253
asian,4,12254
akinetic,4,12255
abutting,4,12256
countershock,4,12257
mynx,4,12258
subtotaled,4,12259
primacor,4,12260
prebent,4,12261
racket,4,12262
fluffed,4,12263
bitewing,4,12264
enamel,4,12265
synopsis,4,12266
crowns,4,12267
pulpotomy,4,12268
bezoar,4,12269
efferent,4,12270
frontotemporoparietal,4,12271
recombinant,4,12272
bronchiectasis,4,12273
dislodge,4,12274
frothy,4,12275
diep,4,12276
enclosure,4,12277
fowler,4,12278
transorally,4,12279
brushing,4,12280
assurance,4,12281
doyen,4,12282
cystogram,4,12283
bacteriology,4,12284
nonreducible,4,12285
underminings,4,12286
neoplasms,4,12287
polyposis,4,12288
supreme,4,12289
pseudo,4,12290
incisura,4,12291
disinterested,4,12292
bore,4,12293
transilluminating,4,12294
billroth,4,12295
cocci,4,12296
octreotide,4,12297
ampule,4,12298
kinevac,4,12299
fernandez,4,12300
hurricane,4,12301
negotiated,4,12302
escharotomy,4,12303
acticoat,4,12304
termed,4,12305
regardless,4,12306
responsiveness,4,12307
albeit,4,12308
varix,4,12309
dynasplint,4,12310
unrevealing,4,12311
russell,4,12312
challenged,4,12313
jerky,4,12314
achalasia,4,12315
centrifugal,4,12316
marsupialized,4,12317
stylettes,4,12318
medronic,4,12319
penetrated,4,12320
pollices,4,12321
glossal,4,12322
fractional,4,12323
kevorkian,4,12324
unlike,4,12325
curettages,4,12326
atony,4,12327
cytotec,4,12328
fitz,4,12329
hugh,4,12330
curtis,4,12331
sanguineous,4,12332
unmanageable,4,12333
dentistry,4,12334
scanty,4,12335
ohio,4,12336
undisplaced,4,12337
wrinkled,4,12338
infarcted,4,12339
angioplasties,4,12340
postdelivery,4,12341
deciding,4,12342
endometritis,4,12343
grieving,4,12344
interlaminar,4,12345
effected,4,12346
blanking,4,12347
decidual,4,12348
abortions,4,12349
subsheath,4,12350
tampons,4,12351
carbondioxide,4,12352
transillumination,4,12353
stave,4,12354
straddling,4,12355
craniotomies,4,12356
burring,4,12357
greenstick,4,12358
isaac,4,12359
bossing,4,12360
syndromic,4,12361
jagged,4,12362
bivalarudin,4,12363
haziness,4,12364
condylectomy,4,12365
smoothened,4,12366
uninhibited,4,12367
angioseal,4,12368
disengaged,4,12369
deployment,4,12370
hemorrhoidectomy,4,12371
probiotic,4,12372
anxiolytic,4,12373
pessary,4,12374
asplenia,4,12375
dextrocardia,4,12376
malposed,4,12377
empirical,4,12378
telangiectasia,4,12379
proctosigmoiditis,4,12380
abstain,4,12381
suppressive,4,12382
azathioprine,4,12383
maneuvering,4,12384
glucagon,4,12385
dimpled,4,12386
signature,4,12387
prolapsing,4,12388
tyshak,4,12389
desaturated,4,12390
juxtaductal,4,12391
undoubtedly,4,12392
dominantly,4,12393
alveolopalatal,4,12394
robert,4,12395
gauged,4,12396
tong,4,12397
plasties,4,12398
postdilated,4,12399
plano,4,12400
kindred,4,12401
parapneumonic,4,12402
installation,4,12403
palacos,4,12404
slope,4,12405
ultima,4,12406
centralizer,4,12407
smartset,4,12408
minimus,4,12409
corkscrew,4,12410
trunnion,4,12411
lumens,4,12412
thoracis,4,12413
interiorly,4,12414
bimanually,4,12415
dexacidin,4,12416
osteochondritis,4,12417
dissecans,4,12418
pacific,4,12419
washboard,4,12420
striations,4,12421
deactivated,4,12422
meanwhile,4,12423
argyle,4,12424
ansa,4,12425
cervicalis,4,12426
flapping,4,12427
moments,4,12428
torturous,4,12429
heifitz,4,12430
periodontal,4,12431
steadily,4,12432
centric,4,12433
repletion,4,12434
granddaughter,4,12435
cavagram,4,12436
akinesis,4,12437
achievement,4,12438
operates,4,12439
kink,4,12440
imperative,4,12441
backwash,4,12442
inferoposterior,4,12443
williams,4,12444
transducer,4,12445
abciximab,4,12446
assymetry,4,12447
insult,4,12448
hemofiltration,4,12449
cardiectomy,4,12450
conduits,4,12451
precedex,4,12452
interfaced,4,12453
surgilon,4,12454
crossclamped,4,12455
bunionette,4,12456
retrograded,4,12457
toddler,4,12458
widest,4,12459
ambu,4,12460
bronchioles,4,12461
nocardia,4,12462
aspergillus,4,12463
mycoplasma,4,12464
legionella,4,12465
lukens,4,12466
obstruct,4,12467
propensity,4,12468
teasing,4,12469
hemifield,4,12470
fellow,4,12471
parked,4,12472
devastating,4,12473
intraorbital,4,12474
plated,4,12475
radenoid,4,12476
hung,4,12477
cheesy,4,12478
swellings,4,12479
ciliary,4,12480
crater,4,12481
sandbag,4,12482
supinated,4,12483
piercing,4,12484
bicap,4,12485
antiemetics,4,12486
orthosorb,4,12487
blankets,4,12488
discontinuous,4,12489
unifocalization,4,12490
homograft,4,12491
arterioplasty,4,12492
diego,4,12493
treaded,4,12494
prepatellar,4,12495
crystal,4,12496
hagl,4,12497
sublabral,4,12498
cron,4,12499
leader,4,12500
dislocating,4,12501
myotonic,4,12502
tourniquets,4,12503
tarsi,4,12504
vented,4,12505
timed,4,12506
roadmapping,4,12507
footed,4,12508
scapulae,4,12509
arthrectomy,4,12510
hypokinetic,4,12511
xtra,4,12512
precluded,4,12513
clearpath,4,12514
afos,4,12515
ankyloglossia,4,12516
land,4,12517
tenodesis,4,12518
chylothorax,4,12519
lymphangiectasia,4,12520
chylothoraces,4,12521
fountain,4,12522
explains,4,12523
ascitic,4,12524
resemble,4,12525
paraphasias,4,12526
authorized,4,12527
quotient,4,12528
mazes,4,12529
noise,4,12530
deductive,4,12531
newspaper,4,12532
promote,4,12533
ramp,4,12534
brat,4,12535
toast,4,12536
phentermine,4,12537
videostroboscopy,4,12538
alter,4,12539
voluntarily,4,12540
diffusing,4,12541
reschedule,4,12542
enroll,4,12543
workplace,4,12544
wonderful,4,12545
shellfish,4,12546
substitute,4,12547
undetectable,4,12548
muller,4,12549
anybody,4,12550
gila,4,12551
psyche,4,12552
fetoprotein,4,12553
preclude,4,12554
immunological,4,12555
skelaxin,4,12556
parathyroidectomy,4,12557
myelofibrosis,4,12558
hydroxyurea,4,12559
lenalidomide,4,12560
disappeared,4,12561
rituximab,4,12562
vincristine,4,12563
chlorthalidone,4,12564
smells,4,12565
cellular,4,12566
gastro,4,12567
avandamet,4,12568
acetyl,4,12569
cysteine,4,12570
urging,4,12571
trends,4,12572
cefuroxime,4,12573
schwannoma,4,12574
etoposide,4,12575
unavailable,4,12576
glucovance,4,12577
cephalgia,4,12578
socioeconomic,4,12579
profession,4,12580
trizivir,4,12581
immunodeficiency,4,12582
breakout,4,12583
nizoral,4,12584
froze,4,12585
sweaty,4,12586
nitrogen,4,12587
wonders,4,12588
atripla,4,12589
cyclobenzaprine,4,12590
mattering,4,12591
niddm,4,12592
hyperuricemia,4,12593
ocuvite,4,12594
relievers,4,12595
puts,4,12596
gatorade,4,12597
papules,4,12598
scab,4,12599
calmed,4,12600
lipometabolism,4,12601
snore,4,12602
cheks,4,12603
nonfasting,4,12604
conflicting,4,12605
gill,4,12606
circles,4,12607
pace,4,12608
encouragement,4,12609
handles,4,12610
meant,4,12611
vietnamese,4,12612
moisturizing,4,12613
glycemic,4,12614
asacol,4,12615
rocaltrol,4,12616
nonsteroidals,4,12617
rheumatologists,4,12618
salicylate,4,12619
sacroiliitis,4,12620
commitment,4,12621
elicits,4,12622
ctap,4,12623
creams,4,12624
shrugs,4,12625
tremoring,4,12626
birthday,4,12627
sectoral,4,12628
scotland,4,12629
subretinal,4,12630
conveyed,4,12631
zometa,4,12632
ixempra,4,12633
skipped,4,12634
psychologists,4,12635
obsessive,4,12636
compulsive,4,12637
arimidex,4,12638
smiles,4,12639
hypernatremia,4,12640
trend,4,12641
critically,4,12642
tire,4,12643
tazorac,4,12644
sunburn,4,12645
septra,4,12646
synchronous,4,12647
hemolytic,4,12648
spindles,4,12649
technology,4,12650
prevalent,4,12651
naps,4,12652
rhythms,4,12653
polymorphic,4,12654
clavulanate,4,12655
adrenocot,4,12656
cupping,4,12657
complainer,4,12658
canker,4,12659
easton,4,12660
mules,4,12661
deer,4,12662
dmard,4,12663
brighter,4,12664
scales,4,12665
excoriations,4,12666
acanthosis,4,12667
nigricans,4,12668
shapes,4,12669
jets,4,12670
nonmobile,4,12671
intraatrial,4,12672
shadowing,4,12673
echodensity,4,12674
dazed,4,12675
groggy,4,12676
ultrasonographic,4,12677
elaborated,4,12678
scintigraphic,4,12679
satellite,4,12680
inferoseptal,4,12681
lunatotriquetral,4,12682
downsloping,4,12683
surfacing,4,12684
multiplanar,4,12685
analgesic,4,12686
blink,4,12687
milder,4,12688
posterocentral,4,12689
flair,4,12690
sequences,4,12691
bruise,4,12692
ulnotrochlear,4,12693
illustrated,4,12694
osmolality,4,12695
syrinx,4,12696
staggering,4,12697
handwriting,4,12698
bradykinesia,4,12699
dyssynergia,4,12700
dysdiadochokinesia,4,12701
retropulsion,4,12702
parkinsonism,4,12703
anteroflexed,4,12704
autonomic,4,12705
fundoscopy,4,12706
willis,4,12707
basil,4,12708
averaging,4,12709
salad,4,12710
replied,4,12711
faucet,4,12712
wernicke,4,12713
thoughout,4,12714
fesat,4,12715
ticlid,4,12716
neuronal,4,12717
vasculopathic,4,12718
trigonal,4,12719
distressed,4,12720
postures,4,12721
ideomotor,4,12722
hypophonic,4,12723
holocranial,4,12724
planus,4,12725
schools,4,12726
uncal,4,12727
pellucidum,4,12728
anosmic,4,12729
planum,4,12730
encasement,4,12731
enhances,4,12732
printing,4,12733
dysynergia,4,12734
apraxic,4,12735
septated,4,12736
cedars,4,12737
reversibility,4,12738
extrastimuli,4,12739
violent,4,12740
voltaren,4,12741
secondlook,4,12742
radiobiologic,4,12743
irradiated,4,12744
individualized,4,12745
pallidi,4,12746
radiobiological,4,12747
choroid,4,12748
monochorionic,4,12749
antenatal,4,12750
frequencies,4,12751
flickering,4,12752
abruptly,4,12753
pseudoseizure,4,12754
parasternal,4,12755
microcatheter,4,12756
hypoechoic,4,12757
shunted,4,12758
ictal,4,12759
inappropriately,4,12760
transients,4,12761
semisolids,4,12762
clinton,4,12763
corpuscular,4,12764
coefficient,4,12765
midlevel,4,12766
retropharyngeal,4,12767
glossoepiglottic,4,12768
obliterates,4,12769
homogenously,4,12770
transit,4,12771
thromboses,4,12772
resolves,4,12773
casted,4,12774
waxed,4,12775
pursuits,4,12776
unreliable,4,12777
airspace,4,12778
osler,4,12779
jacksonian,4,12780
detector,4,12781
subendocardial,4,12782
siemens,4,12783
vitrea,4,12784
gantry,4,12785
evaluates,4,12786
dosimetry,4,12787
simulated,4,12788
remodeling,4,12789
paraclinoid,4,12790
torsional,4,12791
salesman,4,12792
striated,4,12793
vasospasm,4,12794
laca,4,12795
consolidations,4,12796
otolaryngologic,4,12797
curative,4,12798
timely,4,12799
justifies,4,12800
fascicular,4,12801
neuroradiology,4,12802
qualitative,4,12803
ovoid,4,12804
isoechoic,4,12805
predict,4,12806
clerical,4,12807
priest,4,12808
shade,4,12809
acetazolamide,4,12810
turkey,4,12811
stuporous,4,12812
hypointense,4,12813
diminishing,4,12814
uninvolved,4,12815
believing,4,12816
stemming,4,12817
dishes,4,12818
drastic,4,12819
helplessness,4,12820
doherty,4,12821
persons,4,12822
incurred,4,12823
casually,4,12824
antisocial,4,12825
arrive,4,12826
recuperation,4,12827
sacrificing,4,12828
grammar,4,12829
vocabulary,4,12830
situational,4,12831
medicaid,4,12832
dancing,4,12833
anchorage,4,12834
prosecution,4,12835
prolactinemia,4,12836
phoned,4,12837
disorganization,4,12838
preoccupied,4,12839
lcsw,4,12840
discipline,4,12841
abstract,4,12842
geodon,4,12843
memorize,4,12844
recognizes,4,12845
retain,4,12846
memories,4,12847
euphoria,4,12848
hopeless,4,12849
circumstantiality,4,12850
snorting,4,12851
esomeprazole,4,12852
alcoholics,4,12853
cannabis,4,12854
hallucination,4,12855
professionals,4,12856
shelter,4,12857
involuntarily,4,12858
singing,4,12859
glimepiride,4,12860
disinhibited,4,12861
silverberg,4,12862
isolates,4,12863
benefiting,4,12864
money,4,12865
redirection,4,12866
tardive,4,12867
caretaker,4,12868
ptsd,4,12869
catatonia,4,12870
rewiring,4,12871
cardiogenic,4,12872
bisacodyl,4,12873
simethicone,4,12874
tremulous,4,12875
circumstantial,4,12876
hypersomnia,4,12877
enterobacter,4,12878
stevens,4,12879
hospitals,4,12880
argument,4,12881
identifies,4,12882
administrator,4,12883
sexuality,4,12884
upstate,4,12885
predominately,4,12886
lacerating,4,12887
janet,4,12888
sandals,4,12889
endorse,4,12890
dependance,4,12891
micu,4,12892
lotrel,4,12893
tremulousness,4,12894
hazards,4,12895
dangerousness,4,12896
incidences,4,12897
ciwa,4,12898
correspondence,4,12899
intend,4,12900
chef,4,12901
dwelling,4,12902
pseudoseizures,4,12903
yells,4,12904
toileting,4,12905
niece,4,12906
arguing,4,12907
evidently,4,12908
daniel,4,12909
confronted,4,12910
conversations,4,12911
gene,4,12912
houses,4,12913
psychopathology,4,12914
weightlifting,4,12915
girls,4,12916
game,4,12917
capability,4,12918
oven,4,12919
friendly,4,12920
abusing,4,12921
arriving,4,12922
wrecked,4,12923
uncooperative,4,12924
message,4,12925
soiled,4,12926
underwear,4,12927
rewards,4,12928
homework,4,12929
build,4,12930
noncomplicated,4,12931
stresses,4,12932
academy,4,12933
mycotic,4,12934
subungual,4,12935
polo,4,12936
athletic,4,12937
damp,4,12938
bathing,4,12939
domain,4,12940
berg,4,12941
repetitions,4,12942
subsides,4,12943
railing,4,12944
tailbone,4,12945
footing,4,12946
fingertip,4,12947
grocery,4,12948
laborer,4,12949
broker,4,12950
translucent,4,12951
adults,4,12952
teething,4,12953
endocrinopathy,4,12954
tijuana,4,12955
hoover,4,12956
fresno,4,12957
apprehensive,4,12958
thyroxine,4,12959
eradicate,4,12960
mount,4,12961
adjunctive,4,12962
reimplanting,4,12963
mizel,4,12964
eastern,4,12965
statements,4,12966
dusky,4,12967
acyanotic,4,12968
clarinex,4,12969
clarinet,4,12970
cheerleading,4,12971
decibel,4,12972
sunscreen,4,12973
eruption,4,12974
birthweight,4,12975
milliliters,4,12976
ballard,4,12977
pits,4,12978
tags,4,12979
vernix,4,12980
flustered,4,12981
occipitofrontal,4,12982
lusty,4,12983
fontanelles,4,12984
clunk,4,12985
amplified,4,12986
peeing,4,12987
pooping,4,12988
redeveloped,4,12989
gregory,4,12990
rectally,4,12991
ranch,4,12992
urinates,4,12993
reddening,4,12994
femorals,4,12995
unconjugated,4,12996
paramedic,4,12997
cubes,4,12998
elidel,4,12999
syncytial,4,13000
externa,4,13001
neurapraxia,4,13002
psis,4,13003
waists,4,13004
intralaminar,4,13005
cervicogenic,4,13006
mumps,4,13007
admixed,4,13008
paraesthesias,4,13009
epoetin,4,13010
estate,4,13011
protime,4,13012
ultracet,4,13013
tibials,4,13014
goel,4,13015
acromegaly,4,13016
anserinus,4,13017
anserine,4,13018
evergreen,4,13019
intersection,4,13020
thomas,4,13021
discogenic,4,13022
unload,4,13023
maine,4,13024
relafen,4,13025
ceftin,4,13026
cephalosporins,4,13027
elaborate,4,13028
cola,4,13029
gardens,4,13030
purdy,4,13031
correctional,4,13032
jamar,4,13033
floaters,4,13034
momentary,4,13035
chopart,4,13036
subcondylar,4,13037
bears,4,13038
relieves,4,13039
cephalosporin,4,13040
mango,4,13041
pulm,4,13042
nonlethargic,4,13043
chevron,4,13044
uveitis,4,13045
hourly,4,13046
guttata,4,13047
uncorrected,4,13048
unaided,4,13049
plendil,4,13050
fovea,4,13051
israel,4,13052
seasonale,4,13053
optically,4,13054
stickler,4,13055
diabetics,4,13056
restricting,4,13057
jaws,4,13058
removable,4,13059
bursas,4,13060
nephrosclerosis,4,13061
homeless,4,13062
enclosing,4,13063
tummy,4,13064
locomotor,4,13065
vaginosis,4,13066
gynecologic,4,13067
stuffiness,4,13068
lactaid,4,13069
closest,4,13070
stride,4,13071
fosphenytoin,4,13072
weaker,4,13073
postictally,4,13074
eegs,4,13075
farm,4,13076
modesto,4,13077
serves,4,13078
persisting,4,13079
dimming,4,13080
wilmer,4,13081
midodrine,4,13082
proprioceptive,4,13083
characterize,4,13084
sluggishly,4,13085
sideways,4,13086
undergarment,4,13087
pentagons,4,13088
paratonia,4,13089
lovaza,4,13090
polio,4,13091
resisted,4,13092
copaxone,4,13093
agnosia,4,13094
dysnomia,4,13095
johns,4,13096
registration,4,13097
paramyotonia,4,13098
neuroforamining,4,13099
dysphasia,4,13100
regrowth,4,13101
tentorial,4,13102
meningiomas,4,13103
computers,4,13104
evolved,4,13105
suggestions,4,13106
varicella,4,13107
spinning,4,13108
steering,4,13109
catherization,4,13110
ckmb,4,13111
sertraline,4,13112
manifestations,4,13113
survived,4,13114
candida,4,13115
mononuclear,4,13116
atypia,4,13117
assumes,4,13118
primidone,4,13119
sidewalk,4,13120
exerted,4,13121
unassisted,4,13122
vertebrobasilar,4,13123
azmacort,4,13124
blush,4,13125
wrote,4,13126
carbatrol,4,13127
cruz,4,13128
optimizing,4,13129
immunomodulatory,4,13130
astelin,4,13131
trips,4,13132
terazosin,4,13133
presume,4,13134
antecedent,4,13135
euvolemic,4,13136
antimicrobials,4,13137
offshore,4,13138
nephrotic,4,13139
custodian,4,13140
phoslo,4,13141
fistulectomy,4,13142
derangements,4,13143
thymoglobulin,4,13144
malnourishment,4,13145
clogged,4,13146
aranesp,4,13147
arbitrary,4,13148
ergonomic,4,13149
puckered,4,13150
bronchioloalveolar,4,13151
inked,4,13152
subpleural,4,13153
mashed,4,13154
advises,4,13155
surprising,4,13156
froi,4,13157
reactivated,4,13158
torquing,4,13159
apportionment,4,13160
meaningful,4,13161
flopping,4,13162
librarian,4,13163
waxes,4,13164
wanes,4,13165
vocalization,4,13166
splashed,4,13167
spill,4,13168
preprinted,4,13169
sorbitol,4,13170
overwhelming,4,13171
curable,4,13172
mullerian,4,13173
adenosarcoma,4,13174
malt,4,13175
lymphoblasts,4,13176
aspires,4,13177
unfractionated,4,13178
sheryl,4,13179
asplund,4,13180
majoring,4,13181
breckenridge,4,13182
nondiscrete,4,13183
myelocyte,4,13184
blasts,4,13185
civi,4,13186
dtic,4,13187
pleurisy,4,13188
prometrium,4,13189
toxicities,4,13190
myelosuppression,4,13191
maalox,4,13192
otolaryngologist,4,13193
nonocclusive,4,13194
pericardectomy,4,13195
brca,4,13196
postal,4,13197
ludwig,4,13198
odontalgia,4,13199
clinics,4,13200
philippines,4,13201
gastroenterologists,4,13202
isotonic,4,13203
minivan,4,13204
feverish,4,13205
averages,4,13206
intoxification,4,13207
wedding,4,13208
devlin,4,13209
hyperventilate,4,13210
itchiness,4,13211
insulation,4,13212
blotchy,4,13213
papular,4,13214
fade,4,13215
residuals,4,13216
arizona,4,13217
hydrocarbon,4,13218
antiemetic,4,13219
driveway,4,13220
tachyarrhythmia,4,13221
newspapers,4,13222
erlanger,4,13223
rhomboid,4,13224
haiti,4,13225
carinii,4,13226
colonies,4,13227
amikacin,4,13228
regime,4,13229
quinine,4,13230
femoropopliteal,4,13231
anuria,4,13232
bronchodilators,4,13233
malabsorption,4,13234
leucovorin,4,13235
radium,4,13236
miacalcin,4,13237
ethambutol,4,13238
clarithromycin,4,13239
glomerulonephritis,4,13240
atorvastatin,4,13241
cooperate,4,13242
percussed,4,13243
yellowing,4,13244
hepatis,4,13245
interstitium,4,13246
mesangium,4,13247
filtration,4,13248
mazatlan,4,13249
resuscitate,4,13250
euthyroid,4,13251
borne,4,13252
pathogen,4,13253
darkening,4,13254
needlestick,4,13255
suprarenal,4,13256
blurriness,4,13257
potty,4,13258
ragweed,4,13259
reassurance,4,13260
isomil,4,13261
eisenbaum,4,13262
customer,4,13263
cutivate,4,13264
duraphen,4,13265
stacks,4,13266
impairing,4,13267
ambulator,4,13268
link,4,13269
ifosfamide,4,13270
mesna,4,13271
vomitting,4,13272
iphc,4,13273
pesce,4,13274
bronchospasm,4,13275
leptospirosis,4,13276
minerals,4,13277
prandin,4,13278
benazepril,4,13279
costophrenic,4,13280
siskin,4,13281
jittery,4,13282
leucocyte,4,13283
indian,4,13284
stenotrophomonas,4,13285
primaxin,4,13286
query,4,13287
versicolor,4,13288
enmt,4,13289
backaches,4,13290
apathy,4,13291
winkel,4,13292
vietnam,4,13293
defecation,4,13294
disclosure,4,13295
thou,4,13296
seroconversion,4,13297
presumptively,4,13298
hypoglycemics,4,13299
pelican,4,13300
polys,4,13301
microcytic,4,13302
pitched,4,13303
residue,4,13304
transglutaminase,4,13305
zolpidem,4,13306
dysmotility,4,13307
nonedematous,4,13308
cholestyramine,4,13309
otoscopy,4,13310
frenzel,4,13311
vestibulocular,4,13312
halmagyi,4,13313
betahistine,4,13314
confusing,4,13315
infants,4,13316
polychondritis,4,13317
psychologic,4,13318
excedrin,4,13319
shone,4,13320
dream,4,13321
preparations,4,13322
cosyntropin,4,13323
pulmonology,4,13324
duoneb,4,13325
metoclopramide,4,13326
theo,4,13327
innocent,4,13328
eosinophil,4,13329
asca,4,13330
ompc,4,13331
reminding,4,13332
antiphospholipid,4,13333
physique,4,13334
tartrate,4,13335
grandson,4,13336
ondansetron,4,13337
dysrhythmia,4,13338
nadir,4,13339
creon,4,13340
mineral,4,13341
plateauing,4,13342
physiologist,4,13343
multidisciplinary,4,13344
salvador,4,13345
resource,4,13346
neoprene,4,13347
harris,4,13348
halifax,4,13349
meloxicam,4,13350
sensipar,4,13351
epipen,4,13352
unembalmed,4,13353
decedent,4,13354
nonfatal,4,13355
meningitidis,4,13356
hemorrhaging,4,13357
duodenogastric,3,13358
surgidac,3,13359
passageway,3,13360
seamguard,3,13361
anastamosis,3,13362
putamen,3,13363
tfts,3,13364
diprivan,3,13365
bible,3,13366
discrepancies,3,13367
comparing,3,13368
integrated,3,13369
brachytherapist,3,13370
overdosage,3,13371
armband,3,13372
hanger,3,13373
flanking,3,13374
calyx,3,13375
dismembered,3,13376
anastomose,3,13377
impinge,3,13378
pexy,3,13379
undocked,3,13380
densities,3,13381
avenue,3,13382
intracuticular,3,13383
spatulation,3,13384
petroleum,3,13385
peritesticular,3,13386
fluctuate,3,13387
colpoperineoplasty,3,13388
pubovesicocervical,3,13389
wiping,3,13390
bulbocavernosus,3,13391
perinei,3,13392
cauliflower,3,13393
excessively,3,13394
pyelography,3,13395
urethroscopic,3,13396
ureterocalicostomy,3,13397
ureteropyelograms,3,13398
ureterorenoscopy,3,13399
cytomolecular,3,13400
urothelial,3,13401
karyotypic,3,13402
intravesical,3,13403
pooled,3,13404
intrapelvic,3,13405
pyeloscopy,3,13406
ellick,3,13407
uroseptic,3,13408
semirigid,3,13409
genitofemoral,3,13410
parental,3,13411
diapered,3,13412
cleanliness,3,13413
instrumentally,3,13414
urospetic,3,13415
migrated,3,13416
ureteroscopic,3,13417
owner,3,13418
optical,3,13419
desperate,3,13420
zeroed,3,13421
stitched,3,13422
stripper,3,13423
phlebectomy,3,13424
strands,3,13425
gauage,3,13426
hypofix,3,13427
elapsed,3,13428
cuffed,3,13429
aberration,3,13430
alerted,3,13431
reconnected,3,13432
soaks,3,13433
judging,3,13434
uncontrollable,3,13435
crowded,3,13436
sweetheart,3,13437
incrementally,3,13438
shingled,3,13439
bladeless,3,13440
crimped,3,13441
electrocauterized,3,13442
explosion,3,13443
declaudication,3,13444
hydropneumothorax,3,13445
nozzle,3,13446
necked,3,13447
intracostal,3,13448
reviews,3,13449
earnest,3,13450
herniate,3,13451
milky,3,13452
tenosynovectomy,3,13453
epineurotomy,3,13454
epineurectomy,3,13455
epineurium,3,13456
tarsectomy,3,13457
metatarsectomy,3,13458
anesthesias,3,13459
sings,3,13460
neglected,3,13461
park,3,13462
prescrubbed,3,13463
stickiness,3,13464
microinstruments,3,13465
intracranially,3,13466
norian,3,13467
nurolons,3,13468
assisting,3,13469
neuromonitoring,3,13470
extents,3,13471
diskectomies,3,13472
apophyses,3,13473
pulsed,3,13474
acidotic,3,13475
styletted,3,13476
maintains,3,13477
router,3,13478
epithelializing,3,13479
extensions,3,13480
definition,3,13481
secundum,3,13482
postnatally,3,13483
hypothermic,3,13484
nonobstructed,3,13485
procured,3,13486
glutaraldehyde,3,13487
pursestrings,3,13488
substituting,3,13489
ultrafiltration,3,13490
reabsorbable,3,13491
unavailability,3,13492
pretragal,3,13493
transaction,3,13494
inferiomedially,3,13495
prudently,3,13496
intersect,3,13497
radionics,3,13498
vigilantly,3,13499
septomucoperichondrial,3,13500
fading,3,13501
semicircle,3,13502
rejoined,3,13503
forwarded,3,13504
pure,3,13505
compilations,3,13506
roman,3,13507
huber,3,13508
nonalignment,3,13509
preferable,3,13510
bremer,3,13511
sicu,3,13512
barring,3,13513
mandatory,3,13514
reduces,3,13515
afford,3,13516
tuberculum,3,13517
hypophysectomy,3,13518
reasoned,3,13519
polypropylene,3,13520
blotching,3,13521
pigmentation,3,13522
moccasin,3,13523
coccyx,3,13524
dusted,3,13525
mediolaterally,3,13526
malodor,3,13527
modify,3,13528
remodel,3,13529
katzman,3,13530
verification,3,13531
interruption,3,13532
cribbed,3,13533
yueh,3,13534
internus,3,13535
interferes,3,13536
harleton,3,13537
bicortically,3,13538
odontoid,3,13539
detroit,3,13540
abuser,3,13541
physiological,3,13542
approximally,3,13543
thompson,3,13544
luckily,3,13545
chris,3,13546
deepening,3,13547
unwrapped,3,13548
rooted,3,13549
fluted,3,13550
kopans,3,13551
mammographically,3,13552
epidermis,3,13553
performer,3,13554
publicity,3,13555
promotions,3,13556
specializing,3,13557
cheekbone,3,13558
unacceptable,3,13559
singer,3,13560
jaeger,3,13561
pseudofat,3,13562
lacri,3,13563
lube,3,13564
nasojugal,3,13565
masseter,3,13566
electrocauteried,3,13567
introduce,3,13568
cans,3,13569
sano,3,13570
ventriculotomy,3,13571
lamps,3,13572
sesamoidal,3,13573
cascading,3,13574
tarlov,3,13575
unrelieved,3,13576
endeavors,3,13577
decussation,3,13578
detach,3,13579
subligamentous,3,13580
tier,3,13581
crosstable,3,13582
leaning,3,13583
synthetic,3,13584
weakened,3,13585
overgrown,3,13586
hemilaminectomies,3,13587
extrafascial,3,13588
recycled,3,13589
conray,3,13590
microdiscectomy,3,13591
taylor,3,13592
adjoining,3,13593
intranuclear,3,13594
pretreated,3,13595
bandemia,3,13596
metamyelocytes,3,13597
myelocytes,3,13598
stylette,3,13599
cardioverted,3,13600
owing,3,13601
burned,3,13602
headedness,3,13603
nodded,3,13604
laryngotracheal,3,13605
uncuffed,3,13606
emerge,3,13607
cricopharyngeal,3,13608
myotomy,3,13609
lindholm,3,13610
fibrofatty,3,13611
histopathological,3,13612
anode,3,13613
laryngotomy,3,13614
petiole,3,13615
vocalis,3,13616
parting,3,13617
weinberg,3,13618
paratubal,3,13619
needled,3,13620
research,3,13621
constituting,3,13622
trochar,3,13623
laminas,3,13624
connecters,3,13625
sequenced,3,13626
retightened,3,13627
microfoam,3,13628
postspinal,3,13629
blunting,3,13630
fuse,3,13631
unremitting,3,13632
headlamp,3,13633
micromotion,3,13634
pangea,3,13635
listhesed,3,13636
listhesis,3,13637
gearshift,3,13638
undertapped,3,13639
resounded,3,13640
anoscope,3,13641
oppose,3,13642
walling,3,13643
readministered,3,13644
magic,3,13645
urogenital,3,13646
hemiplegic,3,13647
xanthochromia,3,13648
attained,3,13649
eponychium,3,13650
osteoset,3,13651
involuted,3,13652
devastation,3,13653
nonaccidental,3,13654
tubeless,3,13655
affixing,3,13656
panful,3,13657
plantarflexed,3,13658
nailbed,3,13659
rotten,3,13660
electronics,3,13661
robotics,3,13662
triangulate,3,13663
floss,3,13664
nasoseptal,3,13665
radiosurgical,3,13666
obliterate,3,13667
uploaded,3,13668
generate,3,13669
dictating,3,13670
ventillation,3,13671
pseudoaneurysms,3,13672
meager,3,13673
bronchospastic,3,13674
kumpe,3,13675
postangioplasty,3,13676
poststandard,3,13677
occupied,3,13678
preventing,3,13679
impactions,3,13680
verity,3,13681
vigilance,3,13682
valid,3,13683
instrumention,3,13684
intoxicated,3,13685
ascertain,3,13686
afterward,3,13687
kasai,3,13688
ivor,3,13689
lewis,3,13690
witzel,3,13691
tabularized,3,13692
parson,3,13693
supraglottis,3,13694
duodenoscope,3,13695
cooke,3,13696
tritome,3,13697
sphincterotome,3,13698
ceased,3,13699
papilla,3,13700
parties,3,13701
silastic,3,13702
tumescence,3,13703
autografts,3,13704
thousandths,3,13705
conformant,3,13706
thawed,3,13707
warren,3,13708
dissolve,3,13709
coat,3,13710
biopotential,3,13711
recordings,3,13712
irrigations,3,13713
overshoot,3,13714
optokinetic,3,13715
okns,3,13716
handing,3,13717
decremental,3,13718
directional,3,13719
electronystagmogram,3,13720
parsons,3,13721
telescope,3,13722
suprastomal,3,13723
fibroma,3,13724
quadriparetic,3,13725
preoped,3,13726
baselines,3,13727
hyperstatic,3,13728
oozy,3,13729
horsley,3,13730
fourteen,3,13731
primapore,3,13732
medpore,3,13733
appraised,3,13734
deformation,3,13735
intraspinous,3,13736
locker,3,13737
weld,3,13738
cards,3,13739
hyperflexion,3,13740
circon,3,13741
distending,3,13742
moderated,3,13743
menstruation,3,13744
temno,3,13745
torpedo,3,13746
postbiopsy,3,13747
fieldstone,3,13748
droplets,3,13749
mississippi,3,13750
undefined,3,13751
layering,3,13752
cosmesis,3,13753
asterion,3,13754
labbe,3,13755
greenwood,3,13756
disrupt,3,13757
retrosigmoid,3,13758
emissary,3,13759
bergen,3,13760
shavings,3,13761
siloxane,3,13762
intracanalicular,3,13763
trigeminal,3,13764
evulsed,3,13765
indistinct,3,13766
crucially,3,13767
splayed,3,13768
pulsate,3,13769
sacrificed,3,13770
countered,3,13771
ultrasonic,3,13772
aspirator,3,13773
microplates,3,13774
sugita,3,13775
fiducials,3,13776
cored,3,13777
craniofix,3,13778
fixators,3,13779
putative,3,13780
frontally,3,13781
pools,3,13782
firmness,3,13783
persists,3,13784
perfusing,3,13785
lipotosis,3,13786
rhytides,3,13787
liopsuction,3,13788
beveling,3,13789
kahn,3,13790
semilunar,3,13791
surgidak,3,13792
incisin,3,13793
auricularly,3,13794
nonstick,3,13795
cardioversions,3,13796
emerged,3,13797
antiarrhythmics,3,13798
electrocardioversion,3,13799
tachyarrhythmias,3,13800
bradyarrhythmias,3,13801
statistically,3,13802
null,3,13803
lollipop,3,13804
promulgating,3,13805
epicardium,3,13806
dorsomedially,3,13807
juvaro,3,13808
creat,3,13809
estimation,3,13810
halucis,3,13811
periostem,3,13812
toothpick,3,13813
strike,3,13814
shorten,3,13815
hammertoes,3,13816
pasa,3,13817
perched,3,13818
convergent,3,13819
nibbler,3,13820
weighbearing,3,13821
routes,3,13822
transited,3,13823
dermatochalasia,3,13824
browlift,3,13825
supratrochlear,3,13826
lashline,3,13827
nonhairbearing,3,13828
antagonistic,3,13829
supercilii,3,13830
signatures,3,13831
remounted,3,13832
subgaleally,3,13833
crisp,3,13834
guaranteed,3,13835
proves,3,13836
michael,3,13837
steinmann,3,13838
restraining,3,13839
elects,3,13840
plantolateral,3,13841
microanalysis,3,13842
search,3,13843
pulsated,3,13844
cutters,3,13845
scraping,3,13846
dowel,3,13847
hoses,3,13848
scraped,3,13849
setscrews,3,13850
postioning,3,13851
orthosis,3,13852
nonfusion,3,13853
nonimprovement,3,13854
arthrodesed,3,13855
acufix,3,13856
platysmas,3,13857
distractor,3,13858
sternoclavicular,3,13859
succession,3,13860
atlantis,3,13861
anulus,3,13862
fibrosus,3,13863
surgifoam,3,13864
accelerating,3,13865
shaping,3,13866
juxtaposition,3,13867
crania,3,13868
esophageus,3,13869
inline,3,13870
gardner,3,13871
distractions,3,13872
forces,3,13873
superb,3,13874
transligamentous,3,13875
fashioning,3,13876
esis,3,13877
blackstone,3,13878
tilts,3,13879
shoots,3,13880
mouse,3,13881
sunk,3,13882
valsalved,3,13883
castoff,3,13884
excepted,3,13885
patiently,3,13886
steffee,3,13887
donut,3,13888
platysmata,3,13889
projecting,3,13890
dust,3,13891
unsuspected,3,13892
paracolic,3,13893
plateaued,3,13894
antihypertensives,3,13895
suprahyoid,3,13896
napping,3,13897
impeding,3,13898
volitional,3,13899
stimulations,3,13900
farther,3,13901
pyriform,3,13902
consistencies,3,13903
peristaltic,3,13904
lipomyomeningocele,3,13905
cautioned,3,13906
recommends,3,13907
hovered,3,13908
sneak,3,13909
bisphosphonate,3,13910
abated,3,13911
dozes,3,13912
peaked,3,13913
irbesartan,3,13914
inhalers,3,13915
proficiency,3,13916
remainders,3,13917
psychophysiologic,3,13918
nontrivial,3,13919
mitigate,3,13920
rituals,3,13921
obnoxious,3,13922
weekdays,3,13923
barney,3,13924
downtown,3,13925
sell,3,13926
accounts,3,13927
molds,3,13928
facies,3,13929
succeed,3,13930
neer,3,13931
collect,3,13932
mary,3,13933
hotchkinson,3,13934
polyarteritis,3,13935
nodosa,3,13936
initiates,3,13937
rips,3,13938
tosses,3,13939
imipramine,3,13940
biot,3,13941
instituting,3,13942
servo,3,13943
reductions,3,13944
stereognosis,3,13945
aerobics,3,13946
monopril,3,13947
misdirected,3,13948
reoriented,3,13949
humid,3,13950
mail,3,13951
intends,3,13952
unpredictable,3,13953
reinsert,3,13954
dissatisfaction,3,13955
emphasize,3,13956
menu,3,13957
influenced,3,13958
craze,3,13959
potatoes,3,13960
pasta,3,13961
breading,3,13962
prepares,3,13963
abraxane,3,13964
oophorotomy,3,13965
rearranged,3,13966
pudding,3,13967
distribute,3,13968
overeaters,3,13969
ketone,3,13970
charlie,3,13971
athene,3,13972
lemonade,3,13973
downwardly,3,13974
insulins,3,13975
climbed,3,13976
anna,3,13977
unawareness,3,13978
deathly,3,13979
regulates,3,13980
sggt,3,13981
vegetarian,3,13982
cappuccino,3,13983
quiche,3,13984
vending,3,13985
machines,3,13986
biking,3,13987
triathlon,3,13988
extenders,3,13989
brooke,3,13990
jars,3,13991
singular,3,13992
tentative,3,13993
debilitation,3,13994
charla,3,13995
yassine,3,13996
lilly,3,13997
taught,3,13998
joanne,3,13999
araiza,3,14000
iiia,3,14001
researching,3,14002
tracings,3,14003
bioprosthetic,3,14004
relate,3,14005
toys,3,14006
asperger,3,14007
antibacterial,3,14008
familiar,3,14009
bedding,3,14010
dozing,3,14011
boring,3,14012
hytrin,3,14013
budd,3,14014
automotors,3,14015
setter,3,14016
scalloped,3,14017
endanger,3,14018
breather,3,14019
pfts,3,14020
fist,3,14021
lighter,3,14022
exclusion,3,14023
cusps,3,14024
scfe,3,14025
hitch,3,14026
fights,3,14027
nqwmi,3,14028
ecasa,3,14029
dock,3,14030
cachetic,3,14031
hadd,3,14032
habd,3,14033
lipping,3,14034
knelt,3,14035
prazosin,3,14036
thrombolisis,3,14037
bruitt,3,14038
competing,3,14039
cervico,3,14040
resuscitative,3,14041
stationed,3,14042
rural,3,14043
laborious,3,14044
sandimmune,3,14045
airlifted,3,14046
geneva,3,14047
switzerland,3,14048
areflexic,3,14049
defecate,3,14050
malaria,3,14051
speciated,3,14052
propulsid,3,14053
quads,3,14054
hypertonicity,3,14055
retreated,3,14056
reside,3,14057
lipomatosis,3,14058
plasmapheresis,3,14059
paralyzed,3,14060
abcg,3,14061
fila,3,14062
terminale,3,14063
cisternal,3,14064
extirpation,3,14065
procarbazine,3,14066
magnevist,3,14067
crumpled,3,14068
slntc,3,14069
peronei,3,14070
palmomental,3,14071
amyotrophy,3,14072
sectional,3,14073
pronating,3,14074
chiari,3,14075
calcaneonavicular,3,14076
naviculocuneiform,3,14077
intercuneiform,3,14078
lisfranc,3,14079
cortication,3,14080
intwined,3,14081
clumsy,3,14082
uhthoff,3,14083
dysesthesias,3,14084
catamenial,3,14085
terres,3,14086
manuever,3,14087
phalens,3,14088
congenitally,3,14089
allodynic,3,14090
histiocyte,3,14091
agarose,3,14092
motionless,3,14093
nodding,3,14094
rhythmically,3,14095
dysesthetic,3,14096
radiations,3,14097
qhours,3,14098
neurooncology,3,14099
utensils,3,14100
hippel,3,14101
lindau,3,14102
exept,3,14103
trapezeii,3,14104
hads,3,14105
hyperreflexic,3,14106
hyporeflexic,3,14107
thecalsac,3,14108
startle,3,14109
vermis,3,14110
calcaneofibular,3,14111
hyaline,3,14112
resorption,3,14113
haglund,3,14114
disassociation,3,14115
neurons,3,14116
mononeuropathy,3,14117
elucidate,3,14118
diminution,3,14119
slows,3,14120
microdiskectomy,3,14121
bedridden,3,14122
investigations,3,14123
moaning,3,14124
readicat,3,14125
nondependent,3,14126
osteoblastic,3,14127
osteolytic,3,14128
bowed,3,14129
conglomerate,3,14130
extraforaminal,3,14131
flattens,3,14132
globes,3,14133
creates,3,14134
degrades,3,14135
anterolisthesis,3,14136
reformats,3,14137
interspacing,3,14138
mineralization,3,14139
lingular,3,14140
endarterectomies,3,14141
presidents,3,14142
hypoattenuating,3,14143
dermoid,3,14144
ureterolithiasis,3,14145
aortobiiliac,3,14146
endolumen,3,14147
exoluminal,3,14148
showering,3,14149
evidences,3,14150
hippocampus,3,14151
stooped,3,14152
marriages,3,14153
engineering,3,14154
stressor,3,14155
authority,3,14156
trust,3,14157
accepting,3,14158
pepsi,3,14159
ketchican,3,14160
condoms,3,14161
concerta,3,14162
convinced,3,14163
busy,3,14164
talks,3,14165
luther,3,14166
king,3,14167
apple,3,14168
perceptions,3,14169
richard,3,14170
humor,3,14171
slapped,3,14172
emdr,3,14173
nightmares,3,14174
flashbacks,3,14175
deafness,3,14176
craving,3,14177
desyrel,3,14178
music,3,14179
prosody,3,14180
confined,3,14181
tacrolimus,3,14182
instrumental,3,14183
unprotected,3,14184
blanket,3,14185
hopelessness,3,14186
dying,3,14187
utmb,3,14188
sweater,3,14189
probation,3,14190
referrals,3,14191
aiding,3,14192
fmla,3,14193
resign,3,14194
employers,3,14195
disciplining,3,14196
tardiness,3,14197
workdays,3,14198
chaotic,3,14199
hectic,3,14200
neuropsychologist,3,14201
diagnostically,3,14202
documentary,3,14203
fein,3,14204
neurocognitive,3,14205
chaoticness,3,14206
forgetfulness,3,14207
lawyer,3,14208
tendinopathy,3,14209
propionate,3,14210
janitor,3,14211
science,3,14212
attentional,3,14213
strongest,3,14214
walter,3,14215
puzzles,3,14216
possession,3,14217
abortive,3,14218
visions,3,14219
chemist,3,14220
fitness,3,14221
confusional,3,14222
glazed,3,14223
midmorning,3,14224
clammy,3,14225
blankly,3,14226
careless,3,14227
lapses,3,14228
attentiveness,3,14229
mistakes,3,14230
deferential,3,14231
undergraduate,3,14232
credits,3,14233
thriving,3,14234
linda,3,14235
honors,3,14236
bang,3,14237
refrigerator,3,14238
spazzing,3,14239
gallon,3,14240
jack,3,14241
jokes,3,14242
subdued,3,14243
delis,3,14244
dkefs,3,14245
trail,3,14246
wisconsin,3,14247
sorting,3,14248
wcst,3,14249
stroop,3,14250
purdue,3,14251
interests,3,14252
bitch,3,14253
retaliated,3,14254
harassment,3,14255
ethic,3,14256
adulthood,3,14257
dwyne,3,14258
missouri,3,14259
rebellious,3,14260
socialize,3,14261
dana,3,14262
auditor,3,14263
chrysler,3,14264
borg,3,14265
warner,3,14266
vigilant,3,14267
concise,3,14268
loneliness,3,14269
diurnal,3,14270
gustatory,3,14271
depersonalizations,3,14272
derealizations,3,14273
irrelevance,3,14274
evasiveness,3,14275
concreteness,3,14276
clouded,3,14277
libidinal,3,14278
preoccupation,3,14279
pertaining,3,14280
complies,3,14281
empathy,3,14282
affection,3,14283
entitlement,3,14284
egocentricity,3,14285
controllingness,3,14286
intimidation,3,14287
credibility,3,14288
reliability,3,14289
barriers,3,14290
malingering,3,14291
psychopharmacologic,3,14292
deafening,3,14293
precipitate,3,14294
novel,3,14295
camcorder,3,14296
tutoring,3,14297
algebra,3,14298
quire,3,14299
knitting,3,14300
bahamas,3,14301
ingest,3,14302
hermann,3,14303
shoot,3,14304
microwave,3,14305
hypomanic,3,14306
coincided,3,14307
fexofenadine,3,14308
benzo,3,14309
taho,3,14310
nevada,3,14311
killing,3,14312
frightened,3,14313
experimenting,3,14314
antichrist,3,14315
neighborhood,3,14316
criticizing,3,14317
psychotics,3,14318
lapse,3,14319
structured,3,14320
addresses,3,14321
medicating,3,14322
lumigan,3,14323
nitroquick,3,14324
feldene,3,14325
minipress,3,14326
georgia,3,14327
forthcoming,3,14328
massachusetts,3,14329
fleeting,3,14330
engages,3,14331
storied,3,14332
collarbone,3,14333
enlightening,3,14334
rubor,3,14335
barefoot,3,14336
fungus,3,14337
antifungal,3,14338
spreads,3,14339
reliance,3,14340
zyloprim,3,14341
boxer,3,14342
dyscoordination,3,14343
fixes,3,14344
educate,3,14345
decongest,3,14346
dada,3,14347
cruises,3,14348
duskiness,3,14349
tires,3,14350
criss,3,14351
malopposed,3,14352
physiologically,3,14353
rastelli,3,14354
checkups,3,14355
wheat,3,14356
transilluminate,3,14357
audiometry,3,14358
decibels,3,14359
preregistration,3,14360
myringtomy,3,14361
realize,3,14362
wiggle,3,14363
nitric,3,14364
aerosols,3,14365
weeker,3,14366
papillomavirus,3,14367
residents,3,14368
incessant,3,14369
intensivist,3,14370
carnitine,3,14371
earaches,3,14372
scouts,3,14373
wresting,3,14374
treats,3,14375
tarts,3,14376
cooks,3,14377
cues,3,14378
peerla,3,14379
jacks,3,14380
juices,3,14381
gage,3,14382
peribronchial,3,14383
croup,3,14384
asthmaticus,3,14385
regurgitate,3,14386
similac,3,14387
postnatal,3,14388
retrocardiac,3,14389
boils,3,14390
stepbrother,3,14391
indoor,3,14392
subspecialist,3,14393
deaths,3,14394
toxicum,3,14395
listeria,3,14396
hacky,3,14397
grandparent,3,14398
orapred,3,14399
totalling,3,14400
secondhand,3,14401
zicam,3,14402
buzzing,3,14403
concordant,3,14404
overuse,3,14405
icing,3,14406
collects,3,14407
immerse,3,14408
convenient,3,14409
crawl,3,14410
medina,3,14411
rodgers,3,14412
curtail,3,14413
extracting,3,14414
trucks,3,14415
reappeared,3,14416
carisoprodol,3,14417
addictive,3,14418
psychotropic,3,14419
unmonitored,3,14420
rhonda,3,14421
ackerman,3,14422
benefited,3,14423
baylor,3,14424
flinching,3,14425
wincing,3,14426
lightest,3,14427
provocative,3,14428
switching,3,14429
welbeck,3,14430
chemo,3,14431
richman,3,14432
roseburg,3,14433
ninan,3,14434
matthew,3,14435
bonaparte,3,14436
pages,3,14437
grinding,3,14438
cervicalgic,3,14439
megahed,3,14440
midthoracic,3,14441
hypoesthesia,3,14442
bicycling,3,14443
recumbency,3,14444
midrin,3,14445
inventory,3,14446
rheumatological,3,14447
antalgia,3,14448
alternately,3,14449
provoke,3,14450
nailbeds,3,14451
provocable,3,14452
cervicolumbar,3,14453
comorbidity,3,14454
vehicular,3,14455
cited,3,14456
squad,3,14457
originates,3,14458
holy,3,14459
faber,3,14460
dynamometer,3,14461
scratchy,3,14462
arixtra,3,14463
ossificans,3,14464
limping,3,14465
atfl,3,14466
tarsometarsal,3,14467
mucocyst,3,14468
knives,3,14469
guns,3,14470
opponens,3,14471
siegert,3,14472
assistants,3,14473
duac,3,14474
loprox,3,14475
paralegal,3,14476
broadly,3,14477
telephonically,3,14478
nucleuses,3,14479
slimlock,3,14480
angola,3,14481
plantarflexion,3,14482
sunglasses,3,14483
fluctuation,3,14484
uninsured,3,14485
developer,3,14486
chemicals,3,14487
shopping,3,14488
photosensitive,3,14489
chalazion,3,14490
hordeolum,3,14491
babinskis,3,14492
discopathy,3,14493
sidebending,3,14494
yields,3,14495
bitter,3,14496
smoky,3,14497
chronological,3,14498
misalignment,3,14499
anticonvulsants,3,14500
neuropathies,3,14501
suited,3,14502
coupon,3,14503
yards,3,14504
fairs,3,14505
vast,3,14506
lactose,3,14507
neupogen,3,14508
consolidative,3,14509
mismatched,3,14510
clerk,3,14511
yell,3,14512
pyelo,3,14513
lyndhurst,3,14514
baptist,3,14515
misorder,3,14516
audibly,3,14517
trashing,3,14518
tadpole,3,14519
greenville,3,14520
wilkesboro,3,14521
chorioamnionitis,3,14522
beautiful,3,14523
lochia,3,14524
explanatory,3,14525
topography,3,14526
clustered,3,14527
dining,3,14528
patty,3,14529
summarized,3,14530
converse,3,14531
adds,3,14532
symptotic,3,14533
rigorous,3,14534
auscultate,3,14535
specialty,3,14536
niaspan,3,14537
korean,3,14538
optimally,3,14539
role,3,14540
subacromion,3,14541
combines,3,14542
witnesses,3,14543
coolidge,3,14544
angiomas,3,14545
amphetamine,3,14546
gyri,3,14547
thalassemia,3,14548
flooring,3,14549
installer,3,14550
tumour,3,14551
ether,3,14552
handgrip,3,14553
mpression,3,14554
progressions,3,14555
boarding,3,14556
pallidus,3,14557
newer,3,14558
prematurely,3,14559
anaplastic,3,14560
frankly,3,14561
amazingly,3,14562
ethical,3,14563
spirit,3,14564
micturition,3,14565
nephritis,3,14566
leaked,3,14567
metastasizing,3,14568
reconciliation,3,14569
nephrogram,3,14570
metabolism,3,14571
chinese,3,14572
herbs,3,14573
satiety,3,14574
kinase,3,14575
poquito,3,14576
floragon,3,14577
forest,3,14578
logs,3,14579
edna,3,14580
hypersensitivities,3,14581
prescriptive,3,14582
socio,3,14583
economic,3,14584
reared,3,14585
straightforward,3,14586
squat,3,14587
kemp,3,14588
inclinometer,3,14589
intrasegmental,3,14590
yeoman,3,14591
hibbs,3,14592
posed,3,14593
predisposition,3,14594
demilee,3,14595
wagon,3,14596
slammed,3,14597
dispatched,3,14598
partlow,3,14599
harness,3,14600
philippe,3,14601
titled,3,14602
transitory,3,14603
trapezia,3,14604
goniometry,3,14605
painkillers,3,14606
schmorl,3,14607
skier,3,14608
volunteers,3,14609
patrol,3,14610
physiatry,3,14611
import,3,14612
sunnyside,3,14613
entries,3,14614
reimburse,3,14615
discoordination,3,14616
uncommunicative,3,14617
reluctantly,3,14618
insistent,3,14619
discriminate,3,14620
dieting,3,14621
vary,3,14622
accentuated,3,14623
inform,3,14624
weeping,3,14625
demented,3,14626
abrogated,3,14627
nondescript,3,14628
reversing,3,14629
xigris,3,14630
abrogation,3,14631
unsightly,3,14632
crab,3,14633
mobster,3,14634
dakota,3,14635
collage,3,14636
certified,3,14637
compares,3,14638
metabolically,3,14639
esthetician,3,14640
hemochromatosis,3,14641
firstly,3,14642
online,3,14643
agammaglobulinemia,3,14644
adenomyomatosis,3,14645
argentinean,3,14646
serologic,3,14647
successes,3,14648
usefulness,3,14649
pustular,3,14650
coalmine,3,14651
silica,3,14652
pneumoconiosis,3,14653
coal,3,14654
miner,3,14655
pernicious,3,14656
xerosis,3,14657
scabbing,3,14658
noninfectious,3,14659
illicits,3,14660
struggled,3,14661
drifted,3,14662
latin,3,14663
subtherapeutic,3,14664
suffocating,3,14665
payroll,3,14666
inconsistency,3,14667
graph,3,14668
hyperreflexiveness,3,14669
cease,3,14670
methylcellulose,3,14671
mistake,3,14672
fragmin,3,14673
amputations,3,14674
egds,3,14675
prealbumin,3,14676
hobby,3,14677
decongestants,3,14678
sixteen,3,14679
protector,3,14680
tachypneic,3,14681
hauling,3,14682
corn,3,14683
impatient,3,14684
retry,3,14685
premenstrual,3,14686
perimenopausal,3,14687
partying,3,14688
energetic,3,14689
adjunct,3,14690
plasminogen,3,14691
triggers,3,14692
accounted,3,14693
precautioned,3,14694
numbered,3,14695
florastor,3,14696
replenish,3,14697
flora,3,14698
pimple,3,14699
outright,3,14700
tacky,3,14701
childproof,3,14702
borax,3,14703
cheerful,3,14704
youngster,3,14705
conto,3,14706
dysrhythmias,3,14707
houseparent,3,14708
decayed,3,14709
premolar,3,14710
achieves,3,14711
cornell,3,14712
exertionally,3,14713
banker,3,14714
circumstance,3,14715
pancytopenic,3,14716
blackheads,3,14717
receiver,3,14718
ileojejunal,3,14719
eager,3,14720
propel,3,14721
couplets,3,14722
trigemini,3,14723
autolysis,3,14724
thromboemboli,3,14725
livor,3,14726
lividity,3,14727
blonde,3,14728
piercings,3,14729
postmortem,3,14730
antemortem,3,14731
forked,3,14732
craniocerebral,3,14733
encircles,3,14734
toxicologic,3,14735
sixteenths,3,14736
doest,2,14737
cheaper,2,14738
grandfathers,2,14739
lynn,2,14740
holmberg,2,14741
eastchester,2,14742
steak,2,14743
regains,2,14744
gains,2,14745
commercial,2,14746
atkin,2,14747
bacon,2,14748
cheeseburgers,2,14749
gastrojejuno,2,14750
jejunojejuno,2,14751
glycosylated,2,14752
instantaneous,2,14753
pulsatility,2,14754
uncharacteristic,2,14755
hypodensities,2,14756
brian,2,14757
veramist,2,14758
taxation,2,14759
optifast,2,14760
tracheomalacia,2,14761
laryngology,2,14762
submucosa,2,14763
ridged,2,14764
montgomery,2,14765
efficaciously,2,14766
appoint,2,14767
supporter,2,14768
jockstrap,2,14769
postprostatic,2,14770
azoospermic,2,14771
azoospermia,2,14772
semen,2,14773
analyses,2,14774
urecholine,2,14775
readmission,2,14776
dapsone,2,14777
incur,2,14778
barker,2,14779
teardrop,2,14780
warrantees,2,14781
ventura,2,14782
electrosurgical,2,14783
resectoscopic,2,14784
trabeculated,2,14785
fluffiness,2,14786
periureteral,2,14787
reoccur,2,14788
iglesias,2,14789
briefs,2,14790
hypervascularity,2,14791
postradical,2,14792
lasered,2,14793
rehabilitatable,2,14794
solve,2,14795
predictably,2,14796
capacious,2,14797
midepigastrium,2,14798
ejaculatory,2,14799
stomag,2,14800
suburethral,2,14801
snugged,2,14802
multilength,2,14803
nephrostogram,2,14804
lumbotomy,2,14805
fistulae,2,14806
osteitis,2,14807
array,2,14808
urethrovesical,2,14809
counterclockwise,2,14810
retroperitonealized,2,14811
untouched,2,14812
hemo,2,14813
posteriormost,2,14814
inperforated,2,14815
professor,2,14816
genitorectal,2,14817
tandoc,2,14818
prostascint,2,14819
thereof,2,14820
eswl,2,14821
trus,2,14822
adherently,2,14823
insuring,2,14824
racquet,2,14825
karnofsky,2,14826
audits,2,14827
nyquil,2,14828
reciprocates,2,14829
ripped,2,14830
embarrassed,2,14831
dangling,2,14832
condylomatous,2,14833
attaches,2,14834
stanch,2,14835
malfunctioned,2,14836
albuginea,2,14837
corporotomies,2,14838
catheted,2,14839
amber,2,14840
mcdevitt,2,14841
stomel,2,14842
arthritides,2,14843
incontinency,2,14844
microacinar,2,14845
streaky,2,14846
transcapular,2,14847
catheterizations,2,14848
detainee,2,14849
officers,2,14850
gush,2,14851
insisting,2,14852
chooses,2,14853
concealed,2,14854
retractable,2,14855
obturation,2,14856
puberty,2,14857
cryoclamp,2,14858
mosquitos,2,14859
looping,2,14860
inguinally,2,14861
investing,2,14862
subfascially,2,14863
collodion,2,14864
crile,2,14865
orchectomy,2,14866
urodyanamcis,2,14867
bellows,2,14868
cavermap,2,14869
constricture,2,14870
etcetera,2,14871
epidermidis,2,14872
disintegrated,2,14873
recognizable,2,14874
tease,2,14875
gubernaculum,2,14876
nonexistent,2,14877
calibrating,2,14878
strengthened,2,14879
tevdek,2,14880
cholinergic,2,14881
diode,2,14882
lasering,2,14883
rutkow,2,14884
myopectineal,2,14885
monocril,2,14886
thinness,2,14887
aliquot,2,14888
hernial,2,14889
salvaging,2,14890
fournier,2,14891
phimotic,2,14892
penectomy,2,14893
pouring,2,14894
circumscribe,2,14895
splaying,2,14896
heineke,2,14897
perpetual,2,14898
deglove,2,14899
demarcation,2,14900
lancet,2,14901
hydrocelectomies,2,14902
tunic,2,14903
jock,2,14904
coude,2,14905
destroying,2,14906
sluggishness,2,14907
incubation,2,14908
condylox,2,14909
enucleating,2,14910
vacations,2,14911
zoladex,2,14912
estrace,2,14913
prometheus,2,14914
dimples,2,14915
condylomata,2,14916
spiced,2,14917
cystourethroscope,2,14918
electrofulgurated,2,14919
hypotonic,2,14920
midureteral,2,14921
pyridium,2,14922
tuberculations,2,14923
caverject,2,14924
contraindication,2,14925
nonprostatic,2,14926
cystoscoped,2,14927
bilobular,2,14928
buren,2,14929
uppermost,2,14930
fluttered,2,14931
cystolithalopaxy,2,14932
rectoscope,2,14933
villous,2,14934
litholapaxy,2,14935
preaortic,2,14936
neobladder,2,14937
hydronephrotic,2,14938
retropubically,2,14939
urethrotome,2,14940
potency,2,14941
cryosurgical,2,14942
stabilizer,2,14943
numbering,2,14944
lubricate,2,14945
mattresses,2,14946
papoose,2,14947
nesacaine,2,14948
configured,2,14949
wipes,2,14950
fresher,2,14951
gauging,2,14952
spraying,2,14953
dragged,2,14954
hooding,2,14955
crede,2,14956
circumcising,2,14957
unrecorded,2,14958
redmond,2,14959
ureteric,2,14960
opting,2,14961
debating,2,14962
fears,2,14963
intensifying,2,14964
elmiron,2,14965
makeup,2,14966
dmso,2,14967
friesen,2,14968
modelled,2,14969
liquor,2,14970
epididymidis,2,14971
redrawn,2,14972
adventitial,2,14973
accomplishing,2,14974
encouraging,2,14975
reanastomosis,2,14976
discission,2,14977
abraham,2,14978
midurethral,2,14979
coaptite,2,14980
bulking,2,14981
tighter,2,14982
tophi,2,14983
periarticularly,2,14984
lanced,2,14985
inducted,2,14986
uninjured,2,14987
insured,2,14988
cystoid,2,14989
stressing,2,14990
polymethylmethacrylate,2,14991
wildes,2,14992
milliapms,2,14993
handpieces,2,14994
judicious,2,14995
frond,2,14996
panretinal,2,14997
scatter,2,14998
dialyses,2,14999
accurus,2,15000
illuminating,2,15001
equator,2,15002
serrata,2,15003
tobrex,2,15004
triventricular,2,15005
chorioplexus,2,15006
mamillary,2,15007
liliequist,2,15008
lancaster,2,15009
meridians,2,15010
vitrector,2,15011
tractional,2,15012
neovascular,2,15013
colpotomies,2,15014
parametrial,2,15015
reinsufflated,2,15016
brining,2,15017
ritgen,2,15018
stew,2,15019
solutab,2,15020
dislodged,2,15021
involution,2,15022
methargen,2,15023
choana,2,15024
ceruminous,2,15025
rosen,2,15026
equidistant,2,15027
struthers,2,15028
leashes,2,15029
infranasally,2,15030
subtenon,2,15031
fenestrations,2,15032
manipulating,2,15033
lend,2,15034
abrading,2,15035
tympanomastoidectomy,2,15036
lenticular,2,15037
tegmen,2,15038
incudostapedial,2,15039
nipper,2,15040
saucerize,2,15041
myringosclerotic,2,15042
wisps,2,15043
lumpy,2,15044
meatoplasty,2,15045
glasscock,2,15046
multiparous,2,15047
clitoromegaly,2,15048
effacing,2,15049
contrasted,2,15050
concoction,2,15051
anasarcic,2,15052
roughed,2,15053
peristatic,2,15054
lubricated,2,15055
duoderm,2,15056
bivona,2,15057
eraser,2,15058
dewecker,2,15059
reposited,2,15060
trickle,2,15061
shallowing,2,15062
tricking,2,15063
bleb,2,15064
transglottic,2,15065
saturate,2,15066
trachesotomy,2,15067
parathyroids,2,15068
bisection,2,15069
relocate,2,15070
superiorize,2,15071
pressurization,2,15072
axially,2,15073
tenonectomy,2,15074
calibers,2,15075
solidly,2,15076
resurfaced,2,15077
resurface,2,15078
chondrocalcinosis,2,15079
uniformly,2,15080
interpositioned,2,15081
peripatellar,2,15082
saws,2,15083
maxim,2,15084
oneself,2,15085
reversion,2,15086
retrialed,2,15087
arthroscopies,2,15088
pegged,2,15089
fabellas,2,15090
overstitch,2,15091
tremendously,2,15092
rests,2,15093
retainer,2,15094
edged,2,15095
bennett,2,15096
smoothly,2,15097
templating,2,15098
labrectomy,2,15099
alloclassic,2,15100
backhand,2,15101
arresting,2,15102
commissures,2,15103
subannular,2,15104
foundation,2,15105
shrink,2,15106
turban,2,15107
admittedly,2,15108
annoyance,2,15109
ponaris,2,15110
triangularis,2,15111
enucleation,2,15112
radke,2,15113
electrodissection,2,15114
alice,2,15115
uvular,2,15116
palatoplasty,2,15117
cheilion,2,15118
intraseptal,2,15119
quilting,2,15120
outfractured,2,15121
semilunaris,2,15122
natalie,2,15123
apposite,2,15124
unipolar,2,15125
bilobed,2,15126
bipolored,2,15127
tincoban,2,15128
thromboendarterectomy,2,15129
snares,2,15130
feathery,2,15131
alae,2,15132
lenke,2,15133
reprobed,2,15134
matchstick,2,15135
flavectomy,2,15136
cranially,2,15137
caution,2,15138
afforded,2,15139
appropriated,2,15140
filamentous,2,15141
dermaclose,2,15142
noncrushing,2,15143
extract,2,15144
ptfe,2,15145
subbronchiole,2,15146
bronchiole,2,15147
compressions,2,15148
intrathoracically,2,15149
reminder,2,15150
extubate,2,15151
pneumovac,2,15152
iliacs,2,15153
pledgetted,2,15154
pleurectomy,2,15155
ingenuity,2,15156
welled,2,15157
predialysis,2,15158
nonclotting,2,15159
abscessed,2,15160
orthodontist,2,15161
weaken,2,15162
mucogingival,2,15163
cuspid,2,15164
tessier,2,15165
alveoloplasty,2,15166
decaying,2,15167
flooding,2,15168
postconization,2,15169
arthroscopically,2,15170
kochers,2,15171
russians,2,15172
merz,2,15173
misoprostol,2,15174
instantly,2,15175
rampant,2,15176
stensen,2,15177
nonindurated,2,15178
pericardiotomy,2,15179
transhiatal,2,15180
nonendotracheal,2,15181
colts,2,15182
reclosed,2,15183
defervesced,2,15184
petty,2,15185
locator,2,15186
cannulized,2,15187
aimed,2,15188
indigent,2,15189
vanderbilt,2,15190
crosssail,2,15191
cypher,2,15192
arom,2,15193
stapedial,2,15194
diced,2,15195
reinspection,2,15196
jordan,2,15197
scutum,2,15198
chorda,2,15199
tympani,2,15200
rosette,2,15201
cruse,2,15202
incostapedial,2,15203
downfractured,2,15204
crimper,2,15205
perilymph,2,15206
incudo,2,15207
reno,2,15208
gowning,2,15209
twilight,2,15210
thrust,2,15211
cavitation,2,15212
fabere,2,15213
stabling,2,15214
ecrl,2,15215
ecrb,2,15216
devoid,2,15217
slac,2,15218
motors,2,15219
lightened,2,15220
spurred,2,15221
finders,2,15222
derotation,2,15223
reseated,2,15224
derotated,2,15225
midsubstance,2,15226
concave,2,15227
granulating,2,15228
pulsavaced,2,15229
biter,2,15230
merocels,2,15231
meroceles,2,15232
axing,2,15233
seeker,2,15234
nasofrontal,2,15235
periorbit,2,15236
boies,2,15237
orthoplast,2,15238
kennedy,2,15239
shuntogram,2,15240
gushing,2,15241
pumped,2,15242
galeal,2,15243
dornier,2,15244
lithotriptor,2,15245
noncemented,2,15246
saber,2,15247
prongs,2,15248
sublazine,2,15249
morcellizer,2,15250
octagon,2,15251
rebolused,2,15252
endodermal,2,15253
reenforce,2,15254
envelopes,2,15255
antrostomies,2,15256
staphyloma,2,15257
saphenofemoral,2,15258
femorosaphenous,2,15259
predrilled,2,15260
suspensory,2,15261
livonia,2,15262
repositing,2,15263
reposit,2,15264
unoccluded,2,15265
untorse,2,15266
vicyrl,2,15267
sleeves,2,15268
humoral,2,15269
flange,2,15270
fins,2,15271
overstuffed,2,15272
morris,2,15273
sixty,2,15274
dionic,2,15275
trusopt,2,15276
perioperatively,2,15277
puck,2,15278
cymba,2,15279
trailed,2,15280
transmucosally,2,15281
intradomal,2,15282
spanning,2,15283
precision,2,15284
rhinectomy,2,15285
labeling,2,15286
strickland,2,15287
mueller,2,15288
burrows,2,15289
resuspended,2,15290
burrow,2,15291
fertilization,2,15292
obliques,2,15293
socking,2,15294
hyperperfusion,2,15295
dumped,2,15296
dunn,2,15297
eroding,2,15298
diploic,2,15299
bong,2,15300
recession,2,15301
disinserted,2,15302
transperineal,2,15303
interpectoral,2,15304
sandaled,2,15305
classified,2,15306
triangles,2,15307
cribriform,2,15308
parametrium,2,15309
pararectal,2,15310
paravaginal,2,15311
brim,2,15312
dissolvable,2,15313
sinusoids,2,15314
suprasystemic,2,15315
valvoplasty,2,15316
ranger,2,15317
distinctive,2,15318
figured,2,15319
reconfiguration,2,15320
pulmonaries,2,15321
levo,2,15322
anteroinferiorly,2,15323
temporofrontal,2,15324
perichiasmatic,2,15325
midplate,2,15326
duraguard,2,15327
minidriver,2,15328
suitably,2,15329
parks,2,15330
dostinex,2,15331
pleurocentesis,2,15332
gliding,2,15333
earliest,2,15334
transcalcaneal,2,15335
contaminating,2,15336
distract,2,15337
reincised,2,15338
sculpting,2,15339
drysdale,2,15340
polisher,2,15341
monarch,2,15342
intracamerally,2,15343
joining,2,15344
barraquer,2,15345
chemosis,2,15346
mydriasis,2,15347
gawa,2,15348
worksheet,2,15349
overinflation,2,15350
interpalpebral,2,15351
allergan,2,15352
optics,2,15353
atkinson,2,15354
ophthalmological,2,15355
capsulorhexis,2,15356
hydrodissector,2,15357
spun,2,15358
shooter,2,15359
frown,2,15360
epinuclear,2,15361
scratcher,2,15362
inflating,2,15363
shortcut,2,15364
centralized,2,15365
hydrodelineate,2,15366
lester,2,15367
michol,2,15368
supratemporally,2,15369
infratemporal,2,15370
nonpreservative,2,15371
microliters,2,15372
stromally,2,15373
amphadase,2,15374
incorrect,2,15375
tenseness,2,15376
paracenteses,2,15377
subdivided,2,15378
sterilizing,2,15379
amvisc,2,15380
paribulbar,2,15381
bridal,2,15382
gatamycine,2,15383
bridle,2,15384
cosmederm,2,15385
threading,2,15386
glabella,2,15387
compressors,2,15388
phenylephrine,2,15389
handedness,2,15390
kuglen,2,15391
norethindrone,2,15392
zuba,2,15393
endoscopist,2,15394
lensectomy,2,15395
hammering,2,15396
superotemporally,2,15397
biom,2,15398
illuminator,2,15399
whitening,2,15400
breaks,2,15401
airtight,2,15402
beech,2,15403
hardness,2,15404
subclavicular,2,15405
vitatron,2,15406
reconfigure,2,15407
conical,2,15408
strutted,2,15409
hypercalcemic,2,15410
transvenous,2,15411
calibration,2,15412
drrs,2,15413
oxygenating,2,15414
reshaped,2,15415
fragility,2,15416
backup,2,15417
header,2,15418
altura,2,15419
sinoatrial,2,15420
enrhythm,2,15421
analyzer,2,15422
float,2,15423
wright,2,15424
inclination,2,15425
prosupination,2,15426
targeting,2,15427
langenbeck,2,15428
gemelli,2,15429
infolded,2,15430
definitively,2,15431
montage,2,15432
guaranty,2,15433
refracted,2,15434
incap,2,15435
bolted,2,15436
halstead,2,15437
earlobes,2,15438
trajectories,2,15439
masteries,2,15440
schanz,2,15441
contraption,2,15442
diesel,2,15443
pseudoarthrotic,2,15444
soccer,2,15445
semitubular,2,15446
leibinger,2,15447
paralleled,2,15448
monocortical,2,15449
washers,2,15450
physis,2,15451
semilateral,2,15452
feeder,2,15453
microchoice,2,15454
dynagraft,2,15455
innovations,2,15456
intrathenar,2,15457
homeostasis,2,15458
comminutions,2,15459
popular,2,15460
revise,2,15461
proceeds,2,15462
eminent,2,15463
handset,2,15464
rearrange,2,15465
prohibited,2,15466
submuscularly,2,15467
unicortical,2,15468
buccogingival,2,15469
irate,2,15470
conforming,2,15471
postdrainage,2,15472
cholecystogram,2,15473
transrectus,2,15474
venodynes,2,15475
cardioesophageal,2,15476
adaptor,2,15477
liberation,2,15478
flaccida,2,15479
gastrophrenic,2,15480
gastrosplenic,2,15481
mesoesophagus,2,15482
retroesophageal,2,15483
ellipsing,2,15484
sheeting,2,15485
erect,2,15486
surgi,2,15487
premarked,2,15488
irretrievably,2,15489
extirpated,2,15490
ablative,2,15491
skeletonize,2,15492
fenoldopam,2,15493
unclamping,2,15494
accesses,2,15495
gluconate,2,15496
webspace,2,15497
savers,2,15498
lymphoepithelial,2,15499
tackle,2,15500
halitosis,2,15501
knight,2,15502
whipstitch,2,15503
retuned,2,15504
errant,2,15505
tono,2,15506
superomedially,2,15507
clefts,2,15508
filtered,2,15509
disimpacted,2,15510
neurosensory,2,15511
perfection,2,15512
bounced,2,15513
upsized,2,15514
rewires,2,15515
reuter,2,15516
fuser,2,15517
sondergaard,2,15518
chordae,2,15519
mumford,2,15520
retrospectively,2,15521
systolics,2,15522
transosseous,2,15523
crevice,2,15524
fisch,2,15525
summoned,2,15526
bronchogenic,2,15527
microsuspension,2,15528
lewy,2,15529
papillomatous,2,15530
reoperative,2,15531
extrafocal,2,15532
extrathyroidal,2,15533
extranodal,2,15534
droopy,2,15535
perifascial,2,15536
rootlets,2,15537
binder,2,15538
microfacial,2,15539
metastasectomy,2,15540
banking,2,15541
ausculatory,2,15542
lighting,2,15543
evicel,2,15544
inspite,2,15545
slits,2,15546
circumdental,2,15547
maxillomandibular,2,15548
mckissock,2,15549
deepithelialization,2,15550
flexan,2,15551
mammosite,2,15552
spherical,2,15553
diener,2,15554
wilmot,2,15555
exceeds,2,15556
microlumbar,2,15557
enormous,2,15558
disturbing,2,15559
extrudes,2,15560
liveborn,2,15561
congenial,2,15562
footling,2,15563
sable,2,15564
kasson,2,15565
maxon,2,15566
afof,2,15567
disgusted,2,15568
varicosity,2,15569
transpire,2,15570
innermost,2,15571
alfred,2,15572
reincorporated,2,15573
nonstress,2,15574
kerr,2,15575
swiped,2,15576
ruddy,2,15577
cocked,2,15578
encircling,2,15579
freehand,2,15580
hysterotomy,2,15581
amniotomy,2,15582
breathed,2,15583
eventrated,2,15584
glover,2,15585
molding,2,15586
mastopexies,2,15587
supernatant,2,15588
tangent,2,15589
equalized,2,15590
klatskin,2,15591
pivot,2,15592
trampoline,2,15593
plicate,2,15594
whip,2,15595
intrachondral,2,15596
puller,2,15597
scaphotrapezial,2,15598
beak,2,15599
trapezoid,2,15600
anchovied,2,15601
scaphotrapezoidal,2,15602
seater,2,15603
mouthguard,2,15604
overshadowing,2,15605
cobblestoned,2,15606
tropical,2,15607
valecula,2,15608
reintubation,2,15609
reid,2,15610
choledocholithotomy,2,15611
choledochoscopy,2,15612
nonvisualization,2,15613
shrunk,2,15614
impressing,2,15615
winslow,2,15616
novafil,2,15617
subfascial,2,15618
dampened,2,15619
cyclically,2,15620
progestational,2,15621
pelviolabdominal,2,15622
transcervically,2,15623
transcervical,2,15624
cutoff,2,15625
clusters,2,15626
charred,2,15627
chars,2,15628
plume,2,15629
subcuticularly,2,15630
preincisionally,2,15631
subumbilically,2,15632
beginnings,2,15633
leathery,2,15634
assuring,2,15635
desufflation,2,15636
zumi,2,15637
ileac,2,15638
mesovarium,2,15639
cryoablation,2,15640
cryoprocedure,2,15641
cancerous,2,15642
semiflank,2,15643
metz,2,15644
anteroaxillary,2,15645
porter,2,15646
precautionary,2,15647
endoseal,2,15648
endoscissors,2,15649
retraced,2,15650
reddick,2,15651
instill,2,15652
cholangiography,2,15653
piggyback,2,15654
trees,2,15655
flowtrons,2,15656
preemptive,2,15657
kittner,2,15658
heading,2,15659
monophasic,2,15660
tossed,2,15661
endoclose,2,15662
bean,2,15663
dumping,2,15664
appendicis,2,15665
intraloop,2,15666
endoloops,2,15667
hyperextended,2,15668
mccullough,2,15669
microforceps,2,15670
convincingly,2,15671
locating,2,15672
vertebroplasties,2,15673
kneecap,2,15674
reconditioning,2,15675
oxford,2,15676
referenced,2,15677
interdigitation,2,15678
jinnah,2,15679
solidified,2,15680
constrain,2,15681
snapping,2,15682
asses,2,15683
extractor,2,15684
flapped,2,15685
pried,2,15686
trim,2,15687
ossicle,2,15688
morbidities,2,15689
osteoporotic,2,15690
alongside,2,15691
osteointroducer,2,15692
fillers,2,15693
filler,2,15694
keller,2,15695
liston,2,15696
inspecting,2,15697
redressed,2,15698
gigli,2,15699
slab,2,15700
advise,2,15701
misty,2,15702
scribed,2,15703
osmotic,2,15704
pairs,2,15705
snuggly,2,15706
kanamycin,2,15707
precoat,2,15708
sideline,2,15709
oscillations,2,15710
pressed,2,15711
constavac,2,15712
unoperated,2,15713
flieringa,2,15714
trephination,2,15715
templets,2,15716
tune,2,15717
croften,2,15718
rich,2,15719
centrifuged,2,15720
genial,2,15721
mentalis,2,15722
retromolar,2,15723
pear,2,15724
fixative,2,15725
nonpulsatile,2,15726
calcanei,2,15727
plastics,2,15728
rongeured,2,15729
bibiotic,2,15730
timeouts,2,15731
nugauze,2,15732
orotracheally,2,15733
transplanted,2,15734
renovascular,2,15735
stripe,2,15736
suprapelvic,2,15737
denudation,2,15738
cephaladly,2,15739
denude,2,15740
jorgensen,2,15741
cefoxitin,2,15742
antihelix,2,15743
extrauterine,2,15744
smead,2,15745
morcellation,2,15746
transpose,2,15747
sensible,2,15748
arterialized,2,15749
forebled,2,15750
backbled,2,15751
operculum,2,15752
meddle,2,15753
absorbables,2,15754
popoffs,2,15755
intracartilage,2,15756
devascularize,2,15757
intercrural,2,15758
angiographies,2,15759
knocked,2,15760
terrano,2,15761
pressuring,2,15762
videotapes,2,15763
proving,2,15764
sparring,2,15765
matching,2,15766
ulcerated,2,15767
excentric,2,15768
canalization,2,15769
scintigraphy,2,15770
ectatic,2,15771
reflow,2,15772
realizing,2,15773
fibrillating,2,15774
hypercontractility,2,15775
overestimates,2,15776
takasubo,2,15777
intercoronary,2,15778
femostop,2,15779
deploying,2,15780
subintimal,2,15781
transducers,2,15782
providence,2,15783
arteriographies,2,15784
zeta,2,15785
intervene,2,15786
transpulmonic,2,15787
afore,2,15788
semimembranosus,2,15789
nailing,2,15790
incudes,2,15791
cine,2,15792
lmca,2,15793
flail,2,15794
columnar,2,15795
remodelling,2,15796
introductions,2,15797
permitting,2,15798
angiocatheter,2,15799
tuesdays,2,15800
bonded,2,15801
bonding,2,15802
viscostat,2,15803
pulpotomies,2,15804
crowned,2,15805
undigested,2,15806
jejunal,2,15807
teapot,2,15808
retriever,2,15809
ingesting,2,15810
isolation,2,15811
subsegement,2,15812
distortions,2,15813
subsegment,2,15814
bronchioalveolar,2,15815
periareolar,2,15816
sevoflurane,2,15817
arytenoids,2,15818
bronchomalacia,2,15819
fibromucosa,2,15820
prebronchoscopy,2,15821
bedsite,2,15822
nonhemorrhagic,2,15823
thyroplasty,2,15824
liposuctioned,2,15825
strainer,2,15826
physiosol,2,15827
thence,2,15828
stasney,2,15829
wholey,2,15830
royal,2,15831
bacteriologic,2,15832
midtrachea,2,15833
enveloping,2,15834
enabled,2,15835
enveloped,2,15836
attaching,2,15837
perforate,2,15838
doughnuts,2,15839
intervenous,2,15840
dynamically,2,15841
peons,2,15842
insufflating,2,15843
ellman,2,15844
pyloroplasty,2,15845
sageman,2,15846
recoverable,2,15847
bolstered,2,15848
debrider,2,15849
olive,2,15850
pipkin,2,15851
regimens,2,15852
dyspeptic,2,15853
postbulbar,2,15854
portoenterostomy,2,15855
cholestatic,2,15856
inducing,2,15857
nasoenteric,2,15858
encephalopathic,2,15859
granules,2,15860
retroflexing,2,15861
photograph,2,15862
pancreaticoduodenectomy,2,15863
boarded,2,15864
postgastrectomy,2,15865
curves,2,15866
fistulas,2,15867
modulon,2,15868
receding,2,15869
repassed,2,15870
enterocolitis,2,15871
malformations,2,15872
snared,2,15873
gastroduodenoscopy,2,15874
meltzer,2,15875
lyon,2,15876
crystals,2,15877
marino,2,15878
clotest,2,15879
unflexed,2,15880
tracheoscopy,2,15881
paraesophageal,2,15882
attainment,2,15883
vecuronium,2,15884
fiberoptically,2,15885
extender,2,15886
osteogenic,2,15887
systolically,2,15888
capnographer,2,15889
outlining,2,15890
prepyloric,2,15891
urease,2,15892
spencer,2,15893
squamocolumnar,2,15894
inhibition,2,15895
compromising,2,15896
mucosally,2,15897
gelfilm,2,15898
salisbury,2,15899
accelerations,2,15900
declarations,2,15901
clammed,2,15902
laps,2,15903
morales,2,15904
greasy,2,15905
reproduction,2,15906
lang,2,15907
wickless,2,15908
obstructional,2,15909
laxatives,2,15910
dotted,2,15911
panhypopituitarism,2,15912
pleated,2,15913
debriding,2,15914
venography,2,15915
imager,2,15916
lounge,2,15917
laterals,2,15918
taller,2,15919
unite,2,15920
upgrade,2,15921
interosseus,2,15922
diverticulectomy,2,15923
metacarpophalangeal,2,15924
auspices,2,15925
spica,2,15926
andrews,2,15927
proxi,2,15928
srom,2,15929
idaho,2,15930
qualify,2,15931
radiolucencies,2,15932
incisal,2,15933
ferric,2,15934
eugenol,2,15935
angelica,2,15936
inquired,2,15937
replaning,2,15938
reformed,2,15939
pendulum,2,15940
primigravida,2,15941
ripe,2,15942
intravaginally,2,15943
hymenal,2,15944
suspicions,2,15945
tucker,2,15946
officially,2,15947
birthing,2,15948
fern,2,15949
stadol,2,15950
vestibula,2,15951
indolent,2,15952
brachioplexus,2,15953
tediously,2,15954
rimmed,2,15955
congealed,2,15956
dislocate,2,15957
antiobiotic,2,15958
fragmented,2,15959
syndesmosis,2,15960
tillaux,2,15961
seriously,2,15962
aligning,2,15963
comminute,2,15964
invaginated,2,15965
exchanging,2,15966
drown,2,15967
crowning,2,15968
ascended,2,15969
firmed,2,15970
morphologically,2,15971
bassinet,2,15972
abruption,2,15973
placentation,2,15974
pastor,2,15975
baptize,2,15976
burial,2,15977
cremation,2,15978
christine,2,15979
bryan,2,15980
chronotropic,2,15981
incompetence,2,15982
generators,2,15983
polychrome,2,15984
appendages,2,15985
unclotted,2,15986
sacrospinous,2,15987
polytrauma,2,15988
terminations,2,15989
adnexae,2,15990
ligations,2,15991
douching,2,15992
spongy,2,15993
douche,2,15994
precontrast,2,15995
prospective,2,15996
duragel,2,15997
bicoronal,2,15998
paired,2,15999
tripod,2,16000
braced,2,16001
staves,2,16002
endonasal,2,16003
expeditiously,2,16004
surgilons,2,16005
roofs,2,16006
chisels,2,16007
staving,2,16008
fastened,2,16009
milligray,2,16010
fills,2,16011
adrenalin,2,16012
okayed,2,16013
acuminata,2,16014
lugol,2,16015
monsel,2,16016
shouting,2,16017
truth,2,16018
parasites,2,16019
liked,2,16020
reculturing,2,16021
antispasmodic,2,16022
coloscopy,2,16023
maneuvered,2,16024
terumo,2,16025
detachable,2,16026
admixture,2,16027
atria,2,16028
filipino,2,16029
cumulative,2,16030
photodocumented,2,16031
canasa,2,16032
explicit,2,16033
assuredly,2,16034
anorectum,2,16035
explainable,2,16036
scoped,2,16037
biteblock,2,16038
reentered,2,16039
lipomata,2,16040
mouthed,2,16041
renewed,2,16042
rusty,2,16043
appendical,2,16044
sever,2,16045
hinder,2,16046
ischiorectal,2,16047
diverticluli,2,16048
totality,2,16049
undrained,2,16050
perverse,2,16051
narrowest,2,16052
milking,2,16053
hyperflexed,2,16054
dehisced,2,16055
vascularization,2,16056
hemiuvulas,2,16057
uvulas,2,16058
delaire,2,16059
blows,2,16060
oromaxillofacial,2,16061
mouthrinse,2,16062
remanipulated,2,16063
predilations,2,16064
lves,2,16065
inferobasal,2,16066
insufficiencies,2,16067
tortuosities,2,16068
sphincterotomy,2,16069
encapsulating,2,16070
silks,2,16071
morrison,2,16072
positivity,2,16073
encasing,2,16074
histopathology,2,16075
liberally,2,16076
activase,2,16077
parkland,2,16078
stumps,2,16079
objectives,2,16080
meniscectomies,2,16081
retropatellar,2,16082
ossified,2,16083
transepicondylar,2,16084
whiteside,2,16085
stylus,2,16086
collinear,2,16087
impactor,2,16088
pathologically,2,16089
refine,2,16090
subsidence,2,16091
conservator,2,16092
ship,2,16093
phalange,2,16094
septectomy,2,16095
cephazolin,2,16096
gowns,2,16097
ocean,2,16098
multilumen,2,16099
rand,2,16100
stein,2,16101
quadrantic,2,16102
epicortex,2,16103
eserine,2,16104
microblade,2,16105
phacoemulsifier,2,16106
phacoemulsify,2,16107
keratotomy,2,16108
cataractous,2,16109
tamponaded,2,16110
constrict,2,16111
cels,2,16112
ragnells,2,16113
pulleys,2,16114
litter,2,16115
abduct,2,16116
sierra,2,16117
intracondylar,2,16118
forensic,2,16119
hypothenar,2,16120
additive,2,16121
dependant,2,16122
contention,2,16123
prime,2,16124
unrecognized,2,16125
innovated,2,16126
thirdly,2,16127
ping,2,16128
pong,2,16129
palmer,2,16130
unduly,2,16131
vessiloops,2,16132
nonkinking,2,16133
unwrap,2,16134
lapsed,2,16135
joule,2,16136
paddles,2,16137
reattempted,2,16138
sternocleidal,2,16139
intima,2,16140
midsegment,2,16141
palately,2,16142
luxated,2,16143
minimization,2,16144
sotalol,2,16145
redilated,2,16146
precatheterization,2,16147
hayes,2,16148
siterite,2,16149
pullbacks,2,16150
isthmal,2,16151
posterobasal,2,16152
antihyperlipidemic,2,16153
funneling,2,16154
divides,2,16155
ivus,2,16156
thermodilution,2,16157
angiographs,2,16158
langston,2,16159
kenneth,2,16160
fang,2,16161
plom,2,16162
circ,2,16163
bisulphate,2,16164
quantum,2,16165
vista,2,16166
brite,2,16167
transaortic,2,16168
exchanger,2,16169
cdrc,2,16170
neptune,2,16171
deciliter,2,16172
moveable,2,16173
hexabrix,2,16174
flatness,2,16175
fuller,2,16176
mentor,2,16177
manger,2,16178
statures,2,16179
roundness,2,16180
bivad,2,16181
multilayer,2,16182
normothermia,2,16183
pectus,2,16184
lessen,2,16185
atriums,2,16186
overtime,2,16187
counterpulsation,2,16188
cryoprecipitates,2,16189
contemplated,2,16190
pumping,2,16191
softened,2,16192
apposed,2,16193
venotomies,2,16194
airing,2,16195
reappose,2,16196
musculofascial,2,16197
mersiline,2,16198
crossclamp,2,16199
crippling,2,16200
flared,2,16201
conglomeration,2,16202
hindering,2,16203
hypertropic,2,16204
congruous,2,16205
clavus,2,16206
oddly,2,16207
inadequately,2,16208
darco,2,16209
backlog,2,16210
tenacious,2,16211
intrabronchially,2,16212
immunocompromised,2,16213
paralytics,2,16214
inspissated,2,16215
wang,2,16216
bronchoplasty,2,16217
painstaking,2,16218
bits,2,16219
donovan,2,16220
dumon,2,16221
carinae,2,16222
sticky,2,16223
mucomyst,2,16224
microbiologic,2,16225
micron,2,16226
reexamining,2,16227
noninfective,2,16228
subcuteneous,2,16229
microperforation,2,16230
scarped,2,16231
erupted,2,16232
simulates,2,16233
eyelashes,2,16234
proparacaine,2,16235
oculoplastic,2,16236
hairs,2,16237
shallower,2,16238
ruler,2,16239
preapeuronotic,2,16240
preaponeurotic,2,16241
antiplatelets,2,16242
radio,2,16243
departments,2,16244
repairs,2,16245
mucotome,2,16246
trichiasis,2,16247
cryoprobe,2,16248
thaw,2,16249
refreeze,2,16250
defibrillate,2,16251
workings,2,16252
intraorbitally,2,16253
advancements,2,16254
transoral,2,16255
choanal,2,16256
parentsagreed,2,16257
puffiness,2,16258
ectropion,2,16259
sheehy,2,16260
tent,2,16261
tails,2,16262
pullout,2,16263
islands,2,16264
boisterous,2,16265
capsulectomies,2,16266
reaugmentation,2,16267
chondrosarcoma,2,16268
premanufactured,2,16269
resubmitted,2,16270
minocycline,2,16271
justification,2,16272
superficialization,2,16273
sealant,2,16274
superficialized,2,16275
campbell,2,16276
monckeberg,2,16277
davita,2,16278
alameda,2,16279
endings,2,16280
feasible,2,16281
rasping,2,16282
smoothing,2,16283
protectively,2,16284
exuded,2,16285
plained,2,16286
plainer,2,16287
crystalling,2,16288
palliated,2,16289
unifocalized,2,16290
mistique,2,16291
angiograph,2,16292
neointimal,2,16293
levophase,2,16294
abductus,2,16295
osteo,2,16296
institutions,2,16297
exsanguinating,2,16298
pristine,2,16299
culturing,2,16300
retearing,2,16301
fortunate,2,16302
subcoracoid,2,16303
overstep,2,16304
bold,2,16305
fibrillated,2,16306
substantiated,2,16307
wissinger,2,16308
ostectomy,2,16309
avail,2,16310
neuritic,2,16311
reoccurrence,2,16312
osteophied,2,16313
swanson,2,16314
scalene,2,16315
nonsubluxable,2,16316
overstuffing,2,16317
distend,2,16318
anteriorizing,2,16319
laminated,2,16320
polaroid,2,16321
caspari,2,16322
footprint,2,16323
closures,2,16324
aiming,2,16325
fray,2,16326
dripped,2,16327
capsulo,2,16328
acromionizer,2,16329
ineffective,2,16330
chirotech,2,16331
schlesinger,2,16332
suppuration,2,16333
whereupon,2,16334
hana,2,16335
arthrographic,2,16336
protrac,2,16337
delamination,2,16338
propagated,2,16339
indeterminable,2,16340
crawford,2,16341
hind,2,16342
steinman,2,16343
moulding,2,16344
devitalization,2,16345
intraabdominally,2,16346
intraluminally,2,16347
repacked,2,16348
chloraseptic,2,16349
circulate,2,16350
thruway,2,16351
midcalf,2,16352
collateralization,2,16353
tibioperoneal,2,16354
vapor,2,16355
hundred,2,16356
slush,2,16357
nonperforated,2,16358
taenia,2,16359
bifurcated,2,16360
clampable,2,16361
notchplasty,2,16362
endobutton,2,16363
slam,2,16364
predilation,2,16365
subtotally,2,16366
excitable,2,16367
tannic,2,16368
reaches,2,16369
angioplastied,2,16370
arthrectomize,2,16371
raby,2,16372
hoped,2,16373
unpacked,2,16374
mere,2,16375
crouched,2,16376
lengthenings,2,16377
frenulectomy,2,16378
desiccate,2,16379
hilo,2,16380
paramedial,2,16381
links,2,16382
arthrex,2,16383
recurrently,2,16384
multiply,2,16385
knotted,2,16386
infradiaphragmatic,2,16387
transdiaphragmatic,2,16388
dismal,2,16389
lymphangiectatic,2,16390
supramesenteric,2,16391
chyle,2,16392
correctable,2,16393
eviscerated,2,16394
tradeoff,2,16395
render,2,16396
universally,2,16397
evisceration,2,16398
excisionally,2,16399
domains,2,16400
skill,2,16401
tucson,2,16402
constraint,2,16403
weston,2,16404
corrects,2,16405
jargon,2,16406
automatics,2,16407
perseverate,2,16408
phrase,2,16409
focussed,2,16410
multimodality,2,16411
strides,2,16412
reconsult,2,16413
generating,2,16414
abdominosacrocolpopexy,2,16415
erogenic,2,16416
unleashed,2,16417
metastasized,2,16418
retelling,2,16419
storytelling,2,16420
maze,2,16421
allotted,2,16422
designs,2,16423
amrs,2,16424
monotonous,2,16425
article,2,16426
hemiabdomen,2,16427
digestive,2,16428
bananas,2,16429
butter,2,16430
preferential,2,16431
refraining,2,16432
error,2,16433
finishes,2,16434
lessac,2,16435
madsen,2,16436
jacket,2,16437
wasps,2,16438
levall,2,16439
expectorant,2,16440
breastfeeding,2,16441
involuting,2,16442
hemorrhoid,2,16443
proctofoam,2,16444
micronor,2,16445
anticipates,2,16446
palmetto,2,16447
addicted,2,16448
crowd,2,16449
users,2,16450
enthusiasm,2,16451
trading,2,16452
affordable,2,16453
keyboard,2,16454
cock,2,16455
vocational,2,16456
kick,2,16457
horrible,2,16458
assures,2,16459
supraglottitis,2,16460
lease,2,16461
panels,2,16462
unnecessary,2,16463
antitrypsin,2,16464
offices,2,16465
starve,2,16466
rubra,2,16467
phlebotomies,2,16468
ropinirole,2,16469
contra,2,16470
reunion,2,16471
volunteer,2,16472
phlebotomy,2,16473
interferon,2,16474
phospate,2,16475
strapping,2,16476
lymphoproliferative,2,16477
ptld,2,16478
hematopathology,2,16479
daunorubicin,2,16480
cancels,2,16481
poisoning,2,16482
beginners,2,16483
bayer,2,16484
intermaxillary,2,16485
nonfenestrated,2,16486
halcion,2,16487
noncuffed,2,16488
decannulate,2,16489
climara,2,16490
neckline,2,16491
lymphangitis,2,16492
duricef,2,16493
sparingly,2,16494
fishing,2,16495
blackman,2,16496
fluorescein,2,16497
viscosupplementation,2,16498
dyscrasia,2,16499
levsinex,2,16500
neurolytic,2,16501
fails,2,16502
digitek,2,16503
allogeneic,2,16504
gvhd,2,16505
allotransplant,2,16506
chimerisms,2,16507
bacod,2,16508
dicyclomine,2,16509
minister,2,16510
soriatane,2,16511
estep,2,16512
alarmed,2,16513
cancelling,2,16514
facilities,2,16515
mapleridge,2,16516
authenticating,2,16517
taco,2,16518
dermatological,2,16519
kerlone,2,16520
citrucel,2,16521
douloureux,2,16522
abdominopelvic,2,16523
triviflor,2,16524
synalar,2,16525
phenobarbitone,2,16526
mills,2,16527
polyneuropathy,2,16528
pinches,2,16529
hutchison,2,16530
housekeeper,2,16531
directive,2,16532
thinly,2,16533
coincidence,2,16534
flint,2,16535
bextra,2,16536
clears,2,16537
noontime,2,16538
lunchtime,2,16539
amanda,2,16540
christian,2,16541
connie,2,16542
unprovoked,2,16543
paroxetine,2,16544
equagesic,2,16545
dilatrate,2,16546
pterygium,2,16547
zostrix,2,16548
trilisate,2,16549
westergren,2,16550
readmit,2,16551
chek,2,16552
tarka,2,16553
bodyaches,2,16554
bind,2,16555
petitioned,2,16556
luck,2,16557
misplaced,2,16558
draws,2,16559
swells,2,16560
dispatcher,2,16561
ferguson,2,16562
roszhart,2,16563
grasps,2,16564
hamburger,2,16565
kaopectate,2,16566
preventative,2,16567
enlargements,2,16568
neuromusculoskeletal,2,16569
uptoeing,2,16570
retake,2,16571
hemodilutional,2,16572
baylis,2,16573
cheng,2,16574
adjusts,2,16575
flaky,2,16576
cancelled,2,16577
skipping,2,16578
glossitis,2,16579
sniffles,2,16580
itches,2,16581
lacey,2,16582
rhytids,2,16583
nonoperatively,2,16584
yellowed,2,16585
sunburns,2,16586
hyperlipidemic,2,16587
symlin,2,16588
oxaprozin,2,16589
leucocytosis,2,16590
uremic,2,16591
websites,2,16592
residency,2,16593
collaboratively,2,16594
reparative,2,16595
burdensome,2,16596
unscheduled,2,16597
cystectomies,2,16598
subdermally,2,16599
nephrosis,2,16600
sweet,2,16601
hydroxy,2,16602
insensate,2,16603
crackers,2,16604
mucosus,2,16605
upgraded,2,16606
batteries,2,16607
warranty,2,16608
medicare,2,16609
cervicalgia,2,16610
maculae,2,16611
gastroenterologic,2,16612
investigative,2,16613
cardiovascularly,2,16614
faslodex,2,16615
aromasin,2,16616
ctsu,2,16617
randomized,2,16618
ixabepilone,2,16619
avastin,2,16620
mucinex,2,16621
keyboarding,2,16622
obsession,2,16623
cleanness,2,16624
lessening,2,16625
japanese,2,16626
hello,2,16627
luvox,2,16628
nottingham,2,16629
antiestrogen,2,16630
rechallenge,2,16631
lopid,2,16632
deviate,2,16633
informs,2,16634
tahoe,2,16635
sgot,2,16636
sgpt,2,16637
hyperdefecation,2,16638
photofacials,2,16639
benzoyl,2,16640
antivirals,2,16641
interictal,2,16642
implications,2,16643
pulmonale,2,16644
highlights,2,16645
plms,2,16646
refreshing,2,16647
compumedics,2,16648
polysomnograph,2,16649
agcl,2,16650
thermistor,2,16651
piezoelectric,2,16652
electrocardiography,2,16653
polysomnography,2,16654
thermistors,2,16655
bpms,2,16656
referential,2,16657
omitted,2,16658
petit,2,16659
impedances,2,16660
attenuates,2,16661
flares,2,16662
bald,2,16663
macules,2,16664
periungual,2,16665
protopic,2,16666
evolves,2,16667
blown,2,16668
henoch,2,16669
schonlein,2,16670
hypermobile,2,16671
placentral,2,16672
yolk,2,16673
technologist,2,16674
biometric,2,16675
parametric,2,16676
posterofundal,2,16677
phlegmonous,2,16678
negativity,2,16679
oximetric,2,16680
reader,2,16681
rvsp,2,16682
vertebrals,2,16683
numbed,2,16684
benzocaine,2,16685
bileaflet,2,16686
equation,2,16687
sloping,2,16688
millicuries,2,16689
thallous,2,16690
depolarizing,2,16691
stared,2,16692
twitched,2,16693
librium,2,16694
copying,2,16695
figures,2,16696
malrotation,2,16697
repolorization,2,16698
excludes,2,16699
sonograms,2,16700
sulfur,2,16701
colloid,2,16702
shielding,2,16703
triphosphate,2,16704
vicinity,2,16705
wraparound,2,16706
transmural,2,16707
carpals,2,16708
fibrocartilage,2,16709
variance,2,16710
intercarpal,2,16711
labra,2,16712
paralabral,2,16713
myotendinous,2,16714
osteoarthropathy,2,16715
interarticular,2,16716
osteochondromatous,2,16717
diastasis,2,16718
asymmetrically,2,16719
helicopter,2,16720
subfalcine,2,16721
paraparesis,2,16722
tectum,2,16723
subjacent,2,16724
segond,2,16725
diaphyseal,2,16726
retinacula,2,16727
proportionate,2,16728
balled,2,16729
meniscocapsular,2,16730
lenticulostriate,2,16731
mastoids,2,16732
radiocapitellum,2,16733
lentiform,2,16734
catecholamines,2,16735
metanephrine,2,16736
retroareolar,2,16737
isocyamine,2,16738
champion,2,16739
automotive,2,16740
clasping,2,16741
unclasping,2,16742
inremarkable,2,16743
dysautonomia,2,16744
micrographia,2,16745
myerson,2,16746
hypomimia,2,16747
drager,2,16748
liberalize,2,16749
boomerang,2,16750
novum,2,16751
herbicide,2,16752
candelabra,2,16753
corresponded,2,16754
vasculitic,2,16755
tagamet,2,16756
transcortical,2,16757
precentral,2,16758
contrary,2,16759
responders,2,16760
unreactive,2,16761
decerebrate,2,16762
acrylic,2,16763
disconjugate,2,16764
gibberish,2,16765
putaminal,2,16766
simplest,2,16767
conversational,2,16768
abadeedleedlebadle,2,16769
uttered,2,16770
marred,2,16771
reed,2,16772
myxomatous,2,16773
greyed,2,16774
bioccipital,2,16775
malar,2,16776
grinder,2,16777
viper,2,16778
fractionation,2,16779
myeloperoxidase,2,16780
outs,2,16781
ticlopidine,2,16782
hemispherical,2,16783
velum,2,16784
interpositum,2,16785
hypointensity,2,16786
thalami,2,16787
amorphus,2,16788
dolichoectasia,2,16789
periatrial,2,16790
intrasellar,2,16791
initailly,2,16792
hisotry,2,16793
thougth,2,16794
stading,2,16795
prints,2,16796
dysphagic,2,16797
syllable,2,16798
comprehended,2,16799
mmicking,2,16800
cronic,2,16801
componenets,2,16802
sigvaris,2,16803
cbgd,2,16804
complaingin,2,16805
anisocoria,2,16806
decardron,2,16807
stavudine,2,16808
rifabutin,2,16809
pyoloric,2,16810
recured,2,16811
penil,2,16812
surround,2,16813
inhomogenously,2,16814
pyrimethamine,2,16815
sulfadiazine,2,16816
blinked,2,16817
winced,2,16818
neuroophthalmologic,2,16819
effortful,2,16820
neuropsychology,2,16821
fluently,2,16822
lucidly,2,16823
gyral,2,16824
cyclosporin,2,16825
qweek,2,16826
lichen,2,16827
waddling,2,16828
demyelination,2,16829
oligodendroglia,2,16830
basophilic,2,16831
astrocytes,2,16832
hybridization,2,16833
pittsburgh,2,16834
ultrastructural,2,16835
pinworms,2,16836
vermox,2,16837
biologic,2,16838
wisc,2,16839
individuals,2,16840
carboxyhemoglobin,2,16841
illogical,2,16842
goldmann,2,16843
sphenoidale,2,16844
superomedial,2,16845
siphon,2,16846
rhinotomy,2,16847
intrasinus,2,16848
anosmia,2,16849
newpaper,2,16850
cooperatively,2,16851
grad,2,16852
meninges,2,16853
prepontine,2,16854
inflammed,2,16855
magendie,2,16856
india,2,16857
consistantly,2,16858
toxoplasma,2,16859
crytococcus,2,16860
neoformans,2,16861
amphotericin,2,16862
magnified,2,16863
isotope,2,16864
pathways,2,16865
isoproterenol,2,16866
troubling,2,16867
refractoriness,2,16868
hepatocellular,2,16869
radioembolization,2,16870
yttrium,2,16871
therasphere,2,16872
microspheres,2,16873
cataclysmic,2,16874
sneeze,2,16875
alupent,2,16876
intorsion,2,16877
dolichoectatic,2,16878
aneursym,2,16879
neuroopthalmologic,2,16880
bowing,2,16881
rathke,2,16882
neuroopthalmology,2,16883
downgaze,2,16884
apoplexy,2,16885
isocenter,2,16886
electronically,2,16887
choletec,2,16888
cholecystic,2,16889
appropriateness,2,16890
delineates,2,16891
proprietary,2,16892
composition,2,16893
hyperfractionation,2,16894
intensively,2,16895
dwell,2,16896
loader,2,16897
geiger,2,16898
coarsening,2,16899
overslept,2,16900
folstein,2,16901
recite,2,16902
visuoperceptual,2,16903
novoste,2,16904
strontium,2,16905
dichorionic,2,16906
delivers,2,16907
prospects,2,16908
cerclage,2,16909
tocolytic,2,16910
overbreathing,2,16911
waveforms,2,16912
placebo,2,16913
asynchronous,2,16914
uttering,2,16915
pseudonormalization,2,16916
montages,2,16917
electromyographic,2,16918
naturally,2,16919
maximized,2,16920
upsloping,2,16921
transcatheter,2,16922
transcend,2,16923
biplane,2,16924
trained,2,16925
fontanels,2,16926
institutionalized,2,16927
demonstrable,2,16928
increment,2,16929
herniorrhaphies,2,16930
stoke,2,16931
moines,2,16932
incorrectly,2,16933
spelled,2,16934
dlow,2,16935
neglects,2,16936
dysdiadochokinesis,2,16937
dyssynergic,2,16938
amoxacillin,2,16939
schillings,2,16940
dure,2,16941
qmonth,2,16942
ascribed,2,16943
arches,2,16944
abuts,2,16945
specificity,2,16946
paraglottic,2,16947
prelaryngeal,2,16948
rosenmuller,2,16949
subdurals,2,16950
hygroma,2,16951
upstream,2,16952
assaulted,2,16953
fisted,2,16954
cholecystemomy,2,16955
invoke,2,16956
raca,2,16957
heubner,2,16958
drag,2,16959
frontotemporoparieto,2,16960
coalescent,2,16961
perimesencephalic,2,16962
parietotemporal,2,16963
anticonvulsant,2,16964
orhm,2,16965
cellufresh,2,16966
trans,2,16967
claustrum,2,16968
waned,2,16969
lbbb,2,16970
mowers,2,16971
engine,2,16972
latent,2,16973
guggenheim,2,16974
vergae,2,16975
realms,2,16976
arrhythmatic,2,16977
dysfluent,2,16978
pharmacologically,2,16979
selverstone,2,16980
nimodipine,2,16981
homosexuality,2,16982
nafcillin,2,16983
rifampin,2,16984
janeway,2,16985
judes,2,16986
chronologic,2,16987
thicknesses,2,16988
noncoronary,2,16989
multiphase,2,16990
rendering,2,16991
defining,2,16992
ancillary,2,16993
unreadable,2,16994
readable,2,16995
coplanar,2,16996
beams,2,16997
approximates,2,16998
isodate,2,16999
cerrobend,2,17000
custom,2,17001
fabricated,2,17002
unenhanced,2,17003
intracath,2,17004
mdct,2,17005
chaser,2,17006
sino,2,17007
dominance,2,17008
postprocessing,2,17009
narrowings,2,17010
codominance,2,17011
groshong,2,17012
obscurations,2,17013
clinoid,2,17014
quinidine,2,17015
briquet,2,17016
hysterical,2,17017
snhl,2,17018
unclippable,2,17019
echography,2,17020
orbitopathy,2,17021
pseudogaze,2,17022
viokase,2,17023
probenecid,2,17024
emphysematous,2,17025
modulating,2,17026
cheyenne,2,17027
wyoming,2,17028
cigar,2,17029
subhyaloid,2,17030
orhf,2,17031
unequal,2,17032
hyperopia,2,17033
deviates,2,17034
opthalmology,2,17035
horner,2,17036
invention,2,17037
chemoradiotherapy,2,17038
cytotoxic,2,17039
potentiate,2,17040
accordance,2,17041
lvbb,2,17042
aminophylline,2,17043
vasoseal,2,17044
electrographic,2,17045
poststress,2,17046
yawned,2,17047
blend,2,17048
signals,2,17049
dyslexia,2,17050
ependymoma,2,17051
neurocytoma,2,17052
rcca,2,17053
glial,2,17054
ffdm,2,17055
summed,2,17056
lateromedial,2,17057
hypervascular,2,17058
properties,2,17059
postprocedural,2,17060
mosm,2,17061
cortrosyn,2,17062
tursica,2,17063
clinoids,2,17064
opacify,2,17065
parish,2,17066
faux,2,17067
mishaps,2,17068
constructive,2,17069
primitive,2,17070
performances,2,17071
pile,2,17072
letters,2,17073
curtain,2,17074
concurrently,2,17075
grating,2,17076
perseverated,2,17077
muscatine,2,17078
pastoral,2,17079
erupts,2,17080
incubator,2,17081
peculiar,2,17082
parasagittal,2,17083
sioux,2,17084
antiepileptic,2,17085
mysoline,2,17086
averaged,2,17087
muga,2,17088
dysmetric,2,17089
bradykinetic,2,17090
whistle,2,17091
embolizations,2,17092
reconsidered,2,17093
neurointerventional,2,17094
barrows,2,17095
phoenix,2,17096
forgotten,2,17097
quandranopia,2,17098
uncus,2,17099
substitution,2,17100
gfap,2,17101
dimensionally,2,17102
optimizes,2,17103
expended,2,17104
conceived,2,17105
virtual,2,17106
abcde,2,17107
stringent,2,17108
movies,2,17109
dolorous,2,17110
massey,2,17111
licensed,2,17112
moodiness,2,17113
perceptive,2,17114
tampa,2,17115
adventure,2,17116
cesarian,2,17117
tampo,2,17118
elder,2,17119
assignments,2,17120
dissolution,2,17121
affair,2,17122
debt,2,17123
career,2,17124
understandably,2,17125
dishonest,2,17126
deceitful,2,17127
impatience,2,17128
cyclical,2,17129
truckdriver,2,17130
bulimia,2,17131
naval,2,17132
facilitating,2,17133
raped,2,17134
religiously,2,17135
pierce,2,17136
rebecca,2,17137
agencies,2,17138
behaved,2,17139
vapors,2,17140
incarcerations,2,17141
offenses,2,17142
shoplifting,2,17143
hints,2,17144
retains,2,17145
crap,2,17146
dissociative,2,17147
transgressions,2,17148
spiritual,2,17149
dollar,2,17150
register,2,17151
proverb,2,17152
abstraction,2,17153
binges,2,17154
willful,2,17155
convicted,2,17156
frustrations,2,17157
expecting,2,17158
couples,2,17159
recitation,2,17160
hastened,2,17161
diminishes,2,17162
complying,2,17163
stewardess,2,17164
pilots,2,17165
reject,2,17166
deplaned,2,17167
cogentin,2,17168
dots,2,17169
nonredirectable,2,17170
woodlands,2,17171
joking,2,17172
interviewers,2,17173
strife,2,17174
jeffrey,2,17175
cellphones,2,17176
tantrums,2,17177
retail,2,17178
yeas,2,17179
minimizes,2,17180
harmed,2,17181
shocked,2,17182
wrongly,2,17183
shoplift,2,17184
barricading,2,17185
unplugging,2,17186
impulsively,2,17187
overdraft,2,17188
threats,2,17189
coinciding,2,17190
dislike,2,17191
belief,2,17192
dosed,2,17193
madison,2,17194
collaborate,2,17195
permission,2,17196
quetiapine,2,17197
titrating,2,17198
samoan,2,17199
kent,2,17200
leaping,2,17201
highway,2,17202
antimicrobial,2,17203
cities,2,17204
catatonic,2,17205
jacinto,2,17206
resumes,2,17207
offended,2,17208
transderm,2,17209
metastron,2,17210
jersey,2,17211
master,2,17212
trucking,2,17213
obsessions,2,17214
perceptional,2,17215
eloped,2,17216
restrains,2,17217
negates,2,17218
paster,2,17219
defers,2,17220
phosphorous,2,17221
siadh,2,17222
modafinil,2,17223
novocain,2,17224
league,2,17225
strained,2,17226
displaying,2,17227
fluctuates,2,17228
acknowledging,2,17229
heated,2,17230
lessens,2,17231
ismo,2,17232
administrative,2,17233
inflexion,2,17234
sporadically,2,17235
breakdowns,2,17236
arrhythmically,2,17237
illogic,2,17238
sensorial,2,17239
billing,2,17240
analyst,2,17241
threaten,2,17242
coincide,2,17243
postponing,2,17244
adoption,2,17245
reply,2,17246
symbolization,2,17247
abstractions,2,17248
gesture,2,17249
sprees,2,17250
indiscretions,2,17251
enormously,2,17252
imagine,2,17253
disputes,2,17254
abandonment,2,17255
disciplined,2,17256
spankings,2,17257
spank,2,17258
spoon,2,17259
experimented,2,17260
assaults,2,17261
rage,2,17262
narcissistic,2,17263
reclusive,2,17264
unliked,2,17265
unpopular,2,17266
secrets,2,17267
patterned,2,17268
confrontative,2,17269
policy,2,17270
wrest,2,17271
nondelusional,2,17272
poses,2,17273
subthreshold,2,17274
punctuated,2,17275
dialectical,2,17276
lectern,2,17277
tasering,2,17278
cravings,2,17279
vodka,2,17280
antabuse,2,17281
geologist,2,17282
petrogas,2,17283
mothers,2,17284
inflection,2,17285
hazardous,2,17286
abstinence,2,17287
campral,2,17288
threatened,2,17289
mhps,2,17290
contrite,2,17291
unkempt,2,17292
contrition,2,17293
overused,2,17294
withdrawing,2,17295
uropathy,2,17296
trembling,2,17297
misinterprets,2,17298
upsets,2,17299
unwanted,2,17300
cares,2,17301
sends,2,17302
calms,2,17303
carmen,2,17304
resentment,2,17305
allegedly,2,17306
accusation,2,17307
chaos,2,17308
shoving,2,17309
weeknights,2,17310
crafts,2,17311
painting,2,17312
beadwork,2,17313
terminology,2,17314
stocks,2,17315
shelves,2,17316
clubs,2,17317
cvrc,2,17318
calming,2,17319
incomprehensible,2,17320
scratching,2,17321
withdrawals,2,17322
postconcussive,2,17323
bender,2,17324
gang,2,17325
carpeting,2,17326
removes,2,17327
knock,2,17328
injures,2,17329
whereabouts,2,17330
compete,2,17331
privacy,2,17332
boys,2,17333
unsupervised,2,17334
bullying,2,17335
liking,2,17336
traditionally,2,17337
neat,2,17338
drafting,2,17339
errands,2,17340
garbage,2,17341
disposal,2,17342
balcony,2,17343
kill,2,17344
affidavit,2,17345
papers,2,17346
invincible,2,17347
prescriber,2,17348
evasive,2,17349
behaves,2,17350
unsafely,2,17351
occurrences,2,17352
wreck,2,17353
lodge,2,17354
traits,2,17355
authorities,2,17356
microbes,2,17357
temper,2,17358
argues,2,17359
defies,2,17360
deliberately,2,17361
annoys,2,17362
resentful,2,17363
misbehaviors,2,17364
unhappy,2,17365
soils,2,17366
cleans,2,17367
legos,2,17368
encopretic,2,17369
beautician,2,17370
arkansas,2,17371
palos,2,17372
defends,2,17373
alike,2,17374
stubborn,2,17375
lets,2,17376
punish,2,17377
ignore,2,17378
jealousy,2,17379
jealous,2,17380
intrusive,2,17381
roosevelt,2,17382
kingsburg,2,17383
unified,2,17384
district,2,17385
disruptive,2,17386
checklist,2,17387
overflow,2,17388
penlac,2,17389
outdoor,2,17390
outdoors,2,17391
electrician,2,17392
bloodied,2,17393
intertrigo,2,17394
maxipime,2,17395
teammates,2,17396
practicing,2,17397
rozerem,2,17398
drugstores,2,17399
absorb,2,17400
bleach,2,17401
epicritic,2,17402
invertors,2,17403
evertors,2,17404
aquacel,2,17405
housework,2,17406
recreation,2,17407
postdischarge,2,17408
footdrop,2,17409
negotiation,2,17410
dormant,2,17411
paraprofessional,2,17412
negotiate,2,17413
naproxen,2,17414
reps,2,17415
mopping,2,17416
dysfunctions,2,17417
imagery,2,17418
easing,2,17419
qualifying,2,17420
handgun,2,17421
workday,2,17422
slump,2,17423
homes,2,17424
retraining,2,17425
lipil,2,17426
dtap,2,17427
transitioning,2,17428
pediarix,2,17429
curdled,2,17430
projectile,2,17431
postdate,2,17432
excel,2,17433
bentley,2,17434
poisons,2,17435
hiccuping,2,17436
hoing,2,17437
aubrey,2,17438
shivanka,2,17439
silva,2,17440
massaging,2,17441
comforted,2,17442
scribbles,2,17443
pincer,2,17444
stoops,2,17445
varivax,2,17446
grasses,2,17447
sniffling,2,17448
competence,2,17449
koolaid,2,17450
burton,2,17451
acellular,2,17452
belts,2,17453
bowie,2,17454
freshman,2,17455
weeds,2,17456
intal,2,17457
kebner,2,17458
honey,2,17459
panty,2,17460
blanch,2,17461
harboring,2,17462
emulate,2,17463
reads,2,17464
crum,2,17465
cefzil,2,17466
immunotherapy,2,17467
maize,2,17468
abruptio,2,17469
juan,2,17470
delano,2,17471
solo,2,17472
broaden,2,17473
households,2,17474
prudent,2,17475
sucking,2,17476
demand,2,17477
immaturity,2,17478
glycerin,2,17479
gaseous,2,17480
fortified,2,17481
fingersticks,2,17482
echograms,2,17483
immature,2,17484
challenge,2,17485
informant,2,17486
chickens,2,17487
elimination,2,17488
consolable,2,17489
hypertelorism,2,17490
arched,2,17491
mottling,2,17492
cephalhematoma,2,17493
occipitoparietal,2,17494
abreast,2,17495
incompatibility,2,17496
galactosemia,2,17497
dizzier,2,17498
meditech,2,17499
teenagers,2,17500
unmarried,2,17501
inconsolability,2,17502
cutis,2,17503
marmorata,2,17504
vasodilatation,2,17505
microglia,2,17506
micrognathia,2,17507
tanzania,2,17508
aquaphor,2,17509
corrales,2,17510
eardrops,2,17511
injectate,2,17512
connects,2,17513
antero,2,17514
overlies,2,17515
apprehension,2,17516
tenth,2,17517
interligamentous,2,17518
avinza,2,17519
pitching,2,17520
relaxant,2,17521
soluspan,2,17522
elasticized,2,17523
disappear,2,17524
fibrocollagenous,2,17525
decalcification,2,17526
eventual,2,17527
stade,2,17528
epogen,2,17529
trental,2,17530
terasozin,2,17531
acupuncture,2,17532
tens,2,17533
kadian,2,17534
displays,2,17535
emaciated,2,17536
deconditioned,2,17537
reproduce,2,17538
desmopressin,2,17539
inquiry,2,17540
hypaque,2,17541
ester,2,17542
flax,2,17543
primrose,2,17544
quercetin,2,17545
policosanol,2,17546
coenzyme,2,17547
zinging,2,17548
rode,2,17549
obligated,2,17550
nowhere,2,17551
garamycin,2,17552
grader,2,17553
risser,2,17554
corset,2,17555
polymyalgia,2,17556
rheumatica,2,17557
evokes,2,17558
giveaway,2,17559
enthusiastically,2,17560
remarked,2,17561
diprosone,2,17562
accompany,2,17563
rehabbed,2,17564
chewed,2,17565
golfs,2,17566
woodworks,2,17567
assignment,2,17568
sprinklers,2,17569
stun,2,17570
whiplash,2,17571
bremerton,2,17572
osteopathic,2,17573
cervically,2,17574
neurosurgically,2,17575
gehrig,2,17576
honorable,2,17577
clearcut,2,17578
concludes,2,17579
closes,2,17580
visibly,2,17581
disregarded,2,17582
rotates,2,17583
tubercles,2,17584
award,2,17585
heartland,2,17586
cascade,2,17587
musical,2,17588
convalescence,2,17589
unhelmeted,2,17590
meters,2,17591
iredell,2,17592
paleness,2,17593
eradicated,2,17594
denervated,2,17595
pinching,2,17596
portholes,2,17597
ballottement,2,17598
mcmurray,2,17599
grind,2,17600
flector,2,17601
orthotic,2,17602
biomechanical,2,17603
abducto,2,17604
feasibility,2,17605
softball,2,17606
arthrograms,2,17607
midday,2,17608
intravertebral,2,17609
teratoma,2,17610
finance,2,17611
shakes,2,17612
softly,2,17613
halls,2,17614
relaxer,2,17615
workmen,2,17616
erector,2,17617
spinae,2,17618
lumborum,2,17619
assign,2,17620
verifiable,2,17621
morphogenic,2,17622
loving,2,17623
foresee,2,17624
syphilis,2,17625
stagnant,2,17626
discern,2,17627
synechia,2,17628
nongranulomatous,2,17629
cyclomydril,2,17630
handheld,2,17631
magnifier,2,17632
refractive,2,17633
loaned,2,17634
halos,2,17635
meshwork,2,17636
gonio,2,17637
appositional,2,17638
synechial,2,17639
iridectomies,2,17640
applanations,2,17641
conj,2,17642
fuchs,2,17643
tonometry,2,17644
keratometry,2,17645
stroma,2,17646
endothelium,2,17647
fresnel,2,17648
pityrosporum,2,17649
goldberg,2,17650
presbyopia,2,17651
commence,2,17652
preservision,2,17653
capulets,2,17654
braithwaite,2,17655
eltroxin,2,17656
overtly,2,17657
pseudophakia,2,17658
sphere,2,17659
myopia,2,17660
sunlight,2,17661
ultraviolet,2,17662
osteodystrophy,2,17663
disequilibrium,2,17664
corpsman,2,17665
superglue,2,17666
acidic,2,17667
tomato,2,17668
sauce,2,17669
opens,2,17670
chew,2,17671
crunchy,2,17672
potato,2,17673
walgreens,2,17674
polyspike,2,17675
demeanor,2,17676
adeno,2,17677
cornealis,2,17678
endocrinologists,2,17679
radioiodine,2,17680
propylthiouracil,2,17681
exophthalmus,2,17682
huffman,2,17683
departing,2,17684
rosacea,2,17685
addict,2,17686
parkway,2,17687
expectoration,2,17688
midchest,2,17689
clayton,2,17690
mortensen,2,17691
horseback,2,17692
cytobrush,2,17693
clitoral,2,17694
ascus,2,17695
colposcopic,2,17696
aceto,2,17697
spgr,2,17698
endomyometritis,2,17699
cervicitis,2,17700
endocervicitis,2,17701
rain,2,17702
conceive,2,17703
dander,2,17704
parametria,2,17705
natalcare,2,17706
nuvaring,2,17707
gardasil,2,17708
scrapbooking,2,17709
ovral,2,17710
taut,2,17711
roughened,2,17712
trichomonas,2,17713
gonorrhea,2,17714
gardnerella,2,17715
bleeds,2,17716
luteal,2,17717
posttransfusion,2,17718
randolph,2,17719
hepatologist,2,17720
copper,2,17721
entailed,2,17722
ashen,2,17723
arisen,2,17724
cogwheeling,2,17725
hydergine,2,17726
dysphasic,2,17727
snout,2,17728
forcefully,2,17729
understandable,2,17730
motocross,2,17731
manages,2,17732
farms,2,17733
sprained,2,17734
nonataxic,2,17735
altering,2,17736
reveres,2,17737
reintroduction,2,17738
imprudent,2,17739
cleveland,2,17740
cytomel,2,17741
irreversible,2,17742
reconsider,2,17743
entail,2,17744
reprogram,2,17745
setup,2,17746
falx,2,17747
subtype,2,17748
confuse,2,17749
grips,2,17750
lepto,2,17751
hyperviscosity,2,17752
ordering,2,17753
blamed,2,17754
cigars,2,17755
cavus,2,17756
extracranial,2,17757
disproportionately,2,17758
sensorimotor,2,17759
sjogren,2,17760
toxins,2,17761
chemotherapeutic,2,17762
grouping,2,17763
amyloid,2,17764
gammopathy,2,17765
infective,2,17766
phenotype,2,17767
immunoelectrophoresis,2,17768
citizens,2,17769
fdis,2,17770
unelicitable,2,17771
dysfunctioning,2,17772
sleepier,2,17773
interacts,2,17774
feisty,2,17775
limon,2,17776
refers,2,17777
kaweah,2,17778
sucks,2,17779
eagerly,2,17780
intercurrent,2,17781
explanations,2,17782
companied,2,17783
vaguely,2,17784
shuffle,2,17785
shuffles,2,17786
scuffs,2,17787
curbs,2,17788
opportunities,2,17789
shakier,2,17790
coaching,2,17791
reminders,2,17792
repairman,2,17793
noninvasively,2,17794
tallest,2,17795
perseveration,2,17796
guessing,2,17797
radiata,2,17798
hippocampal,2,17799
vermian,2,17800
recollecting,2,17801
chronology,2,17802
perceives,2,17803
hyperckemia,2,17804
honeymoon,2,17805
deformans,2,17806
chcc,2,17807
clobazam,2,17808
oligohidrosis,2,17809
summertime,2,17810
kiss,2,17811
lateralized,2,17812
maximizing,2,17813
depacon,2,17814
noncircumductive,2,17815
slapping,2,17816
devoted,2,17817
shamed,2,17818
hiding,2,17819
northern,2,17820
buttoning,2,17821
lays,2,17822
entocort,2,17823
pentasa,2,17824
mold,2,17825
paraprotein,2,17826
aldolase,2,17827
nonneurologic,2,17828
myelopathic,2,17829
worthwhile,2,17830
pineal,2,17831
generalizing,2,17832
photopsias,2,17833
chorioretinal,2,17834
foveal,2,17835
flicker,2,17836
infero,2,17837
hertel,2,17838
impacting,2,17839
methemoglobin,2,17840
cerebroangiogram,2,17841
pyrexia,2,17842
civil,2,17843
imposed,2,17844
implementing,2,17845
intoeing,2,17846
exotropia,2,17847
forego,2,17848
awkwardly,2,17849
weakest,2,17850
karyotyping,2,17851
calculating,2,17852
birthdate,2,17853
interviewer,2,17854
follutein,2,17855
judgement,2,17856
antineuronal,2,17857
limbic,2,17858
unheard,2,17859
slumped,2,17860
bretylium,2,17861
electrically,2,17862
defibrillated,2,17863
intraortic,2,17864
gorin,2,17865
initail,2,17866
slntg,2,17867
anoxic,2,17868
lieu,2,17869
difibrillator,2,17870
editorial,2,17871
dejerine,2,17872
roussy,2,17873
genu,2,17874
splenium,2,17875
dysgenesis,2,17876
purposeful,2,17877
vigabatrin,2,17878
subsided,2,17879
manifesting,2,17880
microcephalic,2,17881
microcephaly,2,17882
emergence,2,17883
classify,2,17884
captured,2,17885
conveyer,2,17886
mortgage,2,17887
anhedonic,2,17888
fidgety,2,17889
dopaminergic,2,17890
antipsychotic,2,17891
hypometric,2,17892
wrinkling,2,17893
trinucleotide,2,17894
amidst,2,17895
groaned,2,17896
vfftt,2,17897
cerebelli,2,17898
verbalizing,2,17899
headachese,2,17900
parafon,2,17901
aodm,2,17902
interanl,2,17903
xanthomatous,2,17904
auras,2,17905
bifronto,2,17906
daylight,2,17907
veering,2,17908
myelin,2,17909
neuroophthalmology,2,17910
wegener,2,17911
granulomatosis,2,17912
controls,2,17913
belted,2,17914
sharper,2,17915
remporal,2,17916
nightsweats,2,17917
giddy,2,17918
crytococcal,2,17919
synthesis,2,17920
demylination,2,17921
purkinje,2,17922
histoplasmin,2,17923
demential,2,17924
defensiveness,2,17925
unwillingness,2,17926
faults,2,17927
aica,2,17928
intially,2,17929
thismight,2,17930
peduncles,2,17931
clonality,2,17932
leukocytic,2,17933
aidp,2,17934
capacities,2,17935
resuming,2,17936
illegible,2,17937
staircase,2,17938
salsalate,2,17939
ginsana,2,17940
ginseng,2,17941
rcea,2,17942
participant,2,17943
nascet,2,17944
irrr,2,17945
hcts,2,17946
scaffold,2,17947
verbalization,2,17948
oculovestibular,2,17949
withdraws,2,17950
misplacement,2,17951
mesencephalic,2,17952
xrays,2,17953
contused,2,17954
vegetative,2,17955
amplify,2,17956
wince,2,17957
cogent,2,17958
vestibuloocular,2,17959
barany,2,17960
positionally,2,17961
exaggeration,2,17962
compounded,2,17963
caldwell,2,17964
salesperson,2,17965
excoriation,2,17966
lactic,2,17967
murder,2,17968
flower,2,17969
veer,2,17970
vacuolization,2,17971
cryptogenic,2,17972
generalization,2,17973
smile,2,17974
friedman,2,17975
crowding,2,17976
abdominoplasty,2,17977
moyamoya,2,17978
takayasu,2,17979
fioricet,2,17980
apathetic,2,17981
vote,2,17982
presidential,2,17983
carbidopa,2,17984
levodopa,2,17985
tamsulosin,2,17986
stutters,2,17987
stammers,2,17988
mimic,2,17989
mimicking,2,17990
leans,2,17991
getup,2,17992
perisylvian,2,17993
balances,2,17994
checkbook,2,17995
taxes,2,17996
forget,2,17997
birthdays,2,17998
corroborate,2,17999
rigidities,2,18000
enders,2,18001
companion,2,18002
munich,2,18003
america,2,18004
bilingual,2,18005
fumbles,2,18006
tactfully,2,18007
stigma,2,18008
explicitly,2,18009
twitch,2,18010
suppress,2,18011
grimacing,2,18012
daydreaming,2,18013
reliably,2,18014
circadian,2,18015
contractor,2,18016
urodynamic,2,18017
stilts,2,18018
avonex,2,18019
lobster,2,18020
dawson,2,18021
spines,2,18022
complexities,2,18023
hears,2,18024
rebuilt,2,18025
golfer,2,18026
descends,2,18027
hypotonia,2,18028
nagging,2,18029
actoplus,2,18030
androgel,2,18031
dolgic,2,18032
lovely,2,18033
danish,2,18034
broadened,2,18035
pasture,2,18036
touches,2,18037
festinate,2,18038
vilheim,2,18039
caltrate,2,18040
flown,2,18041
oliguric,2,18042
acknowledge,2,18043
myoglobinuria,2,18044
wherein,2,18045
baldness,2,18046
suppleness,2,18047
hypovolemia,2,18048
consequence,2,18049
whelmed,2,18050
nonoliguric,2,18051
vasopressive,2,18052
euvolemia,2,18053
cranberry,2,18054
powerade,2,18055
glomerulonephropathy,2,18056
managers,2,18057
urea,2,18058
nonalcoholic,2,18059
hepatorenal,2,18060
flabby,2,18061
pretransplant,2,18062
pseudomyxoma,2,18063
peritonei,2,18064
removals,2,18065
florid,2,18066
invanz,2,18067
dipped,2,18068
harsh,2,18069
whack,2,18070
repleted,2,18071
piedmont,2,18072
welchol,2,18073
bossier,2,18074
sundowner,2,18075
thanked,2,18076
fantastic,2,18077
hydruria,2,18078
clogging,2,18079
sketchy,2,18080
renocaps,2,18081
nonfunctional,2,18082
dialyze,2,18083
kaletra,2,18084
epivir,2,18085
ziagen,2,18086
bonders,2,18087
expands,2,18088
bland,2,18089
canaled,2,18090
combine,2,18091
fees,2,18092
costs,2,18093
straumann,2,18094
abutments,2,18095
analogue,2,18096
capsure,2,18097
tendencies,2,18098
tibiales,2,18099
supervising,2,18100
testings,2,18101
apolipoprotein,2,18102
lipoprotein,2,18103
diastase,2,18104
convincing,2,18105
intracytoplasmic,2,18106
mucin,2,18107
neuroendocrine,2,18108
synaptophysin,2,18109
chromogranin,2,18110
cytoplasmic,2,18111
melan,2,18112
transcription,2,18113
sectioning,2,18114
abut,2,18115
perineural,2,18116
anthracotically,2,18117
vaccinations,2,18118
smashing,2,18119
diphtheria,2,18120
nests,2,18121
immunoperoxidase,2,18122
chiefly,2,18123
exacerbates,2,18124
girdle,2,18125
pinhole,2,18126
pallets,2,18127
acdf,2,18128
lumbarization,2,18129
dynesys,2,18130
elect,2,18131
myox,2,18132
disassembler,2,18133
hurst,2,18134
limousines,2,18135
processor,2,18136
catwalk,2,18137
sight,2,18138
tank,2,18139
popped,2,18140
bethesda,2,18141
pertain,2,18142
sustains,2,18143
verifies,2,18144
bumpers,2,18145
healthworks,2,18146
clawing,2,18147
causalgia,2,18148
irritate,2,18149
aggravates,2,18150
reactivate,2,18151
opine,2,18152
biofreeze,2,18153
dynamometry,2,18154
bragard,2,18155
cephalalgia,2,18156
declare,2,18157
depot,2,18158
credit,2,18159
knocking,2,18160
goofing,2,18161
kicked,2,18162
accidentally,2,18163
contemplates,2,18164
comparable,2,18165
stoop,2,18166
industrially,2,18167
apportionable,2,18168
disallowed,2,18169
infantryman,2,18170
ruby,2,18171
derive,2,18172
directives,2,18173
declining,2,18174
somatic,2,18175
nociceptive,2,18176
candidal,2,18177
kaposi,2,18178
antiviral,2,18179
battling,2,18180
antiquing,2,18181
veno,2,18182
shakiness,2,18183
basophils,2,18184
imagining,2,18185
gliosis,2,18186
treatable,2,18187
palliation,2,18188
onco,2,18189
positron,2,18190
emission,2,18191
uncommon,2,18192
trilineage,2,18193
hematopoiesis,2,18194
transferrin,2,18195
menstruating,2,18196
vagal,2,18197
felbatol,2,18198
noticeably,2,18199
gliomas,2,18200
timeframe,2,18201
lockheed,2,18202
thrombotic,2,18203
haloperidol,2,18204
clarified,2,18205
proctocolectomy,2,18206
flushes,2,18207
loperamide,2,18208
caspofungin,2,18209
ertapenem,2,18210
doubtful,2,18211
absorption,2,18212
myelopoiesis,2,18213
transpleural,2,18214
rnca,2,18215
mediastinoscopy,2,18216
tomball,2,18217
asbestosis,2,18218
neoadjuvant,2,18219
brochures,2,18220
hospitalists,2,18221
oligodendroglioma,2,18222
jeopardize,2,18223
abbott,2,18224
northwestern,2,18225
annoying,2,18226
tussionex,2,18227
pennkinetic,2,18228
soch,2,18229
newport,2,18230
overseas,2,18231
tempe,2,18232
grounds,2,18233
racemic,2,18234
chill,2,18235
cuba,2,18236
quiescent,2,18237
stored,2,18238
lidex,2,18239
revocation,2,18240
methamphetamines,2,18241
derm,2,18242
hidradenitis,2,18243
suppurativa,2,18244
bartow,2,18245
postsurgery,2,18246
hyperemesis,2,18247
gravidarum,2,18248
passengers,2,18249
chilled,2,18250
vectors,2,18251
crests,2,18252
prevertibral,2,18253
abnormities,2,18254
windup,2,18255
surgilube,2,18256
histamines,2,18257
mainstay,2,18258
effecting,2,18259
comatose,2,18260
paralyzation,2,18261
lifesaving,2,18262
sulfas,2,18263
oxazepam,2,18264
fayetteville,2,18265
radiologies,2,18266
burdened,2,18267
prognosticate,2,18268
retrieve,2,18269
heroically,2,18270
safest,2,18271
diastolics,2,18272
brevibloc,2,18273
alkalosis,2,18274
vampire,2,18275
cbcs,2,18276
survive,2,18277
updates,2,18278
expertise,2,18279
simplicity,2,18280
sake,2,18281
rewarmed,2,18282
sanchez,2,18283
planners,2,18284
supratherapeutic,2,18285
shipyards,2,18286
succumbed,2,18287
nonconversant,2,18288
tiki,2,18289
kerosene,2,18290
paraffin,2,18291
citronella,2,18292
asplenic,2,18293
mdis,2,18294
ovcon,2,18295
norflex,2,18296
undertaking,2,18297
endoscopies,2,18298
elaborately,2,18299
bilirubins,2,18300
heptavax,2,18301
communicable,2,18302
extendable,2,18303
imipenem,2,18304
meropenem,2,18305
crises,2,18306
exceptions,2,18307
nonenlarged,2,18308
embark,2,18309
microalbuminuria,2,18310
labyrinthitis,2,18311
darvon,2,18312
thorazine,2,18313
myoglobulin,2,18314
marginally,2,18315
psychosomatic,2,18316
neurosis,2,18317
aptt,2,18318
pollens,2,18319
mirtazapine,2,18320
bolen,2,18321
spiking,2,18322
agglutinins,2,18323
goats,2,18324
cattle,2,18325
tractor,2,18326
shivering,2,18327
suspecting,2,18328
bacterium,2,18329
brucellosis,2,18330
anaheim,2,18331
bargaining,2,18332
painter,2,18333
enteropathy,2,18334
avon,2,18335
integuments,2,18336
cuban,2,18337
dolobid,2,18338
azulfidine,2,18339
conjuctival,2,18340
palette,2,18341
musculoskelatal,2,18342
stovepipe,2,18343
parimalleolar,2,18344
adema,2,18345
calcitriol,2,18346
paradox,2,18347
percodan,2,18348
shadyside,2,18349
levemir,2,18350
ivcv,2,18351
exceedingly,2,18352
determinations,2,18353
multinucleated,2,18354
bacilli,2,18355
microfoci,2,18356
mitis,2,18357
vegas,2,18358
vaccinated,2,18359
crescendo,2,18360
decrescendo,2,18361
hysterectomies,2,18362
cylert,2,18363
incase,2,18364
replies,2,18365
nonsensically,2,18366
feared,2,18367
terrors,2,18368
quantify,2,18369
brazil,2,18370
lusb,2,18371
acneiform,2,18372
mathematics,2,18373
risperidone,2,18374
bili,2,18375
beclomethasone,2,18376
montelukast,2,18377
addison,2,18378
lucent,2,18379
cisterns,2,18380
proteinaceous,2,18381
marine,2,18382
artillery,2,18383
bilobar,2,18384
peripancreatic,2,18385
veterans,2,18386
hvamc,2,18387
angiomata,2,18388
noncaseating,2,18389
migratory,2,18390
mcps,2,18391
pips,2,18392
bronchovascular,2,18393
predominance,2,18394
tubules,2,18395
immunofluorescence,2,18396
kappa,2,18397
lambda,2,18398
mesangial,2,18399
interpositioning,2,18400
substrate,2,18401
pauci,2,18402
crescentic,2,18403
tonsillectomies,2,18404
biaxin,2,18405
efficiently,2,18406
picky,2,18407
seldom,2,18408
picks,2,18409
edentulous,2,18410
ziac,2,18411
harmony,2,18412
declines,2,18413
ayrgel,2,18414
tucks,2,18415
bothered,2,18416
hudyncia,2,18417
fibercon,2,18418
annulose,2,18419
phlebotomist,2,18420
pricked,2,18421
troubled,2,18422
squeakiness,2,18423
oklahoma,2,18424
pseudomembranous,2,18425
multicentric,2,18426
heterosexual,2,18427
prostitutes,2,18428
japan,2,18429
plumber,2,18430
methocarbamol,2,18431
hila,2,18432
peanuts,2,18433
metolazone,2,18434
captopril,2,18435
torsemide,2,18436
canula,2,18437
uris,2,18438
impetigo,2,18439
constipates,2,18440
respite,2,18441
grandma,2,18442
conway,2,18443
springs,2,18444
norwich,2,18445
deadlines,2,18446
hesitation,2,18447
lichenification,2,18448
swallowed,2,18449
discitis,2,18450
ogen,2,18451
mycins,2,18452
cousins,2,18453
convulsions,2,18454
doughiness,2,18455
tweezers,2,18456
horse,2,18457
brittle,2,18458
dress,2,18459
overeating,2,18460
minocin,2,18461
dysthymic,2,18462
kumar,2,18463
tympanitic,2,18464
contemplating,2,18465
taxi,2,18466
stumbled,2,18467
banana,2,18468
cable,2,18469
belonged,2,18470
attacked,2,18471
stepchildren,2,18472
fluoroquinolone,2,18473
mess,2,18474
endocrinopathies,2,18475
pretibially,2,18476
pedally,2,18477
corrections,2,18478
xenaderm,2,18479
ardmore,2,18480
translocation,2,18481
dipsticks,2,18482
seldomly,2,18483
hallways,2,18484
meningococcal,2,18485
demonstrative,2,18486
peripelvic,2,18487
restituted,2,18488
dermatomyositis,2,18489
urticarial,2,18490
coccidioides,2,18491
immunopathology,2,18492
nucleoli,2,18493
hypercapnic,2,18494
optimized,2,18495
bronchodilation,2,18496
respules,2,18497
risen,2,18498
susceptibilities,2,18499
bacteroides,2,18500
susceptibility,2,18501
carriers,2,18502
zoonotic,2,18503
lethal,2,18504
coercion,2,18505
realization,2,18506
dihydroergotamine,2,18507
acuities,2,18508
trended,2,18509
systane,2,18510
acathexia,2,18511
electrocardiograms,2,18512
bradycardias,2,18513
lotemax,2,18514
triazolam,2,18515
starch,2,18516
brighton,2,18517
circling,2,18518
succeeding,2,18519
unbound,2,18520
tussive,2,18521
garberville,2,18522
autistic,2,18523
peroxidase,2,18524
hyperglycemic,2,18525
mucoparietal,2,18526
activator,2,18527
farber,2,18528
item,2,18529
enemas,2,18530
detox,2,18531
onboard,2,18532
extraoculars,2,18533
detoxing,2,18534
blame,2,18535
maxed,2,18536
regiment,2,18537
norepinephrine,2,18538
globular,2,18539
pericecal,2,18540
peritenonitis,2,18541
cholangitis,2,18542
cryoglobulinemia,2,18543
backbone,2,18544
bells,2,18545
questionably,2,18546
restroom,2,18547
intonation,2,18548
sulfide,2,18549
species,2,18550
granulated,2,18551
truncated,2,18552
moose,2,18553
costosternal,2,18554
mowing,2,18555
mssa,2,18556
mower,2,18557
pennsylvania,2,18558
nonresolving,2,18559
percussible,2,18560
dermatosis,2,18561
jogs,2,18562
microaneurysms,2,18563
lycopene,2,18564
foils,2,18565
chorioretinitis,2,18566
bill,2,18567
laparotomies,2,18568
pension,2,18569
lomotil,2,18570
defecating,2,18571
uninfected,2,18572
disclosing,2,18573
erythrocyte,2,18574
proctocolitis,2,18575
neisseria,2,18576
crucial,2,18577
nonjudgmental,2,18578
labels,2,18579
integral,2,18580
heterosexuality,2,18581
attractions,2,18582
misses,2,18583
trachomatis,2,18584
pseudocyst,2,18585
cost,2,18586
reinstituted,2,18587
stabbed,2,18588
premenopausal,2,18589
transcriptionist,2,18590
discretely,2,18591
surg,2,18592
elasticity,2,18593
grapes,2,18594
oranges,2,18595
spicy,2,18596
nascobal,2,18597
approx,2,18598
emphatically,2,18599
eugene,2,18600
oregon,2,18601
irish,2,18602
greek,2,18603
antiendomysial,2,18604
trop,2,18605
hesitant,2,18606
pepto,2,18607
bismol,2,18608
sour,2,18609
waxing,2,18610
waning,2,18611
multilobular,2,18612
eggplant,2,18613
parmigiana,2,18614
nitropaste,2,18615
isentress,2,18616
norvir,2,18617
prezista,2,18618
pressor,2,18619
restrain,2,18620
pneumomediastinum,2,18621
aztreonam,2,18622
brenner,2,18623
football,2,18624
greensboro,2,18625
onions,2,18626
housewife,2,18627
antrectomy,2,18628
scarlet,2,18629
alternations,2,18630
pyrosis,2,18631
schatzki,2,18632
remotely,2,18633
infrared,2,18634
embarrassment,2,18635
colonography,2,18636
repre,2,18637
pcos,2,18638
paraventral,2,18639
extravasated,2,18640
alfa,2,18641
celecoxib,2,18642
resided,2,18643
desaturate,2,18644
nonrebreadier,2,18645
chocking,2,18646
pocketing,2,18647
viscosity,2,18648
unthickened,2,18649
train,2,18650
booked,2,18651
ridges,2,18652
mucofen,2,18653
eardrums,2,18654
sniffing,2,18655
listening,2,18656
hyponasal,2,18657
pronunciation,2,18658
aqua,2,18659
microlaryngoscopy,2,18660
kantor,2,18661
telescopes,2,18662
vaporize,2,18663
blowing,2,18664
stings,2,18665
tympanograms,2,18666
nonulcerated,2,18667
heroic,2,18668
congestions,2,18669
monospot,2,18670
sophomore,2,18671
covington,2,18672
eacs,2,18673
mono,2,18674
insist,2,18675
braces,2,18676
otorrhea,2,18677
receptionist,2,18678
audiologist,2,18679
audiologic,2,18680
counsel,2,18681
audio,2,18682
muskegon,2,18683
ludington,2,18684
reception,2,18685
trismus,2,18686
carpenter,2,18687
chews,2,18688
intrabuccal,2,18689
hypogeusia,2,18690
hashimoto,2,18691
thyroiditis,2,18692
biochemically,2,18693
shall,2,18694
blacked,2,18695
hypotensions,2,18696
thunder,2,18697
microfractures,2,18698
oversensing,2,18699
sensor,2,18700
pinks,2,18701
pustule,2,18702
dangerous,2,18703
midsternal,2,18704
laughing,2,18705
haggard,2,18706
tripoding,2,18707
mounting,2,18708
cupped,2,18709
impractical,2,18710
nebulated,2,18711
tridil,2,18712
verbalizes,2,18713
weeklong,2,18714
liquified,2,18715
respirator,2,18716
sedating,2,18717
blockade,2,18718
imperially,2,18719
hematologically,2,18720
vaporizer,2,18721
bird,2,18722
boarder,2,18723
attendings,2,18724
herniae,2,18725
hypercapnia,2,18726
suprahilar,2,18727
shaun,2,18728
eagan,2,18729
eureka,2,18730
bottomed,2,18731
consultants,2,18732
wheezings,2,18733
preadmission,2,18734
humibid,2,18735
extremis,2,18736
grunting,2,18737
coarseness,2,18738
fireplaces,2,18739
barbecues,2,18740
decides,2,18741
bathes,2,18742
winces,2,18743
psychology,2,18744
netherlands,2,18745
characterizes,2,18746
proliferation,2,18747
aggregations,2,18748
emerging,2,18749
europe,2,18750
endomysial,2,18751
gliadin,2,18752
aortocaval,2,18753
aggregation,2,18754
lymphadenopathies,2,18755
arthralgia,2,18756
necessitates,2,18757
repleting,2,18758
recurs,2,18759
behcet,2,18760
mycosis,2,18761
coccidioidomycosis,2,18762
oily,2,18763
cosmetics,2,18764
shampoo,2,18765
dandruff,2,18766
scratch,2,18767
alesse,2,18768
reproductive,2,18769
measles,2,18770
eccrine,2,18771
apocrine,2,18772
hyperidrosis,2,18773
chromidrosis,2,18774
bromhidrosis,2,18775
papule,2,18776
circulator,2,18777
tanned,2,18778
accentuate,2,18779
ramipril,2,18780
expanders,2,18781
breasted,2,18782
confine,2,18783
merits,2,18784
esophagogastric,2,18785
atretic,2,18786
uncapping,2,18787
hypercarbic,2,18788
lotrisone,2,18789
impress,2,18790
tracheostoma,2,18791
mammograms,2,18792
scratches,2,18793
farming,2,18794
birds,2,18795
grove,2,18796
caduet,2,18797
casa,2,18798
grande,2,18799
diameters,2,18800
disables,2,18801
renders,2,18802
incapable,2,18803
possesses,2,18804
italian,2,18805
lemon,2,18806
retailer,2,18807
underway,2,18808
proair,2,18809
janumet,2,18810
rend,2,18811
filgrastim,2,18812
nonstop,2,18813
blinded,2,18814
bnps,2,18815
hydromorphone,2,18816
doxazosin,2,18817
acidophilus,2,18818
pasadena,2,18819
multilobar,2,18820
epithelioid,2,18821
calretinin,2,18822
triumph,2,18823
delaying,2,18824
lympyhadenopathy,2,18825
estraderm,2,18826
midposition,2,18827
meets,2,18828
reoperations,2,18829
nearing,2,18830
retrievable,2,18831
obtundation,2,18832
losartan,2,18833
recuperating,2,18834
shutdown,2,18835
companies,2,18836
oldest,2,18837
chlordiazepoxide,2,18838
clidinium,2,18839
subjects,2,18840
ethnicity,2,18841
snacking,2,18842
milkmaid,2,18843
premix,2,18844
clubbed,2,18845
propelling,2,18846
caster,2,18847
charming,2,18848
darkness,2,18849
modestly,2,18850
sodas,2,18851
coffees,2,18852
charted,2,18853
preexcitation,2,18854
recorder,2,18855
feebly,2,18856
advent,2,18857
diurese,2,18858
ivcd,2,18859
paradoxical,2,18860
vitiligo,2,18861
hepatojugular,2,18862
genito,2,18863
tympanometry,2,18864
humming,2,18865
roaring,2,18866
dynacirc,2,18867
neuronitis,2,18868
veramyst,2,18869
clavulanic,2,18870
raloxifene,2,18871
alendronate,2,18872
brimonidine,2,18873
barber,2,18874
canada,2,18875
friction,2,18876
coccygectomy,2,18877
resuspension,2,18878
armour,2,18879
chloral,2,18880
engulfed,2,18881
greenfield,2,18882
smokeless,2,18883
corridor,2,18884
nonprogression,2,18885
plethora,2,18886
holden,2,18887
lansoprazole,2,18888
piperacillin,2,18889
tazobactam,2,18890
envision,2,18891
scenario,2,18892
parcel,2,18893
notion,2,18894
nondihydropyridine,2,18895
subsiding,2,18896
peaking,2,18897
panicking,2,18898
polypectomies,2,18899
weakly,2,18900
nutrisystem,2,18901
jenny,2,18902
tops,2,18903
cabbage,2,18904
simmons,2,18905
sustainable,2,18906
acids,2,18907
dietitian,2,18908
rehabilitated,2,18909
gravel,2,18910
colestid,2,18911
sudafed,2,18912
phenylpropanolamine,2,18913
adjudicate,2,18914
stratification,2,18915
thromboprophylaxis,2,18916
holt,2,18917
cafeteria,2,18918
grass,2,18919
anaphylactic,2,18920
dialyvite,2,18921
allergen,2,18922
offending,2,18923
feeble,2,18924
fares,2,18925
evoke,2,18926
airflows,2,18927
triplet,2,18928
residence,2,18929
mortem,2,18930
endothelial,2,18931
clad,2,18932
hazel,2,18933
inconspicuous,2,18934
serosa,2,18935
hemolymphatic,2,18936
defense,2,18937
sleeved,2,18938
bloodstained,2,18939
wavy,2,18940
diagonally,2,18941
nonpatterned,2,18942
digested,2,18943
semisolid,2,18944
antigens,2,18945
hemophilus,2,18946
pneumoniae,2,18947
neiserria,2,18948
striae,2,18949
leiomyoma,2,18950
neuropathology,2,18951
intraalveolar,2,18952
sleeveless,2,18953
turtleneck,2,18954
sweatpants,2,18955
hoop,2,18956
earrings,2,18957
hypochlorite,2,18958
strangulation,2,18959
prepubescent,2,18960
finely,2,18961
safer,1,18962
slippage,1,18963
fairfield,1,18964
bariatrics,1,18965
vincent,1,18966
surgisis,1,18967
seropurulent,1,18968
cleaner,1,18969
vesseloops,1,18970
comedo,1,18971
grazed,1,18972
chattanooga,1,18973
obstetrically,1,18974
episioproctotomy,1,18975
drew,1,18976
vortex,1,18977
commencement,1,18978
locationing,1,18979
aspirant,1,18980
colonized,1,18981
dcis,1,18982
resembled,1,18983
inuring,1,18984
paralyze,1,18985
jackknife,1,18986
mangled,1,18987
hexedine,1,18988
unroofing,1,18989
undo,1,18990
tedious,1,18991
floated,1,18992
unfold,1,18993
deinsufflation,1,18994
birthmark,1,18995
faded,1,18996
regressed,1,18997
sharpest,1,18998
toxoid,1,18999
tincture,1,19000
redraining,1,19001
wakeup,1,19002
propane,1,19003
softer,1,19004
silvadene,1,19005
thermometer,1,19006
crept,1,19007
jehovah,1,19008
adamantly,1,19009
granted,1,19010
comprised,1,19011
deck,1,19012
fasciotomies,1,19013
encircle,1,19014
minnesota,1,19015
unveiled,1,19016
scuffing,1,19017
transformed,1,19018
consequential,1,19019
retroperitoneally,1,19020
vinci,1,19021
docking,1,19022
davinci,1,19023
dedocked,1,19024
semester,1,19025
asthenic,1,19026
lockout,1,19027
ivabx,1,19028
nsvt,1,19029
tach,1,19030
influen,1,19031
atient,1,19032
tirals,1,19033
listless,1,19034
unambitious,1,19035
theragran,1,19036
oyster,1,19037
trimethoprim,1,19038
pamoate,1,19039
soluble,1,19040
relaxers,1,19041
approving,1,19042
polysomnographic,1,19043
predispose,1,19044
allergens,1,19045
wakens,1,19046
melatonin,1,19047
oxymetazoline,1,19048
epworth,1,19049
electromyogram,1,19050
electrooculogram,1,19051
epochs,1,19052
ectopics,1,19053
postarousal,1,19054
obscure,1,19055
diagnose,1,19056
whirlpool,1,19057
baths,1,19058
heating,1,19059
dmards,1,19060
compounds,1,19061
antimalarials,1,19062
limber,1,19063
workout,1,19064
locoregional,1,19065
multisequence,1,19066
provision,1,19067
mesenchymal,1,19068
phases,1,19069
intraarterial,1,19070
multidetector,1,19071
helicoaxial,1,19072
algorithms,1,19073
propanolol,1,19074
appt,1,19075
attire,1,19076
whites,1,19077
retarded,1,19078
federal,1,19079
fought,1,19080
sherriff,1,19081
doorknob,1,19082
swelled,1,19083
baxter,1,19084
cooked,1,19085
mopped,1,19086
laundry,1,19087
prays,1,19088
suitability,1,19089
dart,1,19090
sids,1,19091
bankruptcy,1,19092
flatten,1,19093
emotions,1,19094
formally,1,19095
attitudes,1,19096
starks,1,19097
conners,1,19098
unequivocally,1,19099
interpretable,1,19100
welsh,1,19101
changeableness,1,19102
violating,1,19103
norms,1,19104
conflicts,1,19105
indulgence,1,19106
gratification,1,19107
moody,1,19108
extraverted,1,19109
insecure,1,19110
supplementary,1,19111
refuse,1,19112
explode,1,19113
doom,1,19114
crunch,1,19115
stupid,1,19116
stephanie,1,19117
stepsister,1,19118
runaway,1,19119
journals,1,19120
altercations,1,19121
wither,1,19122
residential,1,19123
witnessing,1,19124
allegation,1,19125
rape,1,19126
cubicle,1,19127
organization,1,19128
figidity,1,19129
tensed,1,19130
noonday,1,19131
distractible,1,19132
aggression,1,19133
misbehavior,1,19134
deported,1,19135
aaaa,1,19136
gifted,1,19137
creative,1,19138
emphatic,1,19139
stealing,1,19140
loves,1,19141
dislikes,1,19142
centers,1,19143
trash,1,19144
talents,1,19145
gifts,1,19146
george,1,19147
beaten,1,19148
spice,1,19149
aftershave,1,19150
perpetrators,1,19151
hypervigilant,1,19152
grandiosity,1,19153
choke,1,19154
broccoli,1,19155
worthless,1,19156
emptiness,1,19157
mutilated,1,19158
workups,1,19159
elmendorf,1,19160
drowned,1,19161
netardation,1,19162
tourette,1,19163
emotionally,1,19164
husbands,1,19165
quilt,1,19166
waitress,1,19167
traumas,1,19168
panicky,1,19169
interviews,1,19170
depersonalization,1,19171
derealization,1,19172
cents,1,19173
nickels,1,19174
hypomania,1,19175
somatization,1,19176
psychotherapeutic,1,19177
gestalt,1,19178
beck,1,19179
organicity,1,19180
expectancies,1,19181
eligibility,1,19182
offering,1,19183
censorship,1,19184
tempered,1,19185
stanfield,1,19186
atlanta,1,19187
electroconvulsive,1,19188
resent,1,19189
nagged,1,19190
seethe,1,19191
library,1,19192
love,1,19193
animation,1,19194
minded,1,19195
fled,1,19196
pedophilia,1,19197
edgy,1,19198
phobic,1,19199
affectively,1,19200
wallet,1,19201
conceptual,1,19202
premorbid,1,19203
agoraphobia,1,19204
relies,1,19205
embolectomy,1,19206
trichophyton,1,19207
thrives,1,19208
walkways,1,19209
scrapings,1,19210
pharmacist,1,19211
thongs,1,19212
diligent,1,19213
stretches,1,19214
bangs,1,19215
imitates,1,19216
vocalizations,1,19217
pulls,1,19218
cube,1,19219
mama,1,19220
neuroforamin,1,19221
radiculogram,1,19222
neuralgia,1,19223
depomedrol,1,19224
ketorolac,1,19225
sarapin,1,19226
zung,1,19227
ralph,1,19228
menard,1,19229
nonpainful,1,19230
replication,1,19231
abolish,1,19232
lesioning,1,19233
caudocranial,1,19234
scottie,1,19235
pauciarticular,1,19236
aristospan,1,19237
paralyzing,1,19238
epidurals,1,19239
epicenter,1,19240
kneeling,1,19241
promontory,1,19242
racz,1,19243
transforaminally,1,19244
fluroscopy,1,19245
escort,1,19246
reproduced,1,19247
asepsis,1,19248
hypodermic,1,19249
stray,1,19250
unrestricted,1,19251
transference,1,19252
simplified,1,19253
expedite,1,19254
oversedating,1,19255
racked,1,19256
semispinalis,1,19257
capillaries,1,19258
reapply,1,19259
seeps,1,19260
suffice,1,19261
deprivation,1,19262
theses,1,19263
rewrap,1,19264
hyperhidrosis,1,19265
lunotriquetral,1,19266
midcarpal,1,19267
druj,1,19268
malarone,1,19269
malarial,1,19270
rerupture,1,19271
tide,1,19272
viruses,1,19273
pillowcases,1,19274
transparency,1,19275
fogged,1,19276
steam,1,19277
eyeglasses,1,19278
coating,1,19279
million,1,19280
toxemia,1,19281
hydatiform,1,19282
mimics,1,19283
twitches,1,19284
nutritious,1,19285
eliminating,1,19286
rugation,1,19287
cowley,1,19288
xyzal,1,19289
inhibited,1,19290
retrolisthesis,1,19291
vail,1,19292
gathering,1,19293
unbeknownst,1,19294
assassin,1,19295
luggage,1,19296
alarm,1,19297
searched,1,19298
unusually,1,19299
brushed,1,19300
chuckle,1,19301
florist,1,19302
arranging,1,19303
cash,1,19304
sharing,1,19305
penmanship,1,19306
halting,1,19307
quadrantanopsia,1,19308
bordering,1,19309
extinguishing,1,19310
circumambulate,1,19311
spongiform,1,19312
creutzfeldt,1,19313
jakob,1,19314
heidenhaim,1,19315
cingulate,1,19316
hypothalamus,1,19317
insula,1,19318
amygdala,1,19319
entorhinal,1,19320
parahippocampal,1,19321
hydrolytic,1,19322
autoclaving,1,19323
protease,1,19324
hypesthesia,1,19325
arnold,1,19326
invagination,1,19327
pontomedullary,1,19328
descension,1,19329
transpalatal,1,19330
gengraf,1,19331
dexfol,1,19332
southeast,1,19333
asia,1,19334
decoy,1,19335
sulphate,1,19336
triglide,1,19337
farsightedness,1,19338
sediment,1,19339
artifactual,1,19340
detecting,1,19341
secreted,1,19342
immensely,1,19343
logic,1,19344
camilla,1,19345
supermarkets,1,19346
proud,1,19347
religious,1,19348
colleagues,1,19349
unmeasured,1,19350
goodbye,1,19351
heroics,1,19352
inspra,1,19353
identities,1,19354
dozen,1,19355
wondered,1,19356
persuade,1,19357
terminality,1,19358
hypnotic,1,19359
rescues,1,19360
olanzapine,1,19361
religion,1,19362
mmtp,1,19363
intertriginous,1,19364
pregabalin,1,19365
clotrimazole,1,19366
youngest,1,19367
nondiabetic,1,19368
conspicuous,1,19369
mone,1,19370
carpet,1,19371
expressible,1,19372
spiculation,1,19373
prevascular,1,19374
inhomogenous,1,19375
parity,1,19376
rugous,1,19377
lindsay,1,19378
hairy,1,19379
valganciclovir,1,19380
pronounce,1,19381
eardum,1,19382
prolapses,1,19383
tonal,1,19384
contagious,1,19385
transmittable,1,19386
altitude,1,19387
zithromycin,1,19388
equalize,1,19389
reaccumulate,1,19390
seals,1,19391
accumulate,1,19392
outgrow,1,19393
comprises,1,19394
ejected,1,19395
hematocrits,1,19396
collectively,1,19397
intracerebrally,1,19398
postdialytic,1,19399
nephrocaps,1,19400
fosrenol,1,19401
revascularizations,1,19402
accelerate,1,19403
symbicort,1,19404
clorazepate,1,19405
dipotassium,1,19406
nitrostat,1,19407
saltation,1,19408
proteus,1,19409
mirabilis,1,19410
pansensitive,1,19411
aloe,1,19412
vesta,1,19413
bradycardiac,1,19414
postobstructive,1,19415
contemplation,1,19416
deteriorating,1,19417
bronchospasms,1,19418
bronchospams,1,19419
eruptions,1,19420
females,1,19421
pinhead,1,19422
whiteheads,1,19423
pustules,1,19424
backs,1,19425
uncleanliness,1,19426
masturbation,1,19427
cortisones,1,19428
discover,1,19429
unscented,1,19430
washcloth,1,19431
astringent,1,19432
rinses,1,19433
moisturizers,1,19434
studying,1,19435
sunbathe,1,19436
dermabrasion,1,19437
tretinoin,1,19438
isotretinoin,1,19439
powerful,1,19440
cautions,1,19441
gastroplasty,1,19442
devascularization,1,19443
esbl,1,19444
extraluminal,1,19445
monroeville,1,19446
ltac,1,19447
stout,1,19448
rocky,1,19449
cite,1,19450
formatted,1,19451
atkins,1,19452
veggie,1,19453
poland,1,19454
starchy,1,19455
skinny,1,19456
commended,1,19457
quickie,1,19458
revolution,1,19459
transports,1,19460
oversized,1,19461
sideboard,1,19462
succeeded,1,19463
indoors,1,19464
loosed,1,19465
unsupported,1,19466
invacare,1,19467
crossfire,1,19468
emotion,1,19469
terrain,1,19470
inserts,1,19471
flats,1,19472
prohibit,1,19473
adjustable,1,19474
caregivers,1,19475
cracks,1,19476
propulsion,1,19477
guards,1,19478
tipper,1,19479
tipping,1,19480
star,1,19481
vendor,1,19482
parking,1,19483
pothole,1,19484
carriage,1,19485
maigne,1,19486
viewpoint,1,19487
tuffier,1,19488
vasodepressor,1,19489
postbronchodilator,1,19490
dlco,1,19491
abovementioned,1,19492
extrapulmonary,1,19493
artefact,1,19494
wenckebach,1,19495
bigemini,1,19496
plasmacytoma,1,19497
dissipates,1,19498
deviations,1,19499
nantucket,1,19500
debra,1,19501
anderson,1,19502
recuperates,1,19503
tetraphosphate,1,19504
overworking,1,19505
altitudes,1,19506
airplanes,1,19507
odds,1,19508
acls,1,19509
thrombo,1,19510
foodstuff,1,19511
reticuloendothelial,1,19512
clinicopathologic,1,19513
fibroblast,1,19514
virchow,1,19515
triad,1,19516
precludes,1,19517
antithrombin,1,19518
fruitful,1,19519
elusive,1,19520
unanswered,1,19521
homicide,1,19522
refrigeration,1,19523
unfixed,1,19524
blond,1,19525
corneae,1,19526
frenula,1,19527
earring,1,19528
areolae,1,19529
cherries,1,19530
playboy,1,19531
bunny,1,19532
papas,1,19533
christ,1,19534
guadalupe,1,19535
naked,1,19536
marilyn,1,19537
monroe,1,19538
flames,1,19539
mermaid,1,19540
bacteriological,1,19541
atheromata,1,19542
cardiopathology,1,19543
sanguinous,1,19544
vermiform,1,19545
pseudomenbrane,1,19546
textbooks,1,19547
denotes,1,19548
conjunctive,1,19549
embalmed,1,19550
diagrams,1,19551
levi,1,19552
jeans,1,19553
canvas,1,19554
midlarynx,1,19555
undulating,1,19556
serrated,1,19557
rostral,1,19558
instance,1,19559
mingled,1,19560
clothed,1,19561
khaki,1,19562
twill,1,19563
cargo,1,19564
unblanching,1,19565
toxicological,1,19566
cannabinoids,1,19567
barbiturate,1,19568
monoxide,1,19569
flecks,1,19570
tache,1,19571
noire,1,19572
sunken,1,19573
pendulous,1,19574
macule,1,19575
shadows,1,19576
panniculus,1,19577
prong,1,19578
alveoli,1,19579
spleens,1,19580
maroon,1,19581
corticomedullary,1,19582
coned,1,19583
nabothian,1,19584
imbedded,1,19585
albicantia,1,19586
centrilobular,1,19587
steatosis,1,19588
textured,1,19589
wristband,1,19590
stripes,1,19591
affix,1,19592
crossbar,1,19593
closet,1,19594
swabbed,1,19595
variations,1,19596
fabric,1,19597
penetrates,1,19598
forcible,1,19599
edta,1,19600
immunoassay,1,19601
bracelet,1,19602
vancular,1,19603
clinocopatholigical,1,19604
asphyxia,1,19605
crosses,1,19606
parchment,1,19607
aggregates,1,19608
seventeen,1,19609
semifluid,1,19610
fourchette,1,19611
eighths,1,19612
semiliquid,1,19613
nonblanching,1,19614
exuding,1,19615
intrapulmonary,1,19616
subepicardial,1,19617
endocardium,1,19618
pliable,1,19619
golden,1,19620
surmounts,1,19621
